/*******************************************************************************
 * Size: 30 px
 * Bpp: 2
 * Opts: --bpp 2 --size 30 --no-compress --font DingTalk JinBuTi.ttf --symbols 1234567890zxcvbnmasdfghjklqwertyuiop[]';/.,#include "ap_vo.h
smgtrkyf/FRTOSq<>b*AG=1-;LVNDEC()WIH24MBUZ3:,0XYKjQz8{w}x[6]759&|?+P!%\~请学生定义目标分辨率显示模式控制宏持续刷新摄像头画面检测到人体后暂停时冻结保边框会被帧覆盖的间毫秒只在实果绘骨骼线条关键点坐姿状态正常趴桌撑驼背未知阈值部倾斜度肩膀躯干下垂相对高手臂支全局变量图象描述符签队列使能志计数器是否最当前有缓冲区扩展构角名称连接基于个每字表要两索引左右腿上直界查段完外用算法（考虑）达终矩形水平圆之中析提取臀各通过判断肘和腕势逻辑任务运行更转换为根据总尝试如红色，素粗细绿效半径蓝都开启存准备第一文本置信°输出位发送等待详搜非：超带跳采集创建已经需缩放执次系统动初始化获配主容域居屏幕方向移留空黑息深灰 --format lvgl -o font_dingding.c
 ******************************************************************************/

#include "lvgl.h"

#ifndef FONT_DINGDING
#define FONT_DINGDING 1
#endif

#if FONT_DINGDING

/*-----------------
 *    BITMAPS
 *----------------*/

/*Store the image of the glyphs*/
static LV_ATTRIBUTE_LARGE_CONST const uint8_t glyph_bitmap[] = {
    /* U+0020 " " */

    /* U+0021 "!" */
    0x3, 0xf8, 0xf, 0xd0, 0x3f, 0x40, 0xfc, 0x7,
    0xf0, 0x1f, 0xc0, 0x7f, 0x2, 0xf8, 0xb, 0xe0,
    0x3f, 0x40, 0xfd, 0x3, 0xf0, 0xf, 0xc0, 0x7f,
    0x1, 0xfc, 0xb, 0xe0, 0x0, 0x0, 0x0, 0x0,
    0x40, 0x1f, 0xd0, 0xbf, 0x83, 0xfd, 0x7, 0xe0,
    0x0,

    /* U+0022 "\"" */
    0x1a, 0x46, 0x93, 0xf4, 0xbe, 0x3f, 0x4f, 0xd3,
    0xf0, 0xfc, 0x3f, 0xf, 0xc3, 0xf0, 0xfc, 0x3e,
    0xf, 0x83, 0xd0, 0xf8,

    /* U+0023 "#" */
    0x0, 0x0, 0xb, 0xd0, 0xf, 0xc0, 0x0, 0x0,
    0xf, 0xc0, 0x1f, 0x80, 0x0, 0x0, 0x1f, 0xc0,
    0x3f, 0x40, 0x0, 0x0, 0x2f, 0x40, 0x3f, 0x0,
    0x0, 0x0, 0x3f, 0x0, 0x7e, 0x0, 0x0, 0x0,
    0x3f, 0x0, 0xbd, 0x0, 0x0, 0xff, 0xff, 0xff,
    0xff, 0xfc, 0x0, 0xff, 0xff, 0xff, 0xff, 0xf8,
    0x1, 0xff, 0xff, 0xff, 0xff, 0xf4, 0x0, 0x2,
    0xf8, 0x3, 0xf0, 0x0, 0x0, 0x3, 0xf0, 0x7,
    0xe0, 0x0, 0x0, 0x3, 0xf0, 0xb, 0xd0, 0x0,
    0x0, 0xb, 0xe0, 0xf, 0xc0, 0x0, 0x0, 0xf,
    0xc0, 0x1f, 0x80, 0x0, 0x1f, 0xff, 0xff, 0xff,
    0xff, 0x40, 0x2f, 0xff, 0xff, 0xff, 0xff, 0x0,
    0x3f, 0xff, 0xff, 0xff, 0xfe, 0x0, 0x0, 0x3f,
    0x0, 0xbd, 0x0, 0x0, 0x0, 0xbe, 0x0, 0xfc,
    0x0, 0x0, 0x0, 0xfc, 0x1, 0xf8, 0x0, 0x0,
    0x0, 0xfc, 0x2, 0xf4, 0x0, 0x0, 0x2, 0xf8,
    0x3, 0xf0, 0x0, 0x0, 0x3, 0xf0, 0x7, 0xe0,
    0x0, 0x0,

    /* U+0025 "%" */
    0x2, 0xff, 0x80, 0x0, 0x1f, 0xc0, 0xf, 0xff,
    0xf0, 0x0, 0x3f, 0x40, 0x3f, 0xab, 0xf0, 0x0,
    0xfe, 0x0, 0x3e, 0x1, 0xf4, 0x1, 0xfc, 0x0,
    0x7c, 0x1, 0xf4, 0x3, 0xf4, 0x0, 0xbc, 0x1,
    0xf4, 0xf, 0xe0, 0x0, 0xbc, 0x2, 0xf0, 0x1f,
    0xc0, 0x0, 0xfc, 0x3, 0xf0, 0x3f, 0x40, 0x0,
    0xbd, 0x7, 0xe0, 0xfe, 0x0, 0x0, 0x7f, 0xff,
    0xc1, 0xfc, 0x0, 0x0, 0x2f, 0xff, 0x43, 0xf4,
    0x0, 0x0, 0x1, 0x54, 0xf, 0xe0, 0x1a, 0x90,
    0x0, 0x0, 0x1f, 0xc1, 0xff, 0xfc, 0x0, 0x0,
    0x3f, 0x43, 0xff, 0xfd, 0x0, 0x0, 0xfe, 0xb,
    0xd0, 0x7e, 0x0, 0x1, 0xfc, 0xf, 0xc0, 0x3f,
    0x0, 0x3, 0xf4, 0xf, 0x80, 0x3f, 0x0, 0xf,
    0xe0, 0xf, 0x40, 0x3e, 0x0, 0x1f, 0xc0, 0x1f,
    0x40, 0x3e, 0x0, 0x3f, 0x40, 0x1f, 0x40, 0x7d,
    0x0, 0xfe, 0x0, 0xf, 0xd6, 0xfc, 0x2, 0xfc,
    0x0, 0xb, 0xff, 0xf4, 0x3, 0xf4, 0x0, 0x2,
    0xff, 0x80,

    /* U+0026 "&" */
    0x0, 0x1, 0xbf, 0xf9, 0x0, 0x0, 0x0, 0xb,
    0xff, 0xff, 0x40, 0x0, 0x0, 0x2f, 0xff, 0xff,
    0xc0, 0x0, 0x0, 0x3f, 0xe5, 0x7f, 0xd0, 0x0,
    0x0, 0xbf, 0x0, 0x1f, 0xd0, 0x0, 0x0, 0xff,
    0x0, 0xf, 0xd0, 0x0, 0x0, 0xff, 0x0, 0x5,
    0x40, 0x0, 0x0, 0xff, 0x0, 0x0, 0x0, 0x0,
    0x0, 0x7f, 0xc0, 0x0, 0x0, 0x0, 0x0, 0x2f,
    0xf0, 0x0, 0x2a, 0x0, 0x1, 0xbf, 0xfc, 0x0,
    0xff, 0x0, 0xb, 0xff, 0xff, 0x1, 0xfc, 0x0,
    0x2f, 0xf9, 0xff, 0xc3, 0xf8, 0x0, 0x3f, 0x80,
    0x3f, 0xfb, 0xf0, 0x0, 0x7f, 0x0, 0xf, 0xff,
    0xe0, 0x0, 0xbf, 0x0, 0x3, 0xff, 0xc0, 0x0,
    0xfe, 0x0, 0x0, 0xff, 0xc0, 0x0, 0xfe, 0x0,
    0x0, 0xff, 0xf0, 0x0, 0xff, 0x0, 0x3, 0xff,
    0xfc, 0x0, 0xff, 0xd5, 0x6f, 0xf7, 0xff, 0x0,
    0x7f, 0xff, 0xff, 0xe0, 0xff, 0xc0, 0x2f, 0xff,
    0xff, 0x80, 0x3f, 0xf0, 0x6, 0xff, 0xf8, 0x0,
    0xf, 0xfc,

    /* U+0027 "'" */
    0x1a, 0x4f, 0xd3, 0xf4, 0xfc, 0x3f, 0xf, 0xc3,
    0xe0, 0xf4,

    /* U+0028 "(" */
    0x0, 0x3, 0xf0, 0x0, 0x3f, 0x40, 0x2, 0xfc,
    0x0, 0xf, 0xc0, 0x0, 0xbe, 0x0, 0x7, 0xf0,
    0x0, 0x3f, 0x80, 0x0, 0xfc, 0x0, 0xb, 0xe0,
    0x0, 0x3f, 0x40, 0x1, 0xfc, 0x0, 0xb, 0xe0,
    0x0, 0x3f, 0x40, 0x0, 0xfd, 0x0, 0x3, 0xf0,
    0x0, 0xf, 0xc0, 0x0, 0x7f, 0x0, 0x1, 0xfc,
    0x0, 0x3, 0xf0, 0x0, 0xf, 0xc0, 0x0, 0x3f,
    0x0, 0x0, 0xfd, 0x0, 0x2, 0xf8, 0x0, 0x7,
    0xf0, 0x0, 0xf, 0xc0, 0x0, 0x3f, 0x40, 0x0,
    0x7f, 0x0, 0x0, 0xfd, 0x0, 0x2, 0xf8, 0x0,

    /* U+0029 ")" */
    0x0, 0xfe, 0x0, 0x1, 0xfc, 0x0, 0x3, 0xf4,
    0x0, 0xb, 0xf0, 0x0, 0x1f, 0xc0, 0x0, 0x3f,
    0x40, 0x0, 0xbe, 0x0, 0x1, 0xfc, 0x0, 0x7,
    0xf0, 0x0, 0xf, 0xc0, 0x0, 0x3f, 0x0, 0x0,
    0xfc, 0x0, 0x3, 0xf0, 0x0, 0xf, 0xc0, 0x0,
    0x3f, 0x0, 0x1, 0xfc, 0x0, 0xb, 0xe0, 0x0,
    0x3f, 0x40, 0x0, 0xfc, 0x0, 0x7, 0xf0, 0x0,
    0x3f, 0x80, 0x0, 0xfc, 0x0, 0xb, 0xe0, 0x0,
    0x3f, 0x0, 0x2, 0xf8, 0x0, 0x1f, 0xc0, 0x0,
    0xfd, 0x0, 0xb, 0xf0, 0x0, 0x3f, 0x0, 0x0,

    /* U+002A "*" */
    0x0, 0x0, 0x0, 0x0, 0x0, 0xbc, 0x0, 0x0,
    0xb, 0x80, 0x0, 0xe0, 0xf4, 0x24, 0x2f, 0x8f,
    0x1f, 0xc0, 0xbf, 0xff, 0xe4, 0x0, 0xbf, 0xe0,
    0x0, 0x1f, 0xfe, 0x0, 0x1f, 0xff, 0xfe, 0x3,
    0xf5, 0xe3, 0xf0, 0x28, 0x2e, 0xa, 0x0, 0x3,
    0xd0, 0x0, 0x0, 0x3d, 0x0, 0x0,

    /* U+002B "+" */
    0x0, 0x1, 0xfc, 0x0, 0x0, 0x0, 0xbf, 0x0,
    0x0, 0x0, 0x2f, 0xc0, 0x0, 0x0, 0xf, 0xf0,
    0x0, 0x0, 0x3, 0xf8, 0x0, 0x0, 0x0, 0xfe,
    0x0, 0x1, 0x55, 0x7f, 0x95, 0x50, 0xff, 0xff,
    0xff, 0xfc, 0x7f, 0xff, 0xff, 0xff, 0x1f, 0xff,
    0xff, 0xff, 0xc0, 0x0, 0xbf, 0x0, 0x0, 0x0,
    0x2f, 0xc0, 0x0, 0x0, 0xf, 0xe0, 0x0, 0x0,
    0x3, 0xf8, 0x0, 0x0, 0x0, 0xfe, 0x0, 0x0,
    0x0, 0x3f, 0x40, 0x0, 0x0, 0x1f, 0xd0, 0x0,
    0x0,

    /* U+002C "," */
    0x6, 0xa0, 0xbe, 0xf, 0xd0, 0xfc, 0x1f, 0x83,
    0xf0, 0x3f, 0x7, 0xd0,

    /* U+002D "-" */
    0x15, 0x55, 0x55, 0x53, 0xff, 0xff, 0xff, 0x3f,
    0xff, 0xff, 0xe3, 0xff, 0xff, 0xfe,

    /* U+002E "." */
    0x5, 0x2, 0xfc, 0x3f, 0xc3, 0xfc, 0x2f, 0x40,

    /* U+002F "/" */
    0x0, 0x0, 0x7, 0xf0, 0x0, 0x0, 0x3f, 0x40,
    0x0, 0x0, 0xfc, 0x0, 0x0, 0xb, 0xe0, 0x0,
    0x0, 0x3f, 0x0, 0x0, 0x2, 0xf8, 0x0, 0x0,
    0xf, 0xd0, 0x0, 0x0, 0x7f, 0x0, 0x0, 0x3,
    0xf4, 0x0, 0x0, 0x1f, 0xc0, 0x0, 0x0, 0xfd,
    0x0, 0x0, 0x7, 0xf0, 0x0, 0x0, 0x2f, 0x80,
    0x0, 0x0, 0xfc, 0x0, 0x0, 0xb, 0xe0, 0x0,
    0x0, 0x3f, 0x0, 0x0, 0x2, 0xfc, 0x0, 0x0,
    0xf, 0xd0, 0x0, 0x0, 0x7f, 0x0, 0x0, 0x3,
    0xf4, 0x0, 0x0, 0x1f, 0xc0, 0x0, 0x0, 0xfe,
    0x0, 0x0, 0x3, 0xf0, 0x0, 0x0, 0x0,

    /* U+0030 "0" */
    0x0, 0x6, 0xff, 0xe4, 0x0, 0x3, 0xff, 0xff,
    0xf0, 0x0, 0xff, 0xff, 0xff, 0xc0, 0x3f, 0xf5,
    0x5b, 0xfd, 0x7, 0xf8, 0x0, 0x1f, 0xe0, 0xff,
    0x0, 0x0, 0xff, 0xf, 0xd0, 0x0, 0xf, 0xf1,
    0xfc, 0x0, 0x0, 0xff, 0x2f, 0xc0, 0x0, 0xf,
    0xe2, 0xfc, 0x0, 0x0, 0xfe, 0x3f, 0x80, 0x0,
    0xf, 0xe3, 0xf8, 0x0, 0x0, 0xfd, 0x3f, 0x40,
    0x0, 0x1f, 0xd3, 0xf4, 0x0, 0x1, 0xfc, 0x7f,
    0x0, 0x0, 0x2f, 0xc7, 0xf0, 0x0, 0x2, 0xfc,
    0x7f, 0x0, 0x0, 0x3f, 0x87, 0xf4, 0x0, 0x7,
    0xf4, 0x3f, 0xc0, 0x0, 0xff, 0x3, 0xff, 0x55,
    0xbf, 0xd0, 0x1f, 0xff, 0xff, 0xf8, 0x0, 0xbf,
    0xff, 0xfe, 0x0, 0x0, 0xbf, 0xfe, 0x0, 0x0,

    /* U+0031 "1" */
    0x0, 0x1f, 0xe0, 0x1f, 0xfd, 0x1f, 0xff, 0xd7,
    0xff, 0xfc, 0xbf, 0xaf, 0xcb, 0x82, 0xfc, 0x40,
    0x2f, 0xc0, 0x3, 0xfc, 0x0, 0x3f, 0x80, 0x3,
    0xf8, 0x0, 0x3f, 0x40, 0x3, 0xf4, 0x0, 0x7f,
    0x0, 0x7, 0xf0, 0x0, 0xbf, 0x0, 0xb, 0xf0,
    0x0, 0xfe, 0x0, 0xf, 0xe0, 0x0, 0xfd, 0x0,
    0xf, 0xd0, 0x1, 0xfc, 0x0, 0x1f, 0xc0, 0x2,
    0xfc, 0x0,

    /* U+0032 "2" */
    0x1, 0xbf, 0xfe, 0x40, 0x2, 0xff, 0xff, 0xf0,
    0x2, 0xff, 0xff, 0xfc, 0x2, 0xa5, 0x5b, 0xfd,
    0x0, 0x0, 0x1, 0xfe, 0x0, 0x0, 0x0, 0xff,
    0x0, 0x0, 0x0, 0xbf, 0x0, 0x0, 0x0, 0xfe,
    0x0, 0x0, 0x1, 0xfd, 0x0, 0x0, 0x3, 0xfc,
    0x0, 0x0, 0x2f, 0xf4, 0x0, 0x2, 0xff, 0xd0,
    0x0, 0x2f, 0xff, 0x0, 0x0, 0xbf, 0xf4, 0x0,
    0x3, 0xff, 0x40, 0x0, 0xb, 0xf8, 0x0, 0x0,
    0x1f, 0xd0, 0x0, 0x0, 0x2f, 0xc0, 0x0, 0x0,
    0x3f, 0x40, 0x0, 0x0, 0x3f, 0x95, 0x55, 0x50,
    0x7f, 0xff, 0xff, 0xf0, 0xbf, 0xff, 0xff, 0xf0,
    0xbf, 0xff, 0xff, 0xf0,

    /* U+0033 "3" */
    0xb, 0xff, 0xfe, 0x0, 0xb, 0xff, 0xff, 0xe0,
    0xf, 0xff, 0xff, 0xf4, 0x5, 0x55, 0x5f, 0xfc,
    0x0, 0x0, 0x3, 0xfc, 0x0, 0x0, 0x1, 0xfc,
    0x0, 0x0, 0x1, 0xfc, 0x0, 0x0, 0x2, 0xfc,
    0x0, 0x0, 0x3, 0xf8, 0x0, 0x55, 0x6f, 0xf0,
    0x1, 0xff, 0xff, 0xc0, 0x2, 0xff, 0xff, 0x80,
    0x2, 0xff, 0xff, 0xe0, 0x0, 0x0, 0x1f, 0xf0,
    0x0, 0x0, 0x3, 0xf4, 0x0, 0x0, 0x3, 0xf8,
    0x0, 0x0, 0x3, 0xf8, 0x0, 0x0, 0x7, 0xf4,
    0x0, 0x0, 0xf, 0xf0, 0x65, 0x55, 0xbf, 0xf0,
    0xbf, 0xff, 0xff, 0xc0, 0xbf, 0xff, 0xff, 0x0,
    0xbf, 0xff, 0xe4, 0x0,

    /* U+0034 "4" */
    0x0, 0x3f, 0x80, 0xff, 0x0, 0xf, 0xd0, 0x3f,
    0x80, 0xb, 0xf0, 0xf, 0xe0, 0x3, 0xf8, 0x3,
    0xf4, 0x0, 0xfd, 0x0, 0xfd, 0x0, 0xbf, 0x0,
    0x7f, 0x0, 0x3f, 0x80, 0x1f, 0xc0, 0xf, 0xd0,
    0xb, 0xf0, 0xb, 0xf0, 0x2, 0xfc, 0x3, 0xfc,
    0x0, 0xfe, 0x0, 0xfd, 0x0, 0x3f, 0x80, 0xbf,
    0x0, 0xf, 0xd0, 0x3f, 0xc0, 0x3, 0xf4, 0xf,
    0xe0, 0x1, 0xfc, 0xb, 0xff, 0xff, 0xff, 0xfa,
    0xff, 0xff, 0xff, 0xfe, 0xff, 0xff, 0xff, 0xff,
    0x55, 0x55, 0x57, 0xfd, 0x40, 0x0, 0x0, 0xfe,
    0x0, 0x0, 0x0, 0x3f, 0x40, 0x0, 0x0, 0xf,
    0xd0, 0x0, 0x0, 0x7, 0xf0, 0x0, 0x0, 0x1,
    0xfc, 0x0,

    /* U+0035 "5" */
    0x1, 0xff, 0xff, 0xfd, 0x2, 0xff, 0xff, 0xfd,
    0x2, 0xff, 0xff, 0xfd, 0x3, 0xfd, 0x55, 0x54,
    0x3, 0xf8, 0x0, 0x0, 0x3, 0xf8, 0x0, 0x0,
    0x3, 0xf4, 0x0, 0x0, 0x7, 0xf4, 0x0, 0x0,
    0x7, 0xf0, 0x0, 0x0, 0xb, 0xff, 0xfe, 0x0,
    0xb, 0xff, 0xff, 0xe0, 0xf, 0xff, 0xff, 0xf4,
    0x5, 0x55, 0x5f, 0xfc, 0x0, 0x0, 0x3, 0xfc,
    0x0, 0x0, 0x2, 0xfc, 0x0, 0x0, 0x1, 0xfc,
    0x0, 0x0, 0x2, 0xfc, 0x0, 0x0, 0x3, 0xfc,
    0x0, 0x0, 0x7, 0xf8, 0x19, 0x55, 0x6f, 0xf4,
    0x3f, 0xff, 0xff, 0xe0, 0x3f, 0xff, 0xff, 0x80,
    0x2f, 0xff, 0xe4, 0x0,

    /* U+0036 "6" */
    0x0, 0x0, 0x6f, 0xfd, 0x0, 0xb, 0xff, 0xfd,
    0x0, 0x3f, 0xff, 0xfd, 0x0, 0xff, 0xe9, 0x54,
    0x3, 0xfe, 0x0, 0x0, 0x7, 0xf4, 0x0, 0x0,
    0xf, 0xe0, 0x0, 0x0, 0xf, 0xc0, 0x0, 0x0,
    0x1f, 0xc0, 0x0, 0x0, 0x2f, 0xff, 0xff, 0xe0,
    0x2f, 0xff, 0xff, 0xfc, 0x3f, 0xff, 0xff, 0xfd,
    0x3f, 0xd0, 0x1, 0xfe, 0x3f, 0x80, 0x0, 0xbf,
    0x3f, 0x0, 0x0, 0xbf, 0x3f, 0x0, 0x0, 0xbe,
    0x7f, 0x0, 0x0, 0xbe, 0x7f, 0x0, 0x0, 0xfd,
    0x3f, 0x40, 0x1, 0xfc, 0x3f, 0xe5, 0x5f, 0xfc,
    0x2f, 0xff, 0xff, 0xf4, 0xb, 0xff, 0xff, 0xd0,
    0x1, 0xbf, 0xfd, 0x0,

    /* U+0037 "7" */
    0x3f, 0xff, 0xff, 0xfd, 0x7f, 0xff, 0xff, 0xfd,
    0x7f, 0xff, 0xff, 0xfc, 0x15, 0x55, 0x5b, 0xf8,
    0x0, 0x0, 0xf, 0xf0, 0x0, 0x0, 0x1f, 0xe0,
    0x0, 0x0, 0x3f, 0xc0, 0x0, 0x0, 0x7f, 0x80,
    0x0, 0x0, 0xff, 0x0, 0x0, 0x1, 0xfe, 0x0,
    0x0, 0x3, 0xfc, 0x0, 0x0, 0x7, 0xf8, 0x0,
    0x0, 0xf, 0xf0, 0x0, 0x0, 0x1f, 0xd0, 0x0,
    0x0, 0x3f, 0xc0, 0x0, 0x0, 0xbf, 0x40, 0x0,
    0x0, 0xff, 0x0, 0x0, 0x2, 0xfd, 0x0, 0x0,
    0x3, 0xfc, 0x0, 0x0, 0xb, 0xf4, 0x0, 0x0,
    0xf, 0xf0, 0x0, 0x0, 0x2f, 0xd0, 0x0, 0x0,
    0x3f, 0xc0, 0x0, 0x0,

    /* U+0038 "8" */
    0x0, 0x6, 0xff, 0xf4, 0x0, 0x7, 0xff, 0xff,
    0xf0, 0x1, 0xff, 0xff, 0xff, 0xc0, 0x3f, 0xe5,
    0x5b, 0xfd, 0x7, 0xf4, 0x0, 0x1f, 0xd0, 0xbf,
    0x0, 0x0, 0xfe, 0xf, 0xe0, 0x0, 0xf, 0xd0,
    0xfe, 0x0, 0x1, 0xfd, 0xf, 0xf0, 0x0, 0x2f,
    0xc0, 0x7f, 0x80, 0xb, 0xf4, 0x2, 0xff, 0xff,
    0xfd, 0x0, 0x1f, 0xff, 0xff, 0x80, 0xb, 0xff,
    0xff, 0xff, 0x2, 0xfe, 0x0, 0xb, 0xf8, 0x3f,
    0x40, 0x0, 0x3f, 0xcb, 0xf0, 0x0, 0x2, 0xfc,
    0xfe, 0x0, 0x0, 0x2f, 0xcf, 0xe0, 0x0, 0x3,
    0xfc, 0xff, 0x0, 0x0, 0xbf, 0x8b, 0xfe, 0x55,
    0x7f, 0xf0, 0x7f, 0xff, 0xff, 0xfd, 0x1, 0xff,
    0xff, 0xff, 0x40, 0x2, 0xff, 0xfe, 0x40, 0x0,

    /* U+0039 "9" */
    0x0, 0x2f, 0xff, 0x80, 0x0, 0xbf, 0xff, 0xfd,
    0x0, 0xbf, 0xff, 0xff, 0xc0, 0x3f, 0xe5, 0x5b,
    0xf8, 0x1f, 0xc0, 0x0, 0xbf, 0xb, 0xe0, 0x0,
    0x1f, 0xc3, 0xf4, 0x0, 0x3, 0xf0, 0xfd, 0x0,
    0x1, 0xfc, 0x3f, 0x40, 0x0, 0x7f, 0xf, 0xd0,
    0x0, 0x3f, 0xc3, 0xfd, 0x0, 0x2f, 0xe0, 0xbf,
    0xff, 0xff, 0xf8, 0xf, 0xff, 0xff, 0xfd, 0x0,
    0xbf, 0xff, 0xbf, 0x0, 0x0, 0x0, 0x1f, 0xc0,
    0x0, 0x0, 0xb, 0xf0, 0x0, 0x0, 0x3, 0xf4,
    0x0, 0x0, 0x2, 0xfc, 0x0, 0x0, 0x2, 0xfe,
    0x0, 0x15, 0x6f, 0xff, 0x0, 0x2f, 0xff, 0xff,
    0x0, 0xb, 0xff, 0xfd, 0x0, 0x2, 0xff, 0xe4,
    0x0, 0x0,

    /* U+003A ":" */
    0x2, 0xf4, 0x1f, 0xf0, 0xbf, 0x81, 0xfd, 0x0,
    0x40, 0x0, 0x0, 0x0, 0x0, 0x0, 0x0, 0x0,
    0x0, 0x0, 0x0, 0x0, 0x0, 0x5, 0x0, 0xbf,
    0x3, 0xfc, 0xf, 0xf0, 0x2f, 0x40,

    /* U+003B ";" */
    0x1, 0xf8, 0x3, 0xfc, 0x3, 0xfc, 0x3, 0xf8,
    0x0, 0x50, 0x0, 0x0, 0x0, 0x0, 0x0, 0x0,
    0x0, 0x0, 0x0, 0x0, 0x0, 0x0, 0x0, 0x0,
    0x0, 0x0, 0x6, 0xa0, 0xb, 0xe0, 0xf, 0xd0,
    0xf, 0xc0, 0x1f, 0x80, 0x3f, 0x0, 0x3f, 0x0,
    0x7d, 0x0,

    /* U+003C "<" */
    0x0, 0x0, 0x0, 0x0, 0x0, 0x0, 0x0, 0x0,
    0x1a, 0x0, 0x0, 0x0, 0x2f, 0xd0, 0x0, 0x0,
    0x6f, 0xfd, 0x0, 0x0, 0xbf, 0xff, 0x80, 0x1,
    0xff, 0xff, 0x80, 0x2, 0xff, 0xfe, 0x40, 0x3,
    0xff, 0xfd, 0x0, 0x0, 0x7f, 0xf9, 0x0, 0x0,
    0x7, 0xfe, 0x0, 0x0, 0x0, 0xbf, 0xfe, 0x0,
    0x0, 0x2, 0xff, 0xff, 0x40, 0x0, 0x1, 0xff,
    0xff, 0x40, 0x0, 0x1, 0xbf, 0xff, 0x80, 0x0,
    0x0, 0xbf, 0xff, 0x0, 0x0, 0x0, 0x7f, 0xf0,
    0x0, 0x0, 0x0, 0x6f, 0x0, 0x0, 0x0, 0x0,
    0x10,

    /* U+003D "=" */
    0x15, 0x55, 0x55, 0x55, 0x43, 0xff, 0xff, 0xff,
    0xfc, 0x3f, 0xff, 0xff, 0xff, 0xc3, 0xff, 0xff,
    0xff, 0xfc, 0x0, 0x0, 0x0, 0x0, 0x0, 0x0,
    0x0, 0x0, 0x0, 0x0, 0x0, 0x0, 0x0, 0x5,
    0x55, 0x55, 0x55, 0x50, 0xbf, 0xff, 0xff, 0xff,
    0x4f, 0xff, 0xff, 0xff, 0xf0, 0xff, 0xff, 0xff,
    0xff, 0x0,

    /* U+003E ">" */
    0x0, 0x0, 0x0, 0x0, 0x0, 0x74, 0x0, 0x0,
    0x0, 0xb, 0xf4, 0x0, 0x0, 0x0, 0xbf, 0xf8,
    0x0, 0x0, 0x7, 0xff, 0xfd, 0x0, 0x0, 0x7,
    0xff, 0xfd, 0x0, 0x0, 0x6, 0xff, 0xfe, 0x0,
    0x0, 0x2, 0xff, 0xfe, 0x0, 0x0, 0x1, 0xff,
    0xf0, 0x0, 0x0, 0x7, 0xfe, 0x0, 0x0, 0xb,
    0xff, 0xe0, 0x0, 0x1f, 0xff, 0xf4, 0x0, 0x6f,
    0xff, 0xe0, 0x0, 0x7f, 0xff, 0xd0, 0x0, 0x3f,
    0xff, 0x80, 0x0, 0x3, 0xfe, 0x40, 0x0, 0x0,
    0x3e, 0x0, 0x0, 0x0, 0x1, 0x0, 0x0, 0x0,
    0x0,

    /* U+003F "?" */
    0x6f, 0xff, 0x90, 0x2f, 0xff, 0xff, 0x4f, 0xff,
    0xff, 0xf2, 0xa5, 0x5b, 0xfd, 0x0, 0x0, 0x7f,
    0x80, 0x0, 0xf, 0xe0, 0x0, 0x3, 0xf4, 0x0,
    0x2, 0xfc, 0x0, 0x3, 0xfe, 0x0, 0xb, 0xfe,
    0x0, 0xf, 0xfd, 0x0, 0xf, 0xf8, 0x0, 0x3,
    0xf4, 0x0, 0x1, 0xfc, 0x0, 0x0, 0xbe, 0x0,
    0x0, 0x1a, 0x40, 0x0, 0x0, 0x0, 0x0, 0x0,
    0x0, 0x0, 0x0, 0x10, 0x0, 0x0, 0x7f, 0x40,
    0x0, 0x2f, 0xe0, 0x0, 0xb, 0xf4, 0x0, 0x1,
    0xf8, 0x0, 0x0,

    /* U+0041 "A" */
    0x0, 0x0, 0x1f, 0xff, 0xd0, 0x0, 0x0, 0x3,
    0xff, 0xff, 0x0, 0x0, 0x0, 0x7f, 0xff, 0xf0,
    0x0, 0x0, 0xf, 0xf5, 0xbf, 0x0, 0x0, 0x0,
    0xfe, 0x3, 0xf4, 0x0, 0x0, 0x2f, 0xc0, 0x3f,
    0x40, 0x0, 0x3, 0xf8, 0x3, 0xf8, 0x0, 0x0,
    0x7f, 0x40, 0x3f, 0xc0, 0x0, 0xf, 0xf0, 0x2,
    0xfc, 0x0, 0x0, 0xfe, 0x0, 0x1f, 0xc0, 0x0,
    0x2f, 0xc0, 0x1, 0xfd, 0x0, 0x3, 0xfc, 0x0,
    0xf, 0xd0, 0x0, 0x7f, 0x40, 0x0, 0xfe, 0x0,
    0xf, 0xff, 0xff, 0xff, 0xf0, 0x0, 0xff, 0xff,
    0xff, 0xff, 0x0, 0x2f, 0xff, 0xff, 0xff, 0xf0,
    0x3, 0xfd, 0x55, 0x55, 0xbf, 0x0, 0x7f, 0x40,
    0x0, 0x7, 0xf4, 0xf, 0xf0, 0x0, 0x0, 0x3f,
    0x80, 0xfe, 0x0, 0x0, 0x3, 0xf8, 0x2f, 0xc0,
    0x0, 0x0, 0x3f, 0xc3, 0xfc, 0x0, 0x0, 0x2,
    0xfc, 0x7f, 0x40, 0x0, 0x0, 0x2f, 0xc0,

    /* U+0042 "B" */
    0x3, 0xff, 0xff, 0xf9, 0x0, 0x1f, 0xff, 0xff,
    0xfe, 0x0, 0x7f, 0xff, 0xff, 0xfd, 0x2, 0xfc,
    0x0, 0x1b, 0xfc, 0xb, 0xf0, 0x0, 0xf, 0xf0,
    0x3f, 0xc0, 0x0, 0x2f, 0xc0, 0xfe, 0x0, 0x0,
    0xbf, 0x3, 0xf8, 0x0, 0x3, 0xfc, 0xf, 0xd0,
    0x0, 0xf, 0xd0, 0x3f, 0x40, 0x6, 0xff, 0x1,
    0xff, 0xff, 0xff, 0xf0, 0x7, 0xff, 0xff, 0xff,
    0xd0, 0x2f, 0xff, 0xff, 0xff, 0xd0, 0xbf, 0x0,
    0x0, 0xbf, 0xc3, 0xf8, 0x0, 0x0, 0xbf, 0xf,
    0xe0, 0x0, 0x1, 0xfc, 0x3f, 0x40, 0x0, 0xb,
    0xf0, 0xfd, 0x0, 0x0, 0x2f, 0xc7, 0xf0, 0x0,
    0x1, 0xfe, 0x1f, 0xd5, 0x55, 0x6f, 0xf0, 0xbf,
    0xff, 0xff, 0xff, 0x82, 0xff, 0xff, 0xff, 0xf4,
    0xf, 0xff, 0xff, 0xf9, 0x0, 0x0,

    /* U+0043 "C" */
    0x0, 0x2, 0xff, 0xff, 0xf0, 0x2, 0xff, 0xff,
    0xfe, 0x0, 0xff, 0xff, 0xff, 0xe0, 0x3f, 0xf9,
    0x55, 0x54, 0x7, 0xfc, 0x0, 0x0, 0x0, 0xff,
    0x0, 0x0, 0x0, 0xf, 0xe0, 0x0, 0x0, 0x1,
    0xfc, 0x0, 0x0, 0x0, 0x2f, 0xc0, 0x0, 0x0,
    0x3, 0xfc, 0x0, 0x0, 0x0, 0x3f, 0x80, 0x0,
    0x0, 0x3, 0xf8, 0x0, 0x0, 0x0, 0x3f, 0x40,
    0x0, 0x0, 0x3, 0xf4, 0x0, 0x0, 0x0, 0x7f,
    0x0, 0x0, 0x0, 0x7, 0xf0, 0x0, 0x0, 0x0,
    0x7f, 0x40, 0x0, 0x0, 0x7, 0xf8, 0x0, 0x0,
    0x0, 0x3f, 0xd0, 0x0, 0x0, 0x2, 0xff, 0xe5,
    0x55, 0x50, 0xf, 0xff, 0xff, 0xff, 0x0, 0x7f,
    0xff, 0xff, 0xf0, 0x0, 0x6f, 0xff, 0xfe, 0x0,

    /* U+0044 "D" */
    0x3, 0xff, 0xff, 0xfe, 0x0, 0x7, 0xff, 0xff,
    0xff, 0xe0, 0x7, 0xff, 0xff, 0xff, 0xf8, 0xb,
    0xf5, 0x55, 0x5f, 0xfc, 0xb, 0xf0, 0x0, 0x2,
    0xfe, 0xf, 0xf0, 0x0, 0x0, 0xfe, 0xf, 0xe0,
    0x0, 0x0, 0xff, 0xf, 0xe0, 0x0, 0x0, 0xbf,
    0xf, 0xd0, 0x0, 0x0, 0xbf, 0xf, 0xd0, 0x0,
    0x0, 0xfe, 0x1f, 0xc0, 0x0, 0x0, 0xfe, 0x1f,
    0xc0, 0x0, 0x0, 0xfe, 0x2f, 0xc0, 0x0, 0x0,
    0xfd, 0x2f, 0xc0, 0x0, 0x1, 0xfd, 0x3f, 0x80,
    0x0, 0x1, 0xfc, 0x3f, 0x80, 0x0, 0x2, 0xfc,
    0x3f, 0x40, 0x0, 0x3, 0xf8, 0x3f, 0x40, 0x0,
    0xb, 0xf4, 0x7f, 0x0, 0x0, 0x1f, 0xf0, 0x7f,
    0x55, 0x56, 0xff, 0xd0, 0xbf, 0xff, 0xff, 0xff,
    0x40, 0xbf, 0xff, 0xff, 0xfd, 0x0, 0xff, 0xff,
    0xff, 0x90, 0x0,

    /* U+0045 "E" */
    0x3, 0xff, 0xff, 0xff, 0xd0, 0x7f, 0xff, 0xff,
    0xfc, 0x7, 0xff, 0xff, 0xff, 0xc0, 0xbf, 0x55,
    0x55, 0x54, 0xb, 0xf0, 0x0, 0x0, 0x0, 0xff,
    0x0, 0x0, 0x0, 0xf, 0xe0, 0x0, 0x0, 0x0,
    0xfe, 0x0, 0x0, 0x0, 0xf, 0xd0, 0x0, 0x0,
    0x0, 0xfd, 0x55, 0x55, 0x0, 0x1f, 0xff, 0xff,
    0xfc, 0x1, 0xff, 0xff, 0xff, 0x80, 0x2f, 0xff,
    0xff, 0xf8, 0x2, 0xfc, 0x0, 0x0, 0x0, 0x3f,
    0x80, 0x0, 0x0, 0x3, 0xf8, 0x0, 0x0, 0x0,
    0x3f, 0x40, 0x0, 0x0, 0x3, 0xf4, 0x0, 0x0,
    0x0, 0x7f, 0x0, 0x0, 0x0, 0x7, 0xf5, 0x55,
    0x55, 0x40, 0xbf, 0xff, 0xff, 0xfc, 0xb, 0xff,
    0xff, 0xff, 0xc0, 0xff, 0xff, 0xff, 0xfc, 0x0,

    /* U+0046 "F" */
    0x3, 0xff, 0xff, 0xff, 0xe0, 0x7f, 0xff, 0xff,
    0xfd, 0x7, 0xff, 0xff, 0xff, 0xd0, 0xbf, 0x55,
    0x55, 0x54, 0xb, 0xf0, 0x0, 0x0, 0x0, 0xff,
    0x0, 0x0, 0x0, 0xf, 0xe0, 0x0, 0x0, 0x0,
    0xfe, 0x0, 0x0, 0x0, 0xf, 0xd0, 0x0, 0x0,
    0x0, 0xfd, 0x0, 0x0, 0x0, 0x1f, 0xff, 0xff,
    0xfd, 0x1, 0xff, 0xff, 0xff, 0xc0, 0x2f, 0xff,
    0xff, 0xfc, 0x2, 0xfd, 0x55, 0x55, 0x40, 0x3f,
    0x80, 0x0, 0x0, 0x3, 0xf8, 0x0, 0x0, 0x0,
    0x3f, 0x40, 0x0, 0x0, 0x3, 0xf4, 0x0, 0x0,
    0x0, 0x7f, 0x0, 0x0, 0x0, 0x7, 0xf0, 0x0,
    0x0, 0x0, 0xbf, 0x0, 0x0, 0x0, 0xb, 0xf0,
    0x0, 0x0, 0x0, 0xfe, 0x0, 0x0, 0x0, 0x0,

    /* U+0047 "G" */
    0x0, 0x1, 0xbf, 0xff, 0xfd, 0x0, 0x2f, 0xff,
    0xff, 0xfd, 0x0, 0xff, 0xff, 0xff, 0xfc, 0x3,
    0xff, 0xe5, 0x55, 0x54, 0x7, 0xfc, 0x0, 0x0,
    0x0, 0xf, 0xf0, 0x0, 0x0, 0x0, 0xf, 0xe0,
    0x0, 0x0, 0x0, 0x1f, 0xc0, 0x0, 0x0, 0x0,
    0x2f, 0xc0, 0x0, 0x0, 0x0, 0x3f, 0xc0, 0x0,
    0x0, 0x0, 0x3f, 0x80, 0xf, 0xff, 0xfc, 0x3f,
    0x80, 0xf, 0xff, 0xf8, 0x3f, 0x40, 0xf, 0xff,
    0xf8, 0x3f, 0x40, 0x5, 0x57, 0xf4, 0x7f, 0x0,
    0x0, 0x3, 0xf4, 0x7f, 0x0, 0x0, 0x7, 0xf4,
    0x7f, 0x40, 0x0, 0x7, 0xf0, 0x7f, 0x80, 0x0,
    0xb, 0xf0, 0x3f, 0xd0, 0x0, 0xb, 0xf0, 0x2f,
    0xfa, 0x55, 0x5f, 0xf0, 0xf, 0xff, 0xff, 0xff,
    0xe0, 0x3, 0xff, 0xff, 0xff, 0xe0, 0x0, 0x6f,
    0xff, 0xfe, 0x80,

    /* U+0048 "H" */
    0x3, 0xf4, 0x0, 0x0, 0x3f, 0xc1, 0xfd, 0x0,
    0x0, 0xf, 0xe0, 0x7f, 0x0, 0x0, 0x3, 0xf8,
    0x2f, 0xc0, 0x0, 0x0, 0xfd, 0xb, 0xf0, 0x0,
    0x0, 0x3f, 0x43, 0xfc, 0x0, 0x0, 0x1f, 0xc0,
    0xfe, 0x0, 0x0, 0x7, 0xf0, 0x3f, 0x80, 0x0,
    0x2, 0xfc, 0xf, 0xd0, 0x0, 0x0, 0xbf, 0x3,
    0xf9, 0x55, 0x55, 0x7f, 0x81, 0xff, 0xff, 0xff,
    0xff, 0xe0, 0x7f, 0xff, 0xff, 0xff, 0xf4, 0x2f,
    0xff, 0xff, 0xff, 0xfd, 0xb, 0xf0, 0x0, 0x0,
    0x7f, 0x3, 0xf8, 0x0, 0x0, 0x1f, 0xc0, 0xfe,
    0x0, 0x0, 0xb, 0xf0, 0x3f, 0x40, 0x0, 0x2,
    0xfc, 0xf, 0xd0, 0x0, 0x0, 0xfe, 0x7, 0xf0,
    0x0, 0x0, 0x3f, 0x81, 0xfc, 0x0, 0x0, 0xf,
    0xd0, 0xbf, 0x0, 0x0, 0x3, 0xf4, 0x2f, 0xc0,
    0x0, 0x1, 0xfd, 0xf, 0xe0, 0x0, 0x0, 0x7f,
    0x0,

    /* U+0049 "I" */
    0x3, 0xf4, 0x1f, 0xd0, 0x7f, 0x2, 0xfc, 0xb,
    0xf0, 0x3f, 0xc0, 0xfe, 0x3, 0xf8, 0xf, 0xd0,
    0x3f, 0x41, 0xfc, 0x7, 0xf0, 0x2f, 0xc0, 0xbf,
    0x3, 0xf8, 0xf, 0xe0, 0x3f, 0x40, 0xfd, 0x7,
    0xf0, 0x1f, 0xc0, 0xbf, 0x2, 0xfc, 0xf, 0xe0,
    0x0,

    /* U+004B "K" */
    0x3, 0xf4, 0x0, 0x7, 0xfe, 0x1, 0xfd, 0x0,
    0x7, 0xfe, 0x0, 0x7f, 0x0, 0x7, 0xfe, 0x0,
    0x2f, 0xc0, 0x7, 0xfe, 0x0, 0xb, 0xf0, 0x7,
    0xfe, 0x0, 0x3, 0xfc, 0x7, 0xfd, 0x0, 0x0,
    0xfe, 0x7, 0xfd, 0x0, 0x0, 0x3f, 0x87, 0xfd,
    0x0, 0x0, 0xf, 0xd7, 0xfd, 0x0, 0x0, 0x3,
    0xfb, 0xfd, 0x0, 0x0, 0x1, 0xff, 0xfd, 0x0,
    0x0, 0x0, 0x7f, 0xfe, 0x0, 0x0, 0x0, 0x2f,
    0xff, 0xd0, 0x0, 0x0, 0xb, 0xf7, 0xfd, 0x0,
    0x0, 0x3, 0xf8, 0xbf, 0xc0, 0x0, 0x0, 0xfe,
    0xb, 0xfc, 0x0, 0x0, 0x3f, 0x40, 0xff, 0xc0,
    0x0, 0xf, 0xd0, 0xf, 0xf8, 0x0, 0x7, 0xf0,
    0x1, 0xff, 0x40, 0x1, 0xfc, 0x0, 0x1f, 0xf4,
    0x0, 0xbf, 0x0, 0x2, 0xff, 0x0, 0x2f, 0xc0,
    0x0, 0x3f, 0xf0, 0xf, 0xe0, 0x0, 0x3, 0xff,
    0x0,

    /* U+004C "L" */
    0x3, 0xf4, 0x0, 0x0, 0x7, 0xf4, 0x0, 0x0,
    0x7, 0xf0, 0x0, 0x0, 0xb, 0xf0, 0x0, 0x0,
    0xb, 0xf0, 0x0, 0x0, 0xf, 0xf0, 0x0, 0x0,
    0xf, 0xe0, 0x0, 0x0, 0xf, 0xe0, 0x0, 0x0,
    0xf, 0xd0, 0x0, 0x0, 0xf, 0xd0, 0x0, 0x0,
    0x1f, 0xc0, 0x0, 0x0, 0x1f, 0xc0, 0x0, 0x0,
    0x2f, 0xc0, 0x0, 0x0, 0x2f, 0xc0, 0x0, 0x0,
    0x3f, 0x80, 0x0, 0x0, 0x3f, 0x80, 0x0, 0x0,
    0x3f, 0x40, 0x0, 0x0, 0x3f, 0x40, 0x0, 0x0,
    0x7f, 0x0, 0x0, 0x0, 0x7f, 0x55, 0x55, 0x55,
    0xbf, 0xff, 0xff, 0xfe, 0xbf, 0xff, 0xff, 0xfe,
    0xff, 0xff, 0xff, 0xfd,

    /* U+004D "M" */
    0x3, 0xfc, 0x0, 0x0, 0x0, 0x3f, 0xc0, 0x7f,
    0xc0, 0x0, 0x0, 0x7, 0xfc, 0x7, 0xfd, 0x0,
    0x0, 0x0, 0xff, 0xc0, 0xbf, 0xe0, 0x0, 0x0,
    0x1f, 0xfc, 0xb, 0xff, 0x0, 0x0, 0x3, 0xff,
    0x80, 0xff, 0xf0, 0x0, 0x0, 0x7f, 0xf8, 0xf,
    0xff, 0x80, 0x0, 0xf, 0xff, 0x40, 0xfe, 0xfc,
    0x0, 0x1, 0xff, 0xf4, 0xf, 0xdf, 0xc0, 0x0,
    0x3f, 0x7f, 0x40, 0xfc, 0xfd, 0x0, 0x7, 0xf3,
    0xf0, 0x1f, 0xcb, 0xe0, 0x0, 0xfd, 0x3f, 0x1,
    0xfc, 0x7f, 0x0, 0x1f, 0xc7, 0xf0, 0x2f, 0x83,
    0xf0, 0x3, 0xf4, 0x7f, 0x2, 0xf8, 0x3f, 0x40,
    0x7f, 0xb, 0xe0, 0x3f, 0x42, 0xf8, 0xf, 0xd0,
    0xbe, 0x3, 0xf4, 0x1f, 0xc1, 0xfc, 0xf, 0xd0,
    0x3f, 0x0, 0xfc, 0x3f, 0x40, 0xfd, 0x3, 0xf0,
    0xf, 0xd7, 0xf0, 0xf, 0xc0, 0x7f, 0x0, 0x7e,
    0xfd, 0x0, 0xfc, 0x7, 0xf0, 0x3, 0xff, 0xc0,
    0x1f, 0xc0, 0xbe, 0x0, 0x3f, 0xf0, 0x1, 0xfc,
    0xb, 0xe0, 0x2, 0xfe, 0x0, 0x2f, 0x80, 0xfd,
    0x0, 0x1f, 0xc0, 0x2, 0xf8, 0x0,

    /* U+004E "N" */
    0x3, 0xf8, 0x0, 0x0, 0x2f, 0xc1, 0xff, 0x0,
    0x0, 0xb, 0xf0, 0x7f, 0xe0, 0x0, 0x2, 0xf8,
    0x2f, 0xfc, 0x0, 0x0, 0xfe, 0xb, 0xff, 0x80,
    0x0, 0x3f, 0x43, 0xff, 0xf0, 0x0, 0xf, 0xd0,
    0xfe, 0xff, 0x0, 0x3, 0xf0, 0x3f, 0x6f, 0xd0,
    0x1, 0xfc, 0xf, 0xd3, 0xfc, 0x0, 0x7f, 0x3,
    0xf0, 0x7f, 0x40, 0x2f, 0xc1, 0xfc, 0xf, 0xf0,
    0xb, 0xe0, 0x7f, 0x1, 0xfd, 0x3, 0xf8, 0x2f,
    0xc0, 0x3f, 0xc0, 0xfd, 0xb, 0xe0, 0x7, 0xf8,
    0x3f, 0x43, 0xf8, 0x0, 0xff, 0xf, 0xc0, 0xfd,
    0x0, 0xf, 0xe7, 0xf0, 0x3f, 0x40, 0x2, 0xfe,
    0xfc, 0xf, 0xc0, 0x0, 0x3f, 0xff, 0x7, 0xf0,
    0x0, 0xb, 0xff, 0x81, 0xfc, 0x0, 0x0, 0xff,
    0xe0, 0xbf, 0x0, 0x0, 0x2f, 0xf8, 0x2f, 0x80,
    0x0, 0x3, 0xfd, 0xf, 0xe0, 0x0, 0x0, 0x7f,
    0x40,

    /* U+004F "O" */
    0x0, 0x2, 0xff, 0xff, 0x90, 0x0, 0x2, 0xff,
    0xff, 0xff, 0x80, 0x0, 0xff, 0xff, 0xff, 0xff,
    0x0, 0x3f, 0xf9, 0x55, 0x7f, 0xf4, 0x7, 0xfc,
    0x0, 0x0, 0x7f, 0x80, 0xff, 0x0, 0x0, 0x3,
    0xfc, 0xf, 0xe0, 0x0, 0x0, 0x2f, 0xc1, 0xfc,
    0x0, 0x0, 0x2, 0xfc, 0x2f, 0xc0, 0x0, 0x0,
    0x2f, 0xc3, 0xfc, 0x0, 0x0, 0x2, 0xfc, 0x3f,
    0x80, 0x0, 0x0, 0x3f, 0xc3, 0xf8, 0x0, 0x0,
    0x3, 0xf8, 0x3f, 0x40, 0x0, 0x0, 0x3f, 0x83,
    0xf4, 0x0, 0x0, 0x3, 0xf4, 0x7f, 0x0, 0x0,
    0x0, 0x7f, 0x7, 0xf0, 0x0, 0x0, 0xb, 0xf0,
    0x7f, 0x0, 0x0, 0x0, 0xff, 0x7, 0xf4, 0x0,
    0x0, 0x1f, 0xd0, 0x3f, 0xc0, 0x0, 0x7, 0xfc,
    0x2, 0xff, 0x95, 0x5b, 0xff, 0x40, 0xf, 0xff,
    0xff, 0xff, 0xe0, 0x0, 0x7f, 0xff, 0xff, 0xf4,
    0x0, 0x0, 0x6f, 0xff, 0xe4, 0x0, 0x0,

    /* U+0050 "P" */
    0x3, 0xff, 0xff, 0xfe, 0x0, 0x7, 0xff, 0xff,
    0xff, 0xd0, 0x7, 0xff, 0xff, 0xff, 0xf0, 0xb,
    0xf5, 0x55, 0x6f, 0xf8, 0xb, 0xf0, 0x0, 0x3,
    0xfc, 0xf, 0xf0, 0x0, 0x2, 0xfc, 0xf, 0xe0,
    0x0, 0x1, 0xfc, 0xf, 0xe0, 0x0, 0x2, 0xfc,
    0xf, 0xd0, 0x0, 0x2, 0xfc, 0xf, 0xd0, 0x0,
    0x3, 0xf8, 0x1f, 0xc0, 0x0, 0x7, 0xf4, 0x1f,
    0xc0, 0x0, 0x2f, 0xf0, 0x2f, 0xff, 0xff, 0xff,
    0xd0, 0x2f, 0xff, 0xff, 0xff, 0x40, 0x3f, 0xff,
    0xff, 0xf8, 0x0, 0x3f, 0x95, 0x55, 0x0, 0x0,
    0x3f, 0x40, 0x0, 0x0, 0x0, 0x3f, 0x40, 0x0,
    0x0, 0x0, 0x7f, 0x0, 0x0, 0x0, 0x0, 0x7f,
    0x0, 0x0, 0x0, 0x0, 0xbf, 0x0, 0x0, 0x0,
    0x0, 0xbf, 0x0, 0x0, 0x0, 0x0, 0xfe, 0x0,
    0x0, 0x0, 0x0,

    /* U+0051 "Q" */
    0x0, 0x2, 0xff, 0xff, 0x90, 0x0, 0x2, 0xff,
    0xff, 0xff, 0x80, 0x0, 0xff, 0xff, 0xff, 0xff,
    0x0, 0x3f, 0xf9, 0x55, 0x6f, 0xf4, 0x7, 0xfc,
    0x0, 0x0, 0x7f, 0x80, 0xff, 0x0, 0x0, 0x3,
    0xfc, 0xf, 0xd0, 0x0, 0x0, 0x2f, 0xc1, 0xfc,
    0x0, 0x0, 0x2, 0xfc, 0x2f, 0xc0, 0x0, 0x0,
    0x2f, 0xc3, 0xfc, 0x0, 0x0, 0x2, 0xfc, 0x3f,
    0x80, 0x0, 0x0, 0x3f, 0xc3, 0xf8, 0x0, 0x0,
    0x3, 0xf8, 0x3f, 0x40, 0x0, 0x0, 0x3f, 0x83,
    0xf4, 0x0, 0x0, 0x3, 0xf4, 0x7f, 0x0, 0x0,
    0x0, 0x7f, 0x7, 0xf0, 0x0, 0x0, 0xb, 0xf0,
    0x7f, 0x0, 0x0, 0x0, 0xff, 0x7, 0xf4, 0x0,
    0x0, 0x1f, 0xd0, 0x3f, 0xc0, 0x0, 0x7, 0xfc,
    0x2, 0xff, 0x95, 0x5b, 0xff, 0x40, 0xf, 0xff,
    0xff, 0xff, 0xe0, 0x0, 0x7f, 0xff, 0xff, 0xfe,
    0x0, 0x0, 0x6f, 0xff, 0xef, 0xf4, 0x0, 0x0,
    0x0, 0x0, 0xbf, 0xd0, 0x0, 0x0, 0x0, 0x3,
    0xff, 0x0, 0x0, 0x0, 0x0, 0xf, 0xf8, 0x0,
    0x0, 0x0, 0x0, 0x7e, 0x0, 0x0, 0x0, 0x0,
    0x2, 0x40,

    /* U+0052 "R" */
    0x3, 0xff, 0xff, 0xfe, 0x0, 0x1f, 0xff, 0xff,
    0xff, 0x40, 0x7f, 0xff, 0xff, 0xff, 0x2, 0xfd,
    0x55, 0x57, 0xfe, 0xb, 0xf0, 0x0, 0x3, 0xfc,
    0x3f, 0xc0, 0x0, 0xb, 0xf0, 0xfe, 0x0, 0x0,
    0x2f, 0xc3, 0xf8, 0x0, 0x0, 0xff, 0xf, 0xd0,
    0x0, 0x3, 0xf8, 0x3f, 0x40, 0x0, 0x1f, 0xd1,
    0xfc, 0x0, 0x1, 0xff, 0x7, 0xff, 0xff, 0xff,
    0xf4, 0x2f, 0xff, 0xff, 0xff, 0x40, 0xbf, 0xff,
    0xff, 0xe0, 0x3, 0xfd, 0x57, 0xfc, 0x0, 0xf,
    0xe0, 0x7, 0xf8, 0x0, 0x3f, 0x40, 0xb, 0xf4,
    0x0, 0xfd, 0x0, 0xf, 0xf0, 0x7, 0xf0, 0x0,
    0x1f, 0xe0, 0x1f, 0xc0, 0x0, 0x2f, 0xd0, 0xbf,
    0x0, 0x0, 0x3f, 0xc2, 0xfc, 0x0, 0x0, 0x7f,
    0xcf, 0xe0, 0x0, 0x0, 0xff, 0x80,

    /* U+0053 "S" */
    0x0, 0xb, 0xff, 0xff, 0xc0, 0xb, 0xff, 0xff,
    0xfc, 0x2, 0xff, 0xff, 0xff, 0xc0, 0x3f, 0xe5,
    0x55, 0x54, 0xb, 0xf4, 0x0, 0x0, 0x0, 0xfe,
    0x0, 0x0, 0x0, 0xf, 0xe0, 0x0, 0x0, 0x0,
    0xfe, 0x0, 0x0, 0x0, 0xf, 0xf0, 0x0, 0x0,
    0x0, 0xff, 0xe9, 0x0, 0x0, 0x7, 0xff, 0xff,
    0xd0, 0x0, 0x1f, 0xff, 0xff, 0xc0, 0x0, 0x1a,
    0xff, 0xfe, 0x0, 0x0, 0x0, 0x2f, 0xf0, 0x0,
    0x0, 0x0, 0xbf, 0x0, 0x0, 0x0, 0x7, 0xf0,
    0x0, 0x0, 0x0, 0x7f, 0x0, 0x0, 0x0, 0xb,
    0xf0, 0x0, 0x0, 0x1, 0xfe, 0x6, 0xa5, 0x56,
    0xff, 0xc0, 0xbf, 0xff, 0xff, 0xf8, 0xb, 0xff,
    0xff, 0xfe, 0x0, 0xbf, 0xff, 0xf9, 0x0, 0x0,

    /* U+0054 "T" */
    0x3f, 0xff, 0xff, 0xff, 0xfc, 0x3f, 0xff, 0xff,
    0xff, 0xfc, 0x3f, 0xff, 0xff, 0xff, 0xfc, 0x15,
    0x55, 0xfe, 0x55, 0x54, 0x0, 0x0, 0xfd, 0x0,
    0x0, 0x0, 0x1, 0xfc, 0x0, 0x0, 0x0, 0x1,
    0xfc, 0x0, 0x0, 0x0, 0x2, 0xfc, 0x0, 0x0,
    0x0, 0x2, 0xfc, 0x0, 0x0, 0x0, 0x3, 0xf8,
    0x0, 0x0, 0x0, 0x3, 0xf8, 0x0, 0x0, 0x0,
    0x3, 0xf4, 0x0, 0x0, 0x0, 0x3, 0xf4, 0x0,
    0x0, 0x0, 0x7, 0xf4, 0x0, 0x0, 0x0, 0x7,
    0xf0, 0x0, 0x0, 0x0, 0xb, 0xf0, 0x0, 0x0,
    0x0, 0xb, 0xf0, 0x0, 0x0, 0x0, 0xf, 0xf0,
    0x0, 0x0, 0x0, 0xf, 0xe0, 0x0, 0x0, 0x0,
    0xf, 0xe0, 0x0, 0x0, 0x0, 0xf, 0xd0, 0x0,
    0x0, 0x0, 0xf, 0xd0, 0x0, 0x0, 0x0, 0x1f,
    0xc0, 0x0, 0x0,

    /* U+0055 "U" */
    0x7, 0xf0, 0x0, 0x0, 0x1f, 0xc0, 0x7f, 0x0,
    0x0, 0x1, 0xfc, 0xb, 0xf0, 0x0, 0x0, 0x2f,
    0xc0, 0xbf, 0x0, 0x0, 0x2, 0xfc, 0xf, 0xe0,
    0x0, 0x0, 0x3f, 0xc0, 0xfe, 0x0, 0x0, 0x3,
    0xf8, 0xf, 0xd0, 0x0, 0x0, 0x3f, 0x80, 0xfd,
    0x0, 0x0, 0x3, 0xf4, 0x1f, 0xc0, 0x0, 0x0,
    0x7f, 0x41, 0xfc, 0x0, 0x0, 0x7, 0xf0, 0x2f,
    0xc0, 0x0, 0x0, 0xbf, 0x2, 0xfc, 0x0, 0x0,
    0xb, 0xf0, 0x3f, 0xc0, 0x0, 0x0, 0xff, 0x3,
    0xf8, 0x0, 0x0, 0xf, 0xe0, 0x3f, 0x80, 0x0,
    0x0, 0xfe, 0x3, 0xf4, 0x0, 0x0, 0x1f, 0xd0,
    0x3f, 0x80, 0x0, 0x2, 0xfc, 0x3, 0xfc, 0x0,
    0x0, 0x3f, 0x80, 0x3f, 0xd0, 0x0, 0xf, 0xf4,
    0x1, 0xff, 0xd5, 0x5b, 0xfe, 0x0, 0xf, 0xff,
    0xff, 0xff, 0xc0, 0x0, 0x3f, 0xff, 0xff, 0xe0,
    0x0, 0x0, 0x6f, 0xff, 0xa0, 0x0, 0x0,

    /* U+0056 "V" */
    0xff, 0x0, 0x0, 0x0, 0x3f, 0xcb, 0xf0, 0x0,
    0x0, 0x7, 0xf4, 0x7f, 0x40, 0x0, 0x0, 0xff,
    0x7, 0xf4, 0x0, 0x0, 0xf, 0xe0, 0x3f, 0x80,
    0x0, 0x2, 0xfc, 0x3, 0xf8, 0x0, 0x0, 0x3f,
    0xc0, 0x3f, 0xc0, 0x0, 0x7, 0xf4, 0x2, 0xfc,
    0x0, 0x0, 0xff, 0x0, 0x2f, 0xc0, 0x0, 0xf,
    0xe0, 0x1, 0xfd, 0x0, 0x2, 0xfc, 0x0, 0xf,
    0xd0, 0x0, 0x3f, 0xc0, 0x0, 0xfe, 0x0, 0x7,
    0xf4, 0x0, 0xf, 0xf0, 0x0, 0xff, 0x0, 0x0,
    0xbf, 0x0, 0xf, 0xe0, 0x0, 0xb, 0xf0, 0x2,
    0xfc, 0x0, 0x0, 0x7f, 0x0, 0x3f, 0xc0, 0x0,
    0x3, 0xf4, 0x7, 0xf4, 0x0, 0x0, 0x3f, 0x80,
    0xbf, 0x0, 0x0, 0x3, 0xf8, 0xf, 0xe0, 0x0,
    0x0, 0x2f, 0xd6, 0xfc, 0x0, 0x0, 0x2, 0xff,
    0xff, 0xc0, 0x0, 0x0, 0x1f, 0xff, 0xf4, 0x0,
    0x0, 0x0, 0xbf, 0xfe, 0x0, 0x0, 0x0,

    /* U+0057 "W" */
    0xff, 0x0, 0x0, 0x0, 0x0, 0x0, 0x3, 0xfc,
    0xbf, 0x0, 0x0, 0x0, 0x0, 0x0, 0x3, 0xf8,
    0xbf, 0x0, 0x0, 0x3f, 0xf0, 0x0, 0xb, 0xf4,
    0x7f, 0x0, 0x0, 0xbf, 0xf0, 0x0, 0xf, 0xf0,
    0x7f, 0x40, 0x0, 0xff, 0xf0, 0x0, 0xf, 0xe0,
    0x7f, 0x40, 0x1, 0xff, 0xf0, 0x0, 0x2f, 0xd0,
    0x3f, 0x80, 0x2, 0xff, 0xf4, 0x0, 0x3f, 0xc0,
    0x3f, 0x80, 0x3, 0xfb, 0xf4, 0x0, 0x3f, 0x80,
    0x3f, 0x80, 0x7, 0xf3, 0xf8, 0x0, 0xbf, 0x40,
    0x3f, 0xc0, 0xb, 0xf3, 0xf8, 0x0, 0xff, 0x0,
    0x3f, 0xc0, 0xf, 0xe2, 0xfc, 0x0, 0xfe, 0x0,
    0x2f, 0xc0, 0x1f, 0xc2, 0xfc, 0x2, 0xfd, 0x0,
    0x2f, 0xc0, 0x3f, 0xc1, 0xfc, 0x3, 0xfc, 0x0,
    0x1f, 0xc0, 0x3f, 0x41, 0xfc, 0x3, 0xf8, 0x0,
    0x1f, 0xd0, 0xbf, 0x0, 0xfd, 0xb, 0xf0, 0x0,
    0xf, 0xd0, 0xff, 0x0, 0xfd, 0xf, 0xf0, 0x0,
    0xf, 0xd1, 0xfd, 0x0, 0xfe, 0xf, 0xe0, 0x0,
    0xf, 0xe2, 0xfc, 0x0, 0xfe, 0x2f, 0xc0, 0x0,
    0xf, 0xe3, 0xf8, 0x0, 0xff, 0x3f, 0xc0, 0x0,
    0xf, 0xfb, 0xf4, 0x0, 0xbf, 0x7f, 0x80, 0x0,
    0xb, 0xff, 0xf0, 0x0, 0xbf, 0xff, 0x0, 0x0,
    0xb, 0xff, 0xe0, 0x0, 0x7f, 0xff, 0x0, 0x0,
    0x3, 0xff, 0xc0, 0x0, 0x3f, 0xfc, 0x0, 0x0,

    /* U+0058 "X" */
    0x0, 0xff, 0x0, 0x0, 0x3, 0xfc, 0x0, 0x7f,
    0x80, 0x0, 0xf, 0xf4, 0x0, 0x3f, 0xc0, 0x0,
    0x2f, 0xd0, 0x0, 0x1f, 0xf0, 0x0, 0xbf, 0x80,
    0x0, 0xf, 0xf4, 0x1, 0xff, 0x0, 0x0, 0x3,
    0xfc, 0x3, 0xfc, 0x0, 0x0, 0x2, 0xfd, 0xf,
    0xf4, 0x0, 0x0, 0x0, 0xff, 0x2f, 0xd0, 0x0,
    0x0, 0x0, 0x7f, 0xff, 0x80, 0x0, 0x0, 0x0,
    0x3f, 0xff, 0x0, 0x0, 0x0, 0x0, 0x1f, 0xfc,
    0x0, 0x0, 0x0, 0x0, 0xf, 0xf4, 0x0, 0x0,
    0x0, 0x0, 0x3f, 0xfc, 0x0, 0x0, 0x0, 0x0,
    0xff, 0xfe, 0x0, 0x0, 0x0, 0x2, 0xfe, 0xff,
    0x0, 0x0, 0x0, 0xb, 0xf8, 0x7f, 0x80, 0x0,
    0x0, 0x1f, 0xf0, 0x3f, 0xd0, 0x0, 0x0, 0x3f,
    0xc0, 0x1f, 0xf0, 0x0, 0x0, 0xff, 0x40, 0xb,
    0xf4, 0x0, 0x3, 0xfe, 0x0, 0x3, 0xfc, 0x0,
    0xb, 0xf8, 0x0, 0x2, 0xfe, 0x0, 0x1f, 0xf0,
    0x0, 0x0, 0xff, 0x0, 0x7f, 0xc0, 0x0, 0x0,
    0x7f, 0xc0,

    /* U+0059 "Y" */
    0xbf, 0x80, 0x0, 0x1, 0xff, 0xf, 0xf0, 0x0,
    0x0, 0xff, 0x2, 0xfd, 0x0, 0x0, 0xff, 0x40,
    0x3f, 0xc0, 0x0, 0x7f, 0x80, 0xb, 0xf4, 0x0,
    0x3f, 0xc0, 0x0, 0xff, 0x0, 0x3f, 0xc0, 0x0,
    0x2f, 0xd0, 0x2f, 0xd0, 0x0, 0x3, 0xfc, 0xf,
    0xe0, 0x0, 0x0, 0xbf, 0x4f, 0xf0, 0x0, 0x0,
    0xf, 0xfb, 0xf4, 0x0, 0x0, 0x1, 0xff, 0xf8,
    0x0, 0x0, 0x0, 0x3f, 0xfc, 0x0, 0x0, 0x0,
    0x7, 0xfc, 0x0, 0x0, 0x0, 0x0, 0xfd, 0x0,
    0x0, 0x0, 0x0, 0x3f, 0x40, 0x0, 0x0, 0x0,
    0x1f, 0xc0, 0x0, 0x0, 0x0, 0x7, 0xf0, 0x0,
    0x0, 0x0, 0x2, 0xfc, 0x0, 0x0, 0x0, 0x0,
    0xbf, 0x0, 0x0, 0x0, 0x0, 0x3f, 0x80, 0x0,
    0x0, 0x0, 0xf, 0xe0, 0x0, 0x0, 0x0, 0x3,
    0xf4, 0x0, 0x0, 0x0, 0x0, 0xfd, 0x0, 0x0,
    0x0,

    /* U+005A "Z" */
    0x0, 0xbf, 0xff, 0xff, 0xff, 0x0, 0xff, 0xff,
    0xff, 0xfe, 0x0, 0xff, 0xff, 0xff, 0xfe, 0x0,
    0x55, 0x55, 0x5b, 0xfc, 0x0, 0x0, 0x0, 0xf,
    0xf0, 0x0, 0x0, 0x0, 0x3f, 0xd0, 0x0, 0x0,
    0x0, 0xbf, 0x80, 0x0, 0x0, 0x2, 0xfe, 0x0,
    0x0, 0x0, 0x7, 0xfc, 0x0, 0x0, 0x0, 0xf,
    0xf0, 0x0, 0x0, 0x0, 0x3f, 0xd0, 0x0, 0x0,
    0x0, 0xbf, 0x80, 0x0, 0x0, 0x2, 0xfe, 0x0,
    0x0, 0x0, 0x7, 0xfc, 0x0, 0x0, 0x0, 0xf,
    0xf0, 0x0, 0x0, 0x0, 0x3f, 0xd0, 0x0, 0x0,
    0x0, 0xbf, 0x80, 0x0, 0x0, 0x2, 0xfe, 0x0,
    0x0, 0x0, 0x7, 0xfc, 0x0, 0x0, 0x0, 0xf,
    0xf5, 0x55, 0x55, 0x40, 0x2f, 0xff, 0xff, 0xff,
    0xe0, 0x3f, 0xff, 0xff, 0xff, 0xe0, 0x3f, 0xff,
    0xff, 0xff, 0xd0,

    /* U+005B "[" */
    0x0, 0xbf, 0xfe, 0x0, 0xff, 0xfe, 0x1, 0xff,
    0xfd, 0x1, 0xfc, 0x0, 0x2, 0xfc, 0x0, 0x2,
    0xf8, 0x0, 0x3, 0xf8, 0x0, 0x3, 0xf4, 0x0,
    0x3, 0xf0, 0x0, 0x3, 0xf0, 0x0, 0x7, 0xf0,
    0x0, 0x7, 0xf0, 0x0, 0xb, 0xe0, 0x0, 0xb,
    0xe0, 0x0, 0xf, 0xd0, 0x0, 0xf, 0xd0, 0x0,
    0xf, 0xc0, 0x0, 0xf, 0xc0, 0x0, 0x1f, 0xc0,
    0x0, 0x1f, 0xc0, 0x0, 0x2f, 0x80, 0x0, 0x2f,
    0x80, 0x0, 0x3f, 0x40, 0x0, 0x3f, 0x40, 0x0,
    0x3f, 0x0, 0x0, 0x3f, 0x0, 0x0, 0x7f, 0xff,
    0x40, 0x7f, 0xff, 0x40, 0x3f, 0xff, 0x0,

    /* U+005C "\\" */
    0x7f, 0x0, 0x0, 0x3, 0xf4, 0x0, 0x0, 0x2f,
    0x80, 0x0, 0x0, 0xfc, 0x0, 0x0, 0xb, 0xe0,
    0x0, 0x0, 0x3f, 0x0, 0x0, 0x3, 0xf8, 0x0,
    0x0, 0x1f, 0xc0, 0x0, 0x0, 0xfd, 0x0, 0x0,
    0x7, 0xf0, 0x0, 0x0, 0x3f, 0x40, 0x0, 0x2,
    0xfc, 0x0, 0x0, 0xf, 0xc0, 0x0, 0x0, 0xbe,
    0x0, 0x0, 0x3, 0xf0, 0x0, 0x0, 0x2f, 0x80,
    0x0, 0x1, 0xfc, 0x0, 0x0, 0xf, 0xd0, 0x0,
    0x0, 0x7f, 0x0, 0x0, 0x3, 0xf4, 0x0, 0x0,
    0x1f, 0xc0, 0x0, 0x0, 0xfd, 0x0, 0x0, 0xb,
    0xe0,

    /* U+005D "]" */
    0x0, 0xbf, 0xfe, 0x0, 0x2f, 0xff, 0xc0, 0xf,
    0xff, 0xf0, 0x0, 0x1, 0xfc, 0x0, 0x0, 0xbe,
    0x0, 0x0, 0x2f, 0x80, 0x0, 0xf, 0xd0, 0x0,
    0x3, 0xf4, 0x0, 0x0, 0xfc, 0x0, 0x0, 0x3f,
    0x0, 0x0, 0x1f, 0xc0, 0x0, 0x7, 0xf0, 0x0,
    0x2, 0xf8, 0x0, 0x0, 0xbe, 0x0, 0x0, 0x3f,
    0x40, 0x0, 0xf, 0xd0, 0x0, 0x3, 0xf0, 0x0,
    0x0, 0xfc, 0x0, 0x0, 0x7f, 0x0, 0x0, 0x1f,
    0xc0, 0x0, 0xb, 0xe0, 0x0, 0x2, 0xf8, 0x0,
    0x0, 0xfd, 0x0, 0x0, 0x3f, 0x40, 0x0, 0xf,
    0xc0, 0x0, 0x3, 0xf0, 0x3, 0xff, 0xfc, 0x0,
    0xff, 0xff, 0x0, 0x3f, 0xff, 0x40, 0x0,

    /* U+005F "_" */
    0x15, 0x55, 0x55, 0x54, 0xbf, 0xff, 0xff, 0xfd,
    0xbf, 0xff, 0xff, 0xfd, 0xbf, 0xff, 0xff, 0xfd,

    /* U+0061 "a" */
    0x1, 0xff, 0xfe, 0x40, 0x1, 0xff, 0xff, 0xf0,
    0x2, 0xff, 0xff, 0xf8, 0x0, 0x0, 0x7, 0xfc,
    0x0, 0x0, 0x1, 0xfd, 0x0, 0x0, 0x0, 0xfe,
    0x0, 0x0, 0x0, 0xfd, 0x1, 0xff, 0xff, 0xfd,
    0xf, 0xff, 0xff, 0xfc, 0x2f, 0xff, 0xff, 0xfc,
    0x3f, 0xc0, 0x1, 0xfc, 0x7f, 0x0, 0x2, 0xfc,
    0x7f, 0x0, 0x2, 0xfc, 0x7f, 0x80, 0x3, 0xf8,
    0x3f, 0xff, 0xff, 0xf8, 0x1f, 0xff, 0xff, 0xf4,
    0x2, 0xff, 0xff, 0xf4,

    /* U+0062 "b" */
    0x1, 0xfc, 0x0, 0x0, 0x0, 0x7f, 0x0, 0x0,
    0x0, 0x2f, 0xc0, 0x0, 0x0, 0xb, 0xe0, 0x0,
    0x0, 0x3, 0xf8, 0x0, 0x0, 0x0, 0xfd, 0x0,
    0x0, 0x0, 0x3f, 0xff, 0xfd, 0x0, 0xf, 0xff,
    0xff, 0xf0, 0x7, 0xff, 0xff, 0xff, 0x1, 0xfd,
    0x55, 0xbf, 0xd0, 0xbf, 0x0, 0x7, 0xf8, 0x2f,
    0x80, 0x0, 0xfe, 0xf, 0xe0, 0x0, 0x3f, 0x83,
    0xf4, 0x0, 0xf, 0xe0, 0xfd, 0x0, 0x3, 0xf4,
    0x3f, 0x0, 0x0, 0xfd, 0x1f, 0xc0, 0x0, 0x7f,
    0x7, 0xf0, 0x0, 0x2f, 0xc2, 0xfc, 0x0, 0x1f,
    0xe0, 0xbf, 0x55, 0x6f, 0xf0, 0x3f, 0xff, 0xff,
    0xf4, 0xf, 0xff, 0xff, 0xf4, 0x3, 0xff, 0xff,
    0xe0, 0x0,

    /* U+0063 "c" */
    0x0, 0x2f, 0xff, 0xe0, 0x2f, 0xff, 0xfd, 0xb,
    0xff, 0xff, 0xd1, 0xff, 0x55, 0x54, 0x3f, 0xc0,
    0x0, 0x3, 0xf4, 0x0, 0x0, 0x7f, 0x0, 0x0,
    0xb, 0xf0, 0x0, 0x0, 0xbf, 0x0, 0x0, 0xf,
    0xe0, 0x0, 0x0, 0xfe, 0x0, 0x0, 0xf, 0xe0,
    0x0, 0x0, 0xff, 0x0, 0x0, 0xb, 0xfd, 0x55,
    0x50, 0x3f, 0xff, 0xff, 0x1, 0xff, 0xff, 0xf0,
    0x2, 0xff, 0xff, 0x0,

    /* U+0064 "d" */
    0x0, 0x0, 0x0, 0x3f, 0x0, 0x0, 0x0, 0x1f,
    0xc0, 0x0, 0x0, 0x7, 0xf0, 0x0, 0x0, 0x2,
    0xfc, 0x0, 0x0, 0x0, 0xbf, 0x0, 0x0, 0x0,
    0x3f, 0x80, 0x6, 0xff, 0xff, 0xe0, 0xb, 0xff,
    0xff, 0xf4, 0xf, 0xff, 0xff, 0xfd, 0x7, 0xfd,
    0x0, 0x7f, 0x3, 0xfc, 0x0, 0x1f, 0xc0, 0xfd,
    0x0, 0xb, 0xf0, 0x7f, 0x0, 0x2, 0xfc, 0x2f,
    0xc0, 0x0, 0xfe, 0xb, 0xe0, 0x0, 0x3f, 0x83,
    0xf8, 0x0, 0xf, 0xd0, 0xfe, 0x0, 0x3, 0xf4,
    0x3f, 0x80, 0x1, 0xfc, 0xf, 0xf0, 0x0, 0x7f,
    0x2, 0xff, 0x55, 0x6f, 0xc0, 0x3f, 0xff, 0xff,
    0xf0, 0x7, 0xff, 0xff, 0xf8, 0x0, 0x2f, 0xff,
    0xfe, 0x0,

    /* U+0065 "e" */
    0x0, 0x2f, 0xfe, 0x40, 0x2, 0xff, 0xff, 0xe0,
    0xb, 0xff, 0xff, 0xf4, 0x1f, 0xf4, 0xb, 0xfc,
    0x3f, 0xc0, 0x2, 0xfc, 0x3f, 0x40, 0x1, 0xfc,
    0x7f, 0x0, 0x1, 0xfc, 0xbf, 0xff, 0xff, 0xfc,
    0xbf, 0xff, 0xff, 0xfc, 0xff, 0xff, 0xff, 0xfc,
    0xfe, 0x0, 0x0, 0x0, 0xfe, 0x0, 0x0, 0x0,
    0xff, 0x0, 0x0, 0x0, 0xbf, 0xd0, 0x1, 0x40,
    0x3f, 0xff, 0xff, 0xe0, 0x1f, 0xff, 0xff, 0xd0,
    0x1, 0xbf, 0xff, 0xc0,

    /* U+0066 "f" */
    0x0, 0x0, 0xbf, 0xf0, 0x0, 0x2f, 0xff, 0xc0,
    0x1, 0xff, 0xff, 0x0, 0xf, 0xf9, 0x50, 0x0,
    0x3f, 0x80, 0x0, 0x0, 0xfd, 0x0, 0x3, 0xff,
    0xff, 0xfd, 0xf, 0xff, 0xff, 0xf0, 0x3f, 0xff,
    0xff, 0xc0, 0x57, 0xfd, 0x55, 0x0, 0xf, 0xe0,
    0x0, 0x0, 0x3f, 0x80, 0x0, 0x0, 0xfd, 0x0,
    0x0, 0x3, 0xf4, 0x0, 0x0, 0x1f, 0xc0, 0x0,
    0x0, 0x7f, 0x0, 0x0, 0x2, 0xfc, 0x0, 0x0,
    0xb, 0xf0, 0x0, 0x0, 0x3f, 0x80, 0x0, 0x0,
    0xfe, 0x0, 0x0, 0x3, 0xf4, 0x0, 0x0, 0xf,
    0xd0, 0x0, 0x0, 0x3f, 0x0, 0x0, 0x0,

    /* U+0067 "g" */
    0x0, 0x2f, 0xff, 0xfd, 0x2, 0xff, 0xff, 0xfd,
    0xf, 0xff, 0xff, 0xfd, 0x1f, 0xf4, 0x1, 0xfc,
    0x3f, 0xc0, 0x1, 0xfc, 0x3f, 0x40, 0x2, 0xfc,
    0x7f, 0x0, 0x2, 0xfc, 0xbf, 0x0, 0x3, 0xf8,
    0xbf, 0x0, 0x3, 0xf8, 0xfe, 0x0, 0x3, 0xf4,
    0xfe, 0x0, 0x3, 0xf4, 0xfe, 0x0, 0x7, 0xf0,
    0xff, 0x0, 0x7, 0xf0, 0xbf, 0xd0, 0xb, 0xf0,
    0x3f, 0xff, 0xff, 0xf0, 0x1f, 0xff, 0xff, 0xe0,
    0x2, 0xff, 0xff, 0xe0, 0x0, 0x0, 0xf, 0xd0,
    0x0, 0x0, 0x1f, 0xc0, 0x14, 0x0, 0x7f, 0xc0,
    0x3f, 0xff, 0xff, 0x40, 0x3f, 0xff, 0xfd, 0x0,
    0x3f, 0xff, 0xe0, 0x0,

    /* U+0068 "h" */
    0x1, 0xfc, 0x0, 0x0, 0x0, 0x7f, 0x0, 0x0,
    0x0, 0x2f, 0xc0, 0x0, 0x0, 0xb, 0xe0, 0x0,
    0x0, 0x3, 0xf8, 0x0, 0x0, 0x0, 0xfd, 0x0,
    0x0, 0x0, 0x3f, 0xff, 0xfd, 0x0, 0xf, 0xff,
    0xff, 0xf0, 0x7, 0xff, 0xff, 0xff, 0x1, 0xfd,
    0x55, 0xbf, 0xd0, 0xbf, 0x0, 0x7, 0xf8, 0x2f,
    0x80, 0x0, 0xfe, 0xf, 0xe0, 0x0, 0x3f, 0x83,
    0xf4, 0x0, 0xf, 0xe0, 0xfd, 0x0, 0x3, 0xf4,
    0x3f, 0x0, 0x0, 0xfd, 0x1f, 0xc0, 0x0, 0x7f,
    0x7, 0xf0, 0x0, 0x1f, 0xc2, 0xfc, 0x0, 0xb,
    0xf0, 0xbe, 0x0, 0x2, 0xfc, 0x3f, 0x80, 0x0,
    0xfe, 0xf, 0xd0, 0x0, 0x3f, 0x83, 0xf4, 0x0,
    0xf, 0xd0,

    /* U+0069 "i" */
    0x2, 0xfd, 0x2, 0xfc, 0x3, 0xfc, 0x2, 0xa8,
    0x0, 0x0, 0x0, 0x0, 0x3, 0xf4, 0x3, 0xf4,
    0x7, 0xf0, 0x7, 0xf0, 0xb, 0xf0, 0xb, 0xf0,
    0xf, 0xe0, 0xf, 0xe0, 0xf, 0xd0, 0xf, 0xd0,
    0x1f, 0xc0, 0x1f, 0xc0, 0x1f, 0xc0, 0x2f, 0xc0,
    0x2f, 0x80, 0x3f, 0x80, 0x3f, 0x40,

    /* U+006A "j" */
    0x0, 0x0, 0x7f, 0x40, 0x0, 0x2f, 0xd0, 0x0,
    0xb, 0xf4, 0x0, 0x2, 0xa8, 0x0, 0x0, 0x0,
    0x0, 0x0, 0x0, 0x0, 0x0, 0xf, 0xe0, 0x0,
    0x3, 0xf4, 0x0, 0x0, 0xfd, 0x0, 0x0, 0x3f,
    0x0, 0x0, 0x1f, 0xc0, 0x0, 0x7, 0xf0, 0x0,
    0x2, 0xfc, 0x0, 0x0, 0xbe, 0x0, 0x0, 0x3f,
    0x80, 0x0, 0xf, 0xd0, 0x0, 0x3, 0xf4, 0x0,
    0x0, 0xfc, 0x0, 0x0, 0x7f, 0x0, 0x0, 0x1f,
    0xc0, 0x0, 0xb, 0xf0, 0x0, 0x2, 0xf8, 0x0,
    0x0, 0xfe, 0x0, 0x0, 0x3f, 0x40, 0x0, 0x1f,
    0xd0, 0x5, 0x6f, 0xf0, 0x3, 0xff, 0xf8, 0x0,
    0xff, 0xfc, 0x0, 0x3f, 0xf4, 0x0, 0x0,

    /* U+006B "k" */
    0x0, 0x0, 0x0, 0x0, 0x0, 0x1f, 0xc0, 0x0,
    0x0, 0x1, 0xfc, 0x0, 0x0, 0x0, 0x1f, 0xc0,
    0x0, 0x0, 0x2, 0xfc, 0x0, 0x0, 0x0, 0x2f,
    0x80, 0x0, 0x0, 0x3, 0xf8, 0x0, 0x0, 0x0,
    0x3f, 0x40, 0x0, 0x0, 0x3, 0xf4, 0x1, 0xff,
    0x80, 0x3f, 0x0, 0x7f, 0xd0, 0x7, 0xf0, 0x1f,
    0xf4, 0x0, 0x7f, 0xb, 0xfc, 0x0, 0xb, 0xf2,
    0xff, 0x0, 0x0, 0xbf, 0xbf, 0xc0, 0x0, 0xf,
    0xff, 0xe0, 0x0, 0x0, 0xff, 0xf8, 0x0, 0x0,
    0xf, 0xff, 0xc0, 0x0, 0x0, 0xfe, 0xff, 0x0,
    0x0, 0x1f, 0xcb, 0xf8, 0x0, 0x1, 0xfc, 0x3f,
    0xd0, 0x0, 0x2f, 0xc0, 0xff, 0x0, 0x2, 0xf8,
    0x7, 0xfc, 0x0, 0x3f, 0x80, 0x2f, 0xe0, 0x3,
    0xf4, 0x0, 0xff, 0x80, 0x3f, 0x40, 0x3, 0xfd,
    0x0,

    /* U+006C "l" */
    0x1, 0xfc, 0x1, 0xfc, 0x2, 0xfc, 0x2, 0xf8,
    0x3, 0xf8, 0x3, 0xf4, 0x3, 0xf4, 0x3, 0xf0,
    0x7, 0xf0, 0x7, 0xf0, 0xb, 0xf0, 0xb, 0xe0,
    0xf, 0xe0, 0xf, 0xd0, 0xf, 0xd0, 0xf, 0xc0,
    0x1f, 0xc0, 0x1f, 0xc0, 0x2f, 0xc0, 0x2f, 0x80,
    0x3f, 0x80, 0x3f, 0x40, 0x3f, 0x40,

    /* U+006D "m" */
    0x3, 0xff, 0xff, 0xff, 0xff, 0xf8, 0x0, 0x7f,
    0xff, 0xff, 0xff, 0xff, 0xf4, 0x7, 0xff, 0xff,
    0xff, 0xff, 0xff, 0xc0, 0xbf, 0x55, 0x5b, 0xf5,
    0x57, 0xfe, 0xb, 0xf0, 0x0, 0x7f, 0x0, 0xf,
    0xf0, 0xfe, 0x0, 0xb, 0xf0, 0x0, 0xbf, 0xf,
    0xe0, 0x0, 0xbe, 0x0, 0xb, 0xf0, 0xfd, 0x0,
    0xf, 0xe0, 0x0, 0xbf, 0xf, 0xd0, 0x0, 0xfd,
    0x0, 0xf, 0xe0, 0xfc, 0x0, 0xf, 0xd0, 0x0,
    0xfe, 0x1f, 0xc0, 0x0, 0xfd, 0x0, 0xf, 0xd1,
    0xfc, 0x0, 0x1f, 0xc0, 0x0, 0xfd, 0x2f, 0xc0,
    0x1, 0xfc, 0x0, 0x1f, 0xc2, 0xf8, 0x0, 0x2f,
    0xc0, 0x1, 0xfc, 0x3f, 0x80, 0x2, 0xfc, 0x0,
    0x1f, 0xc3, 0xf4, 0x0, 0x3f, 0x80, 0x2, 0xfc,
    0x3f, 0x40, 0x3, 0xf8, 0x0, 0x2f, 0x80,

    /* U+006E "n" */
    0x3, 0xff, 0xff, 0xd0, 0x1, 0xff, 0xff, 0xff,
    0x0, 0x7f, 0xff, 0xff, 0xf0, 0x2f, 0xd5, 0x5b,
    0xfd, 0xb, 0xf0, 0x0, 0x7f, 0x83, 0xf8, 0x0,
    0xf, 0xe0, 0xfe, 0x0, 0x3, 0xf8, 0x3f, 0x40,
    0x0, 0xfe, 0xf, 0xd0, 0x0, 0x3f, 0x43, 0xf0,
    0x0, 0xf, 0xd1, 0xfc, 0x0, 0x7, 0xf0, 0x7f,
    0x0, 0x1, 0xfc, 0x2f, 0xc0, 0x0, 0xbf, 0xb,
    0xe0, 0x0, 0x2f, 0xc3, 0xf8, 0x0, 0xf, 0xe0,
    0xfd, 0x0, 0x3, 0xf8, 0x3f, 0x40, 0x0, 0xfd,
    0x0,

    /* U+006F "o" */
    0x0, 0x2f, 0xff, 0x80, 0x0, 0xbf, 0xff, 0xfe,
    0x0, 0xbf, 0xff, 0xff, 0xd0, 0x7f, 0xe5, 0x5f,
    0xf8, 0x3f, 0xc0, 0x0, 0xff, 0xf, 0xd0, 0x0,
    0x2f, 0xc7, 0xf0, 0x0, 0x7, 0xf2, 0xfc, 0x0,
    0x2, 0xfc, 0xbf, 0x0, 0x0, 0xbf, 0x3f, 0x80,
    0x0, 0x3f, 0x8f, 0xe0, 0x0, 0xf, 0xe3, 0xf8,
    0x0, 0x7, 0xf4, 0xff, 0x0, 0x3, 0xfc, 0x2f,
    0xf5, 0x57, 0xfe, 0x3, 0xff, 0xff, 0xff, 0x0,
    0x7f, 0xff, 0xfe, 0x0, 0x2, 0xff, 0xf9, 0x0,
    0x0,

    /* U+0070 "p" */
    0x3, 0xff, 0xff, 0xd0, 0x1, 0xff, 0xff, 0xff,
    0x0, 0x7f, 0xff, 0xff, 0xf0, 0x2f, 0xd5, 0x5b,
    0xfd, 0xb, 0xf0, 0x0, 0x7f, 0x83, 0xf8, 0x0,
    0xf, 0xe0, 0xfe, 0x0, 0x3, 0xf8, 0x3f, 0x40,
    0x0, 0xfe, 0xf, 0xd0, 0x0, 0x3f, 0x47, 0xf0,
    0x0, 0xf, 0xd1, 0xfc, 0x0, 0x7, 0xf0, 0xbf,
    0x0, 0x2, 0xfc, 0x2f, 0xc0, 0x1, 0xfe, 0xb,
    0xf5, 0x56, 0xff, 0x3, 0xff, 0xff, 0xff, 0x40,
    0xff, 0xff, 0xff, 0x40, 0x3f, 0xff, 0xfe, 0x0,
    0xf, 0xc0, 0x0, 0x0, 0x7, 0xf0, 0x0, 0x0,
    0x1, 0xfc, 0x0, 0x0, 0x0, 0xbf, 0x0, 0x0,
    0x0, 0x2f, 0x80, 0x0, 0x0, 0xf, 0xe0, 0x0,
    0x0, 0x0,

    /* U+0071 "q" */
    0x0, 0x6f, 0xff, 0xfd, 0x2, 0xff, 0xff, 0xfd,
    0xf, 0xff, 0xff, 0xfc, 0x1f, 0xf4, 0x1, 0xfc,
    0x3f, 0xc0, 0x1, 0xfc, 0x3f, 0x40, 0x2, 0xfc,
    0x7f, 0x0, 0x2, 0xf8, 0xbf, 0x0, 0x3, 0xf8,
    0xbe, 0x0, 0x3, 0xf4, 0xfe, 0x0, 0x3, 0xf4,
    0xfe, 0x0, 0x3, 0xf0, 0xfe, 0x0, 0x7, 0xf0,
    0xff, 0x0, 0x7, 0xf0, 0xbf, 0xd5, 0x5b, 0xf0,
    0x3f, 0xff, 0xff, 0xe0, 0x1f, 0xff, 0xff, 0xe0,
    0x2, 0xff, 0xff, 0xe0, 0x0, 0x0, 0xf, 0xd0,
    0x0, 0x0, 0xf, 0xd0, 0x0, 0x0, 0x1f, 0xc0,
    0x0, 0x0, 0x1f, 0xc0, 0x0, 0x0, 0x2f, 0xc0,
    0x0, 0x0, 0x2f, 0xc0,

    /* U+0072 "r" */
    0x0, 0x1b, 0xff, 0x0, 0x2f, 0xff, 0xc0, 0x2f,
    0xff, 0xe0, 0x1f, 0xf9, 0x50, 0xf, 0xf0, 0x0,
    0x3, 0xf4, 0x0, 0x1, 0xfc, 0x0, 0x0, 0x7f,
    0x0, 0x0, 0x2f, 0xc0, 0x0, 0xb, 0xf0, 0x0,
    0x3, 0xf8, 0x0, 0x0, 0xfe, 0x0, 0x0, 0x3f,
    0x40, 0x0, 0xf, 0xd0, 0x0, 0x7, 0xf0, 0x0,
    0x1, 0xfc, 0x0, 0x0, 0xbf, 0x0, 0x0, 0x0,

    /* U+0073 "s" */
    0x0, 0x6f, 0xff, 0xf0, 0xf, 0xff, 0xff, 0xc0,
    0xff, 0xff, 0xff, 0x7, 0xf9, 0x40, 0x0, 0x2f,
    0xc0, 0x0, 0x0, 0xbf, 0x0, 0x0, 0x2, 0xff,
    0x50, 0x0, 0x7, 0xff, 0xff, 0x40, 0xb, 0xff,
    0xff, 0x80, 0x1, 0xaf, 0xff, 0x0, 0x0, 0x1,
    0xfd, 0x0, 0x0, 0x3, 0xf4, 0x0, 0x0, 0x1f,
    0xc0, 0x54, 0x5, 0xff, 0xb, 0xff, 0xff, 0xf4,
    0x2f, 0xff, 0xff, 0x80, 0xbf, 0xff, 0xe0, 0x0,

    /* U+0074 "t" */
    0x0, 0x1a, 0x0, 0x0, 0x3, 0xf4, 0x0, 0x0,
    0x3f, 0x40, 0x0, 0x7, 0xf0, 0x0, 0x0, 0x7f,
    0x0, 0x7, 0xff, 0xff, 0xfc, 0x7f, 0xff, 0xff,
    0xcb, 0xff, 0xff, 0xfc, 0x15, 0xfe, 0x55, 0x0,
    0xf, 0xd0, 0x0, 0x0, 0xfd, 0x0, 0x0, 0x1f,
    0xc0, 0x0, 0x1, 0xfc, 0x0, 0x0, 0x2f, 0xc0,
    0x0, 0x2, 0xfc, 0x0, 0x0, 0x2f, 0x80, 0x0,
    0x3, 0xf8, 0x0, 0x0, 0x3f, 0xc0, 0x0, 0x3,
    0xfe, 0x54, 0x0, 0x2f, 0xff, 0xe0, 0x0, 0xff,
    0xfd, 0x0, 0x2, 0xff, 0xd0,

    /* U+0075 "u" */
    0x1f, 0xc0, 0x0, 0x7f, 0x7, 0xf0, 0x0, 0x1f,
    0xc2, 0xfc, 0x0, 0xb, 0xf0, 0xbf, 0x0, 0x2,
    0xfc, 0x3f, 0x80, 0x0, 0xbe, 0xf, 0xe0, 0x0,
    0x3f, 0x83, 0xf4, 0x0, 0xf, 0xd0, 0xfd, 0x0,
    0x3, 0xf4, 0x7f, 0x0, 0x0, 0xfc, 0x1f, 0xc0,
    0x0, 0x7f, 0x7, 0xf0, 0x0, 0x1f, 0xc2, 0xfc,
    0x0, 0xb, 0xf0, 0x7f, 0x40, 0x2, 0xf8, 0xf,
    0xf9, 0x55, 0xfe, 0x3, 0xff, 0xff, 0xff, 0x80,
    0x3f, 0xff, 0xff, 0xd0, 0x1, 0xff, 0xff, 0xf4,
    0x0,

    /* U+0076 "v" */
    0xbf, 0x0, 0x0, 0x3f, 0x6f, 0xc0, 0x0, 0x1f,
    0xc7, 0xf0, 0x0, 0xf, 0xf1, 0xfc, 0x0, 0x3,
    0xf4, 0x3f, 0x40, 0x2, 0xfc, 0xf, 0xd0, 0x0,
    0xfe, 0x3, 0xf8, 0x0, 0x3f, 0x40, 0xfe, 0x0,
    0x2f, 0xc0, 0x2f, 0xc0, 0xf, 0xe0, 0xb, 0xf0,
    0x7, 0xf4, 0x1, 0xfc, 0x2, 0xfc, 0x0, 0x7f,
    0x0, 0xfe, 0x0, 0xf, 0xc0, 0x7f, 0x0, 0x3,
    0xf4, 0x2f, 0xc0, 0x0, 0xff, 0xff, 0xd0, 0x0,
    0x3f, 0xff, 0xf0, 0x0, 0x7, 0xff, 0xf4, 0x0,
    0x0,

    /* U+0077 "w" */
    0xbf, 0x0, 0x0, 0x0, 0x0, 0xb, 0xe7, 0xf0,
    0x0, 0x15, 0x40, 0x0, 0xfd, 0x7f, 0x0, 0xb,
    0xfd, 0x0, 0x1f, 0xc3, 0xf4, 0x0, 0xff, 0xd0,
    0x3, 0xf8, 0x3f, 0x40, 0x1f, 0xfe, 0x0, 0x3f,
    0x43, 0xf8, 0x3, 0xff, 0xe0, 0xb, 0xf0, 0x3f,
    0x80, 0x3f, 0x7f, 0x0, 0xfe, 0x2, 0xf8, 0xb,
    0xe3, 0xf0, 0x1f, 0xc0, 0x2f, 0xc0, 0xfd, 0x3f,
    0x2, 0xfc, 0x1, 0xfc, 0x1f, 0xc3, 0xf4, 0x3f,
    0x40, 0x1f, 0xc2, 0xf8, 0x3f, 0x47, 0xf0, 0x0,
    0xfc, 0x3f, 0x42, 0xf8, 0xbf, 0x0, 0xf, 0xd7,
    0xf0, 0x2f, 0x8f, 0xd0, 0x0, 0xfe, 0xfe, 0x1,
    0xfe, 0xfc, 0x0, 0xf, 0xff, 0xc0, 0x1f, 0xff,
    0x80, 0x0, 0xbf, 0xfc, 0x0, 0xff, 0xf4, 0x0,
    0x3, 0xff, 0x40, 0xb, 0xfe, 0x0, 0x0,

    /* U+0078 "x" */
    0x7, 0xfc, 0x0, 0xf, 0xf4, 0xb, 0xf4, 0x0,
    0xbf, 0x80, 0xf, 0xf0, 0x7, 0xf8, 0x0, 0x2f,
    0xe0, 0x3f, 0xc0, 0x0, 0x3f, 0xc3, 0xfc, 0x0,
    0x0, 0x7f, 0xbf, 0xd0, 0x0, 0x0, 0xbf, 0xfd,
    0x0, 0x0, 0x0, 0xff, 0xe0, 0x0, 0x0, 0x3,
    0xff, 0x0, 0x0, 0x0, 0x2f, 0xfd, 0x0, 0x0,
    0x1, 0xff, 0xfc, 0x0, 0x0, 0x1f, 0xf7, 0xf8,
    0x0, 0x0, 0xff, 0xf, 0xf0, 0x0, 0xf, 0xf4,
    0x1f, 0xf0, 0x0, 0xbf, 0x40, 0x2f, 0xd0, 0xb,
    0xf8, 0x0, 0x3f, 0xc0, 0x7f, 0xc0, 0x0, 0x7f,
    0x80,

    /* U+0079 "y" */
    0xbf, 0x0, 0x0, 0xf, 0xd3, 0xf4, 0x0, 0x2,
    0xfc, 0x3f, 0xc0, 0x0, 0x7f, 0x42, 0xfc, 0x0,
    0xf, 0xf0, 0x1f, 0xd0, 0x1, 0xfd, 0x0, 0xfe,
    0x0, 0x3f, 0xc0, 0xb, 0xf0, 0x7, 0xf4, 0x0,
    0x7f, 0x40, 0xfe, 0x0, 0x3, 0xf8, 0x1f, 0xc0,
    0x0, 0x2f, 0xc3, 0xf8, 0x0, 0x1, 0xfc, 0xbf,
    0x0, 0x0, 0xf, 0xef, 0xe0, 0x0, 0x0, 0xbf,
    0xfc, 0x0, 0x0, 0x7, 0xff, 0x80, 0x0, 0x0,
    0x3f, 0xf0, 0x0, 0x0, 0x2, 0xfd, 0x0, 0x0,
    0x0, 0x2f, 0xc0, 0x0, 0x0, 0x7, 0xf4, 0x0,
    0x0, 0x0, 0xff, 0x0, 0x0, 0x0, 0x1f, 0xd0,
    0x0, 0x0, 0x3, 0xfc, 0x0, 0x0, 0x0, 0x7f,
    0x40, 0x0, 0x0, 0xf, 0xe0, 0x0, 0x0, 0x0,

    /* U+007A "z" */
    0xf, 0xff, 0xff, 0xf4, 0x7f, 0xff, 0xff, 0xd1,
    0xff, 0xff, 0xff, 0x0, 0x0, 0xb, 0xf4, 0x0,
    0x0, 0x7f, 0x80, 0x0, 0x7, 0xfc, 0x0, 0x0,
    0x3f, 0xc0, 0x0, 0x3, 0xfc, 0x0, 0x0, 0x3f,
    0xd0, 0x0, 0x2, 0xfd, 0x0, 0x0, 0x1f, 0xe0,
    0x0, 0x1, 0xfe, 0x0, 0x0, 0xf, 0xf0, 0x0,
    0x0, 0xff, 0x40, 0x0, 0xb, 0xff, 0xff, 0xfd,
    0x3f, 0xff, 0xff, 0xf0, 0xff, 0xff, 0xff, 0xc0,

    /* U+007B "{" */
    0x0, 0x3, 0xff, 0xd0, 0x0, 0xff, 0xfd, 0x0,
    0x1f, 0xff, 0xc0, 0x1, 0xfc, 0x0, 0x0, 0x2f,
    0xc0, 0x0, 0x2, 0xf8, 0x0, 0x0, 0x3f, 0x80,
    0x0, 0x3, 0xf4, 0x0, 0x0, 0x3f, 0x40, 0x0,
    0x3, 0xf0, 0x0, 0x0, 0x7f, 0x0, 0x0, 0xf,
    0xe0, 0x0, 0x3f, 0xfc, 0x0, 0x3, 0xff, 0x0,
    0x0, 0x7f, 0xf8, 0x0, 0x0, 0x2f, 0xc0, 0x0,
    0x0, 0xfc, 0x0, 0x0, 0x1f, 0xc0, 0x0, 0x1,
    0xfc, 0x0, 0x0, 0x1f, 0xc0, 0x0, 0x2, 0xf8,
    0x0, 0x0, 0x2f, 0x80, 0x0, 0x3, 0xf8, 0x0,
    0x0, 0x3f, 0x40, 0x0, 0x3, 0xf4, 0x0, 0x0,
    0x3f, 0x0, 0x0, 0x3, 0xff, 0xf0, 0x0, 0x3f,
    0xff, 0x0, 0x1, 0xff, 0xf0, 0x0,

    /* U+007C "|" */
    0x0, 0xfc, 0x0, 0xfc, 0x0, 0xfc, 0x1, 0xfc,
    0x1, 0xfc, 0x2, 0xf8, 0x2, 0xf8, 0x3, 0xf4,
    0x3, 0xf4, 0x3, 0xf0, 0x3, 0xf0, 0x7, 0xf0,
    0x7, 0xf0, 0xb, 0xe0, 0xb, 0xe0, 0xf, 0xd0,
    0xf, 0xd0, 0xf, 0xc0, 0xf, 0xc0, 0x1f, 0xc0,
    0x1f, 0xc0, 0x2f, 0x80, 0x2f, 0x80, 0x3f, 0x40,
    0x3f, 0x40, 0x3f, 0x0, 0x3f, 0x0, 0x7f, 0x0,
    0x7f, 0x0,

    /* U+007D "}" */
    0x1, 0xff, 0xf0, 0x0, 0x7f, 0xfe, 0x0, 0x2f,
    0xff, 0x80, 0x0, 0xb, 0xe0, 0x0, 0x3, 0xf4,
    0x0, 0x0, 0xfd, 0x0, 0x0, 0x3f, 0x0, 0x0,
    0xf, 0xc0, 0x0, 0x7, 0xf0, 0x0, 0x2, 0xfc,
    0x0, 0x0, 0xbe, 0x0, 0x0, 0x2f, 0xc0, 0x0,
    0x3, 0xff, 0xc0, 0x0, 0x7f, 0xe0, 0x0, 0x7f,
    0xf8, 0x0, 0x3f, 0x80, 0x0, 0x1f, 0xc0, 0x0,
    0xb, 0xf0, 0x0, 0x2, 0xf8, 0x0, 0x0, 0xfe,
    0x0, 0x0, 0x3f, 0x40, 0x0, 0xf, 0xd0, 0x0,
    0x3, 0xf0, 0x0, 0x1, 0xfc, 0x0, 0x0, 0x7f,
    0x0, 0x0, 0x2f, 0xc0, 0xb, 0xff, 0xe0, 0x3,
    0xff, 0xf4, 0x0, 0xff, 0xf4, 0x0, 0x0,

    /* U+007E "~" */
    0x2, 0xfe, 0x0, 0x5, 0x40, 0xff, 0xfc, 0x0,
    0xfc, 0x2f, 0xff, 0xf0, 0x1f, 0xc3, 0xf9, 0xbf,
    0xd7, 0xf8, 0x7f, 0x2, 0xff, 0xff, 0xb, 0xe0,
    0xb, 0xff, 0xd0, 0x54, 0x0, 0x1f, 0xe0, 0x0,

    /* U+00B0 "°" */
    0x0, 0x0, 0x1f, 0xf8, 0x7f, 0xfd, 0xb8, 0x3e,
    0xf4, 0x2e, 0xf8, 0x7d, 0xbf, 0xfc, 0x2f, 0xe0,

    /* U+4E00 "一" */
    0x2f, 0xff, 0xff, 0xff, 0xff, 0xff, 0xd3, 0xff,
    0xff, 0xff, 0xff, 0xff, 0xfd, 0x3f, 0xff, 0xff,
    0xff, 0xff, 0xff, 0xc1, 0x55, 0x55, 0x55, 0x55,
    0x55, 0x54,

    /* U+4E0A "上" */
    0x0, 0x0, 0x0, 0x2a, 0x0, 0x0, 0x0, 0x0,
    0x0, 0x7, 0xf0, 0x0, 0x0, 0x0, 0x0, 0x0,
    0xbe, 0x0, 0x0, 0x0, 0x0, 0x0, 0xb, 0xe0,
    0x0, 0x0, 0x0, 0x0, 0x0, 0xfd, 0x0, 0x0,
    0x0, 0x0, 0x0, 0xf, 0xd0, 0x0, 0x0, 0x0,
    0x0, 0x0, 0xfc, 0x0, 0x0, 0x0, 0x0, 0x0,
    0xf, 0xc0, 0x0, 0x0, 0x0, 0x0, 0x0, 0xff,
    0xff, 0xff, 0x80, 0x0, 0x0, 0x1f, 0xff, 0xff,
    0xf4, 0x0, 0x0, 0x1, 0xff, 0xff, 0xff, 0x0,
    0x0, 0x0, 0x2f, 0x80, 0x0, 0x0, 0x0, 0x0,
    0x2, 0xf8, 0x0, 0x0, 0x0, 0x0, 0x0, 0x3f,
    0x40, 0x0, 0x0, 0x0, 0x0, 0x3, 0xf4, 0x0,
    0x0, 0x0, 0x0, 0x0, 0x3f, 0x0, 0x0, 0x0,
    0x0, 0x0, 0x3, 0xf0, 0x0, 0x0, 0x0, 0x0,
    0x0, 0x3f, 0x0, 0x0, 0x0, 0x0, 0x0, 0x7,
    0xf0, 0x0, 0x0, 0x0, 0x0, 0x0, 0x7e, 0x0,
    0x0, 0x0, 0x0, 0x0, 0xb, 0xe0, 0x0, 0x0,
    0x0, 0x0, 0x0, 0xbe, 0x0, 0x0, 0x0, 0xbf,
    0xff, 0xff, 0xff, 0xff, 0xff, 0xcf, 0xff, 0xff,
    0xff, 0xff, 0xff, 0xfc, 0xff, 0xff, 0xff, 0xff,
    0xff, 0xff, 0xc0, 0x0, 0x0, 0x0, 0x0, 0x0,
    0x0,

    /* U+4E0B "下" */
    0x3f, 0xff, 0xff, 0xff, 0xff, 0xff, 0xc7, 0xff,
    0xff, 0xff, 0xff, 0xff, 0xfc, 0x7f, 0xff, 0xff,
    0xff, 0xff, 0xff, 0xc0, 0x0, 0x0, 0xbe, 0x0,
    0x0, 0x0, 0x0, 0x0, 0xf, 0xd0, 0x0, 0x0,
    0x0, 0x0, 0x0, 0xfd, 0x0, 0x0, 0x0, 0x0,
    0x0, 0xf, 0xc0, 0x0, 0x0, 0x0, 0x0, 0x0,
    0xfc, 0xbd, 0x0, 0x0, 0x0, 0x0, 0xf, 0xc7,
    0xf0, 0x0, 0x0, 0x0, 0x1, 0xfc, 0x2f, 0x80,
    0x0, 0x0, 0x0, 0x1f, 0xc0, 0xfc, 0x0, 0x0,
    0x0, 0x2, 0xf8, 0xb, 0xf0, 0x0, 0x0, 0x0,
    0x2f, 0x80, 0x3f, 0x40, 0x0, 0x0, 0x3, 0xf4,
    0x1, 0xfc, 0x0, 0x0, 0x0, 0x3f, 0x40, 0xf,
    0xe0, 0x0, 0x0, 0x3, 0xf0, 0x0, 0x2a, 0x0,
    0x0, 0x0, 0x3f, 0x0, 0x0, 0x0, 0x0, 0x0,
    0x3, 0xf0, 0x0, 0x0, 0x0, 0x0, 0x0, 0x7f,
    0x0, 0x0, 0x0, 0x0, 0x0, 0x7, 0xf0, 0x0,
    0x0, 0x0, 0x0, 0x0, 0xbe, 0x0, 0x0, 0x0,
    0x0, 0x0, 0xb, 0xe0, 0x0, 0x0, 0x0, 0x0,
    0x0, 0xbd, 0x0, 0x0, 0x0, 0x0, 0x0, 0xf,
    0xd0, 0x0, 0x0, 0x0,

    /* U+4E24 "两" */
    0x1a, 0xaa, 0xaa, 0xaa, 0xaa, 0xaa, 0x82, 0xff,
    0xff, 0xff, 0xff, 0xff, 0xfc, 0x3f, 0xff, 0xff,
    0xff, 0xff, 0xff, 0xc0, 0x0, 0xb, 0xc0, 0x3f,
    0x0, 0x0, 0x0, 0x0, 0xbc, 0x3, 0xe0, 0x0,
    0x0, 0x0, 0xf, 0xc0, 0x3e, 0x0, 0x0, 0x1,
    0xaa, 0xfe, 0xab, 0xfa, 0xa4, 0x0, 0x7f, 0xff,
    0xff, 0xff, 0xff, 0xd0, 0xf, 0xff, 0xff, 0xff,
    0xff, 0xff, 0x0, 0xf8, 0x1f, 0x40, 0xbc, 0x3,
    0xf0, 0x1f, 0x82, 0xf0, 0xf, 0xc0, 0x7e, 0x1,
    0xf4, 0x3f, 0x40, 0xf8, 0x7, 0xe0, 0x2f, 0x43,
    0xfc, 0x1f, 0xc0, 0xbd, 0x2, 0xf0, 0xbf, 0xe3,
    0xfe, 0xb, 0xd0, 0x2f, 0xf, 0xdf, 0x7f, 0xf4,
    0xbc, 0x3, 0xf2, 0xf4, 0xff, 0xcf, 0xcf, 0xc0,
    0x3f, 0x3f, 0x5, 0xf8, 0x7d, 0xfc, 0x3, 0xff,
    0xc0, 0x3f, 0x3, 0xff, 0xc0, 0x3f, 0xb8, 0xb,
    0xe0, 0x1d, 0xf8, 0x7, 0xe0, 0x0, 0x18, 0x0,
    0x1f, 0x80, 0x7d, 0x0, 0x0, 0x0, 0x1, 0xf4,
    0xb, 0xd0, 0x0, 0x0, 0x10, 0x2f, 0x40, 0xbc,
    0x0, 0x0, 0x3, 0xff, 0xf0, 0xf, 0xc0, 0x0,
    0x0, 0x7f, 0xff, 0x0, 0xfc, 0x0, 0x0, 0x1,
    0xbf, 0xc0, 0x0,

    /* U+4E2A "个" */
    0x0, 0x0, 0x0, 0x0, 0x0, 0x0, 0x0, 0x0,
    0x0, 0xf, 0xff, 0xff, 0x80, 0x0, 0x0, 0x0,
    0x3f, 0xff, 0xff, 0xd0, 0x0, 0x0, 0x0, 0xbf,
    0xff, 0xff, 0xf0, 0x0, 0x0, 0x2, 0xfd, 0x0,
    0x3, 0xf4, 0x0, 0x0, 0x7, 0xf8, 0x0, 0x1,
    0xfc, 0x0, 0x0, 0xf, 0xf0, 0x0, 0x0, 0xfe,
    0x0, 0x0, 0x3f, 0xc0, 0x0, 0x0, 0x7f, 0x0,
    0x0, 0xbf, 0x40, 0x2a, 0x0, 0x3f, 0xc0, 0x1,
    0xfe, 0x0, 0x3f, 0x0, 0xf, 0xd0, 0x3, 0xf8,
    0x0, 0x3f, 0x0, 0xb, 0xf0, 0xf, 0xf0, 0x0,
    0x7f, 0x0, 0x3, 0xf8, 0x2f, 0xc0, 0x0, 0x7e,
    0x0, 0x2, 0xfc, 0x1, 0x40, 0x0, 0xbe, 0x0,
    0x0, 0x50, 0x0, 0x0, 0x0, 0xbd, 0x0, 0x0,
    0x0, 0x0, 0x0, 0x0, 0xfd, 0x0, 0x0, 0x0,
    0x0, 0x0, 0x0, 0xfc, 0x0, 0x0, 0x0, 0x0,
    0x0, 0x0, 0xfc, 0x0, 0x0, 0x0, 0x0, 0x0,
    0x0, 0xfc, 0x0, 0x0, 0x0, 0x0, 0x0, 0x1,
    0xfc, 0x0, 0x0, 0x0, 0x0, 0x0, 0x1, 0xfc,
    0x0, 0x0, 0x0, 0x0, 0x0, 0x2, 0xf8, 0x0,
    0x0, 0x0, 0x0, 0x0, 0x2, 0xf8, 0x0, 0x0,
    0x0, 0x0, 0x0, 0x3, 0xf4, 0x0, 0x0, 0x0,
    0x0, 0x0, 0x3, 0xf4, 0x0, 0x0, 0x0, 0x0,
    0x0, 0x3, 0xf0, 0x0, 0x0, 0x0,

    /* U+4E2D "中" */
    0x0, 0x0, 0x0, 0xa8, 0x0, 0x0, 0x0, 0x0,
    0x0, 0x3f, 0x0, 0x0, 0x0, 0x0, 0x0, 0xf,
    0xc0, 0x0, 0x0, 0x0, 0x0, 0x7, 0xf0, 0x0,
    0x0, 0x0, 0x0, 0x1, 0xf8, 0x0, 0x0, 0x1,
    0xff, 0xff, 0xff, 0xff, 0xff, 0x0, 0xff, 0xff,
    0xff, 0xff, 0xff, 0xf0, 0x3f, 0xaa, 0xaf, 0xfa,
    0xaa, 0xfc, 0x1f, 0x80, 0x3, 0xf0, 0x0, 0x3f,
    0x7, 0xe0, 0x0, 0xfc, 0x0, 0xf, 0xc2, 0xf4,
    0x0, 0x3f, 0x0, 0x7, 0xe0, 0xbd, 0x0, 0xf,
    0xc0, 0x1, 0xf8, 0x3f, 0x0, 0x7, 0xf0, 0x0,
    0xbd, 0xf, 0xc0, 0x1, 0xf8, 0x0, 0x2f, 0x43,
    0xf0, 0x0, 0x7e, 0x0, 0xf, 0xc0, 0xff, 0xff,
    0xff, 0xff, 0xff, 0xf0, 0x3f, 0xff, 0xff, 0xff,
    0xff, 0xfc, 0x1f, 0xff, 0xff, 0xff, 0xff, 0xff,
    0x0, 0x0, 0x0, 0xfc, 0x0, 0x0, 0x0, 0x0,
    0x0, 0x3f, 0x0, 0x0, 0x0, 0x0, 0x0, 0xf,
    0xc0, 0x0, 0x0, 0x0, 0x0, 0x3, 0xf0, 0x0,
    0x0, 0x0, 0x0, 0x1, 0xf8, 0x0, 0x0, 0x0,
    0x0, 0x0, 0x7e, 0x0, 0x0, 0x0, 0x0, 0x0,
    0x2f, 0x80, 0x0, 0x0, 0x0, 0x0, 0xb, 0xd0,
    0x0, 0x0, 0x0,

    /* U+4E3A "为" */
    0x0, 0x0, 0x0, 0x15, 0x0, 0x0, 0x0, 0x1f,
    0x80, 0x1f, 0x80, 0x0, 0x0, 0x3, 0xf0, 0xb,
    0xd0, 0x0, 0x0, 0x0, 0x7e, 0x3, 0xf0, 0x0,
    0x0, 0x0, 0xf, 0xc0, 0xfc, 0x0, 0x0, 0x0,
    0x1, 0xa0, 0x7f, 0x0, 0x0, 0x0, 0x0, 0x0,
    0x2f, 0x80, 0x0, 0x0, 0x2f, 0xff, 0xff, 0xff,
    0xff, 0xf8, 0xb, 0xff, 0xff, 0xff, 0xff, 0xff,
    0x42, 0xaa, 0xab, 0xfe, 0xaa, 0xaf, 0xd0, 0x0,
    0x0, 0xbd, 0x0, 0x2, 0xf4, 0x0, 0x0, 0x3f,
    0x0, 0x0, 0xbd, 0x0, 0x0, 0x1f, 0x95, 0x0,
    0x3f, 0x0, 0x0, 0xf, 0xc7, 0xe0, 0xf, 0xc0,
    0x0, 0x7, 0xf0, 0xfc, 0x3, 0xf0, 0x0, 0x3,
    0xf4, 0x2f, 0x1, 0xf8, 0x0, 0x2, 0xfc, 0x7,
    0xe0, 0x7e, 0x0, 0x1, 0xfc, 0x0, 0xfc, 0x2f,
    0x40, 0x0, 0xfe, 0x0, 0x2f, 0xb, 0xd0, 0x0,
    0xbf, 0x0, 0x0, 0x3, 0xf0, 0x0, 0xbf, 0x40,
    0x0, 0x0, 0xfc, 0x0, 0x7f, 0x80, 0x0, 0x0,
    0x7f, 0x0, 0x7f, 0x80, 0x2, 0xe9, 0x2f, 0x80,
    0x7f, 0xc0, 0x0, 0xff, 0xff, 0xd0, 0x7f, 0xc0,
    0x0, 0x2f, 0xff, 0xf0, 0x7, 0x80, 0x0, 0x0,
    0x1b, 0xf4, 0x0, 0x0, 0x0, 0x0, 0x0, 0x0,
    0x0,

    /* U+4E3B "主" */
    0x0, 0x0, 0x1, 0xa4, 0x0, 0x0, 0x0, 0x0,
    0x0, 0x1f, 0xc0, 0x0, 0x0, 0x0, 0x0, 0x0,
    0xfd, 0x0, 0x0, 0x0, 0x0, 0x0, 0xb, 0xe0,
    0x0, 0x0, 0x2, 0xff, 0xff, 0xff, 0xff, 0xff,
    0xc0, 0x3f, 0xff, 0xff, 0xff, 0xff, 0xfc, 0x3,
    0xff, 0xff, 0xff, 0xff, 0xff, 0xc0, 0x0, 0x0,
    0xb, 0xe0, 0x0, 0x0, 0x0, 0x0, 0x0, 0xfd,
    0x0, 0x0, 0x0, 0x0, 0x0, 0xf, 0xd0, 0x0,
    0x0, 0x0, 0x0, 0x0, 0xfc, 0x0, 0x0, 0x0,
    0x0, 0x0, 0xf, 0xc0, 0x0, 0x0, 0x0, 0x0,
    0x1, 0xfc, 0x0, 0x0, 0x0, 0x1f, 0xff, 0xff,
    0xff, 0xff, 0xd0, 0x2, 0xff, 0xff, 0xff, 0xff,
    0xfd, 0x0, 0x2f, 0xff, 0xff, 0xff, 0xff, 0xc0,
    0x0, 0x0, 0x2, 0xf4, 0x0, 0x0, 0x0, 0x0,
    0x0, 0x3f, 0x40, 0x0, 0x0, 0x0, 0x0, 0x3,
    0xf0, 0x0, 0x0, 0x0, 0x0, 0x0, 0x3f, 0x0,
    0x0, 0x0, 0x0, 0x0, 0x3, 0xf0, 0x0, 0x0,
    0x0, 0x0, 0x0, 0x7f, 0x0, 0x0, 0x0, 0x7f,
    0xff, 0xff, 0xff, 0xff, 0xff, 0x8b, 0xff, 0xff,
    0xff, 0xff, 0xff, 0xfc, 0xff, 0xff, 0xff, 0xff,
    0xff, 0xff, 0xc0, 0x0, 0x0, 0x0, 0x0, 0x0,
    0x0,

    /* U+4E49 "义" */
    0x0, 0x0, 0x0, 0x54, 0x0, 0x0, 0x0, 0x0,
    0x0, 0x3, 0xf0, 0x0, 0x0, 0x0, 0x5, 0x40,
    0xf, 0xe0, 0x0, 0xa9, 0x0, 0x2f, 0x80, 0x1f,
    0xc0, 0x7, 0xf0, 0x0, 0x7f, 0x0, 0x3f, 0x0,
    0x2f, 0x80, 0x0, 0xfd, 0x0, 0xfe, 0x0, 0xfd,
    0x0, 0x2, 0xfc, 0x1, 0xfc, 0xb, 0xf0, 0x0,
    0x3, 0xf4, 0x3, 0xf0, 0x3f, 0x40, 0x0, 0xb,
    0xf0, 0x0, 0x2, 0xfc, 0x0, 0x0, 0xf, 0xd0,
    0x0, 0x1f, 0xc0, 0x0, 0x0, 0x2f, 0xc0, 0x0,
    0xfe, 0x0, 0x0, 0x0, 0x3f, 0x80, 0xb, 0xf0,
    0x0, 0x0, 0x0, 0x7f, 0x40, 0x7f, 0x40, 0x0,
    0x0, 0x0, 0xff, 0x7, 0xf8, 0x0, 0x0, 0x0,
    0x0, 0xff, 0x3f, 0xc0, 0x0, 0x0, 0x0, 0x1,
    0xff, 0xfc, 0x0, 0x0, 0x0, 0x0, 0x2, 0xff,
    0xc0, 0x0, 0x0, 0x0, 0x0, 0x7, 0xfe, 0x0,
    0x0, 0x0, 0x0, 0x0, 0xbf, 0xff, 0x0, 0x0,
    0x0, 0x0, 0xf, 0xff, 0xff, 0x0, 0x0, 0x0,
    0x2, 0xff, 0xc3, 0xff, 0x40, 0x0, 0x0, 0x7f,
    0xf8, 0x3, 0xff, 0x80, 0x0, 0x1f, 0xff, 0x40,
    0x2, 0xff, 0xd0, 0x7, 0xff, 0xe0, 0x0, 0x1,
    0xff, 0xe0, 0x3f, 0xf8, 0x0, 0x0, 0x0, 0xff,
    0xf0, 0x3e, 0x0, 0x0, 0x0, 0x0, 0x7f, 0x0,
    0x0, 0x0, 0x0, 0x0, 0x0, 0x10, 0x0,

    /* U+4E4B "之" */
    0x0, 0x0, 0x0, 0x2a, 0x0, 0x0, 0x0, 0x0,
    0x0, 0x0, 0xfc, 0x0, 0x0, 0x0, 0x0, 0x0,
    0x3, 0xf8, 0x0, 0x0, 0x0, 0x0, 0x0, 0xb,
    0xf0, 0x0, 0x0, 0x0, 0x6a, 0xaa, 0xbf, 0xea,
    0xaa, 0x0, 0x2, 0xff, 0xff, 0xff, 0xff, 0xff,
    0x0, 0xb, 0xff, 0xff, 0xff, 0xff, 0xfc, 0x0,
    0x0, 0x0, 0x0, 0x0, 0x1f, 0xe0, 0x0, 0x0,
    0x0, 0x0, 0x0, 0xff, 0x0, 0x0, 0x0, 0x0,
    0x0, 0xb, 0xf4, 0x0, 0x0, 0x0, 0x0, 0x0,
    0xbf, 0x80, 0x0, 0x0, 0x0, 0x0, 0xb, 0xf8,
    0x0, 0x0, 0x0, 0x0, 0x0, 0xbf, 0x80, 0x0,
    0x0, 0x0, 0x0, 0xf, 0xf8, 0x0, 0x0, 0x0,
    0x0, 0x1, 0xff, 0x40, 0x0, 0x0, 0x0, 0x0,
    0x2f, 0xf4, 0x0, 0x0, 0x0, 0x0, 0x3, 0xff,
    0x0, 0x0, 0x0, 0x0, 0x0, 0xbf, 0xe0, 0x0,
    0x0, 0x0, 0x0, 0xaf, 0xfd, 0x0, 0x0, 0x0,
    0x0, 0xf, 0xff, 0x80, 0x0, 0x0, 0x0, 0x0,
    0xff, 0xf4, 0x0, 0x0, 0x0, 0x0, 0xb, 0xff,
    0xf9, 0x0, 0x0, 0x0, 0x0, 0x7f, 0xf, 0xff,
    0xff, 0xff, 0xff, 0x3, 0xf4, 0xb, 0xff, 0xff,
    0xff, 0xfc, 0x3f, 0x80, 0x1, 0xbf, 0xff, 0xff,
    0xe0, 0x18, 0x0, 0x0, 0x0, 0x0, 0x0, 0x0,

    /* U+4E8E "于" */
    0x1, 0xff, 0xff, 0xff, 0xff, 0xff, 0x80, 0x1f,
    0xff, 0xff, 0xff, 0xff, 0xf8, 0x1, 0xff, 0xff,
    0xff, 0xff, 0xff, 0x40, 0x0, 0x0, 0x3, 0xf0,
    0x0, 0x0, 0x0, 0x0, 0x0, 0x3f, 0x0, 0x0,
    0x0, 0x0, 0x0, 0x7, 0xf0, 0x0, 0x0, 0x0,
    0x0, 0x0, 0x7f, 0x0, 0x0, 0x0, 0x0, 0x0,
    0x7, 0xe0, 0x0, 0x0, 0x0, 0x0, 0x0, 0xbe,
    0x0, 0x0, 0x3, 0xff, 0xff, 0xff, 0xff, 0xff,
    0xff, 0x7f, 0xff, 0xff, 0xff, 0xff, 0xff, 0xf7,
    0xff, 0xff, 0xff, 0xff, 0xff, 0xfe, 0x0, 0x0,
    0x0, 0xfc, 0x0, 0x0, 0x0, 0x0, 0x0, 0xf,
    0xc0, 0x0, 0x0, 0x0, 0x0, 0x1, 0xfc, 0x0,
    0x0, 0x0, 0x0, 0x0, 0x1f, 0x80, 0x0, 0x0,
    0x0, 0x0, 0x1, 0xf8, 0x0, 0x0, 0x0, 0x0,
    0x0, 0x2f, 0x40, 0x0, 0x0, 0x0, 0x0, 0x2,
    0xf4, 0x0, 0x0, 0x0, 0x0, 0x0, 0x3f, 0x40,
    0x0, 0x0, 0x0, 0x2f, 0x93, 0xf0, 0x0, 0x0,
    0x0, 0x3, 0xff, 0xff, 0x0, 0x0, 0x0, 0x0,
    0x2f, 0xff, 0xf0, 0x0, 0x0, 0x0, 0x0, 0x6,
    0xfc, 0x0, 0x0, 0x0,

    /* U+4EBA "人" */
    0x0, 0x0, 0x0, 0xa, 0x80, 0x0, 0x0, 0x0,
    0x0, 0x0, 0x7f, 0x0, 0x0, 0x0, 0x0, 0x0,
    0x2, 0xfc, 0x0, 0x0, 0x0, 0x0, 0x0, 0xb,
    0xe0, 0x0, 0x0, 0x0, 0x0, 0x0, 0x3f, 0x40,
    0x0, 0x0, 0x0, 0x0, 0x0, 0xfd, 0x0, 0x0,
    0x0, 0x0, 0x0, 0x7, 0xf0, 0x0, 0x0, 0x0,
    0x0, 0x0, 0x2f, 0xd0, 0x0, 0x0, 0x0, 0x0,
    0x0, 0xff, 0x80, 0x0, 0x0, 0x0, 0x0, 0x7,
    0xff, 0x0, 0x0, 0x0, 0x0, 0x0, 0x3f, 0xfd,
    0x0, 0x0, 0x0, 0x0, 0x0, 0xfe, 0xfc, 0x0,
    0x0, 0x0, 0x0, 0xb, 0xf3, 0xf4, 0x0, 0x0,
    0x0, 0x0, 0x3f, 0x4b, 0xf0, 0x0, 0x0, 0x0,
    0x3, 0xfc, 0xf, 0xd0, 0x0, 0x0, 0x0, 0x1f,
    0xd0, 0x2f, 0xc0, 0x0, 0x0, 0x0, 0xff, 0x0,
    0x3f, 0x40, 0x0, 0x0, 0xb, 0xf0, 0x0, 0xbf,
    0x0, 0x0, 0x0, 0xbf, 0x80, 0x0, 0xfe, 0x0,
    0x0, 0x7, 0xfc, 0x0, 0x1, 0xfd, 0x0, 0x0,
    0x3f, 0xc0, 0x0, 0x3, 0xfc, 0x0, 0x3, 0xfd,
    0x0, 0x0, 0x3, 0xfc, 0x0, 0x3f, 0xd0, 0x0,
    0x0, 0x7, 0xfc, 0x3, 0xfd, 0x0, 0x0, 0x0,
    0xb, 0xfc, 0x3f, 0xd0, 0x0, 0x0, 0x0, 0xb,
    0xf8, 0x2d, 0x0, 0x0, 0x0, 0x0, 0xe, 0x40,
    0x0, 0x0, 0x0, 0x0, 0x0, 0x0, 0x0,

    /* U+4EFB "任" */
    0x0, 0x0, 0x69, 0x0, 0x0, 0x0, 0x0, 0x0,
    0x3, 0xf4, 0x0, 0x0, 0x5, 0x80, 0x0, 0x2f,
    0x86, 0xab, 0xff, 0xff, 0x0, 0x0, 0xfc, 0x3f,
    0xff, 0xff, 0xfc, 0x0, 0xb, 0xe1, 0xff, 0xff,
    0xe5, 0x40, 0x0, 0x7f, 0x0, 0x0, 0x7e, 0x0,
    0x0, 0x3, 0xfc, 0x0, 0x1, 0xf8, 0x0, 0x0,
    0x2f, 0xe0, 0x0, 0xb, 0xd0, 0x0, 0x0, 0xff,
    0x80, 0x0, 0x2f, 0x40, 0x0, 0xf, 0xfd, 0x0,
    0x0, 0xfc, 0x0, 0x0, 0x7f, 0xf4, 0x0, 0x3,
    0xf0, 0x0, 0x3, 0xff, 0xc2, 0xaa, 0xaf, 0xea,
    0xaa, 0x3f, 0x7f, 0xf, 0xff, 0xff, 0xff, 0xf9,
    0xf8, 0xfc, 0x7f, 0xff, 0xff, 0xff, 0xe0, 0x3,
    0xf0, 0x0, 0x7, 0xe0, 0x0, 0x0, 0x1f, 0x80,
    0x0, 0x2f, 0x40, 0x0, 0x0, 0x7e, 0x0, 0x0,
    0xbd, 0x0, 0x0, 0x1, 0xf4, 0x0, 0x3, 0xf0,
    0x0, 0x0, 0xb, 0xd0, 0x0, 0xf, 0xc0, 0x0,
    0x0, 0x2f, 0x0, 0x0, 0x3f, 0x0, 0x0, 0x0,
    0xfc, 0x0, 0x0, 0xfc, 0x0, 0x0, 0x3, 0xf0,
    0x0, 0x7, 0xe0, 0x0, 0x0, 0xf, 0xc1, 0xaa,
    0xbf, 0xea, 0xa9, 0x0, 0x3f, 0xb, 0xff, 0xff,
    0xff, 0xf4, 0x1, 0xf8, 0x3f, 0xff, 0xff, 0xff,
    0xc0, 0x7, 0xe0, 0x0, 0x0, 0x0, 0x0, 0x0,

    /* U+4F1A "会" */
    0x0, 0x0, 0x0, 0x0, 0x0, 0x0, 0x0, 0x0,
    0x0, 0xf, 0xff, 0xff, 0x0, 0x0, 0x0, 0x0,
    0x3f, 0xff, 0xff, 0xc0, 0x0, 0x0, 0x0, 0xff,
    0xaa, 0xaf, 0xe0, 0x0, 0x0, 0x2, 0xfd, 0x0,
    0x3, 0xf0, 0x0, 0x0, 0x7, 0xf4, 0x0, 0x2,
    0xfc, 0x0, 0x0, 0x1f, 0xe0, 0x0, 0x0, 0xfe,
    0x0, 0x0, 0x3f, 0xc0, 0x0, 0x0, 0x7f, 0x0,
    0x0, 0xff, 0x3f, 0xff, 0xff, 0x7f, 0xc0, 0x2,
    0xfc, 0x3f, 0xff, 0xff, 0x4f, 0xd0, 0xb, 0xf4,
    0x7f, 0xff, 0xff, 0xb, 0xf0, 0x1f, 0xe0, 0x0,
    0x0, 0x0, 0x3, 0xfc, 0x1a, 0x80, 0x0, 0x0,
    0x0, 0x1, 0xa4, 0x0, 0x0, 0x0, 0x0, 0x0,
    0x0, 0x0, 0x3, 0xff, 0xff, 0xff, 0xff, 0xff,
    0xe0, 0x3, 0xff, 0xff, 0xff, 0xff, 0xff, 0xe0,
    0x2, 0xff, 0xff, 0xff, 0xff, 0xff, 0xd0, 0x0,
    0x0, 0x3f, 0x80, 0x0, 0x0, 0x0, 0x0, 0x0,
    0xff, 0x0, 0x2f, 0x0, 0x0, 0x0, 0x2, 0xfc,
    0x0, 0x2f, 0x80, 0x0, 0x0, 0xb, 0xf4, 0x0,
    0xf, 0xc0, 0x0, 0x0, 0x1f, 0xd0, 0x0, 0xb,
    0xe0, 0x0, 0x0, 0x7f, 0x80, 0x16, 0xbf, 0xf0,
    0x0, 0x0, 0xff, 0xff, 0xff, 0xff, 0xf8, 0x0,
    0x1, 0xff, 0xff, 0xff, 0xff, 0xfc, 0x0, 0x0,
    0xbf, 0xfe, 0xa5, 0x0, 0xbe, 0x0, 0x0, 0x0,
    0x0, 0x0, 0x0, 0x0, 0x0,

    /* U+4F4D "位" */
    0x0, 0x1, 0xa8, 0x0, 0x7e, 0x0, 0x0, 0x0,
    0xf, 0xd0, 0x1, 0xfc, 0x0, 0x0, 0x0, 0x7f,
    0x0, 0x3, 0xf0, 0x0, 0x0, 0x3, 0xf4, 0x0,
    0xf, 0xe0, 0x0, 0x0, 0x1f, 0xc2, 0xaa, 0xbf,
    0xea, 0xa8, 0x0, 0xfe, 0xf, 0xff, 0xff, 0xff,
    0xf0, 0x7, 0xf4, 0x3f, 0xff, 0xff, 0xff, 0x80,
    0x3f, 0xd0, 0x0, 0x0, 0x0, 0x0, 0x1, 0xff,
    0x0, 0x0, 0x0, 0x0, 0x0, 0xf, 0xfc, 0x2,
    0xa0, 0x0, 0x3f, 0x0, 0xbf, 0xf0, 0xf, 0xc0,
    0x1, 0xf8, 0x7, 0xff, 0xc0, 0x2f, 0x0, 0xf,
    0xd0, 0x3f, 0x7e, 0x0, 0x7d, 0x0, 0x3f, 0x0,
    0x54, 0xf8, 0x1, 0xf4, 0x1, 0xfc, 0x0, 0x7,
    0xd0, 0x3, 0xe0, 0xb, 0xd0, 0x0, 0x1f, 0x40,
    0xf, 0xc0, 0x3f, 0x0, 0x0, 0xbc, 0x0, 0x3f,
    0x1, 0xfc, 0x0, 0x2, 0xf0, 0x0, 0xbc, 0xb,
    0xd0, 0x0, 0xf, 0xc0, 0x2, 0xf0, 0x3f, 0x0,
    0x0, 0x3f, 0x0, 0x7, 0xd1, 0xfc, 0x0, 0x0,
    0xfc, 0x0, 0x0, 0xb, 0xd0, 0x0, 0x3, 0xe0,
    0x0, 0x0, 0x3f, 0x0, 0x0, 0x1f, 0x80, 0x0,
    0x1, 0xfc, 0x0, 0x0, 0x7d, 0x1f, 0xff, 0xff,
    0xff, 0xfd, 0x2, 0xf4, 0xbf, 0xff, 0xff, 0xff,
    0xf4, 0xb, 0xc2, 0xff, 0xff, 0xff, 0xff, 0xc0,

    /* U+4F53 "体" */
    0x0, 0x2, 0xf4, 0x0, 0x2f, 0x0, 0x0, 0x0,
    0x3, 0xf0, 0x0, 0x3f, 0x0, 0x0, 0x0, 0xb,
    0xe0, 0x0, 0x3f, 0x0, 0x0, 0x0, 0xf, 0xc0,
    0x0, 0x3f, 0x0, 0x0, 0x0, 0x2f, 0x8a, 0xaa,
    0xbf, 0xaa, 0xa8, 0x0, 0x3f, 0x4f, 0xff, 0xff,
    0xff, 0xfc, 0x0, 0xbf, 0xf, 0xff, 0xff, 0xff,
    0xf8, 0x0, 0xff, 0x0, 0x2f, 0xbe, 0xf4, 0x0,
    0x2, 0xff, 0x0, 0x3f, 0xbd, 0xf4, 0x0, 0x7,
    0xff, 0x0, 0x3e, 0xbd, 0xf8, 0x0, 0xf, 0xfe,
    0x0, 0x7d, 0xfc, 0xf8, 0x0, 0x2f, 0xfe, 0x0,
    0xfc, 0xfc, 0xbc, 0x0, 0x3f, 0xbd, 0x0, 0xf8,
    0xfc, 0x7c, 0x0, 0x14, 0x7d, 0x2, 0xf0, 0xfc,
    0x3d, 0x0, 0x0, 0xbc, 0x3, 0xf0, 0xf8, 0x3e,
    0x0, 0x0, 0xbc, 0x7, 0xd1, 0xf8, 0x2f, 0x0,
    0x0, 0xfc, 0xf, 0xc1, 0xf4, 0x1f, 0x40, 0x0,
    0xfc, 0x2f, 0x42, 0xf4, 0xf, 0xc0, 0x0, 0xfc,
    0x3f, 0x2b, 0xfa, 0x9b, 0xc0, 0x0, 0xf8, 0xbd,
    0x7f, 0xff, 0xd7, 0xe0, 0x1, 0xf9, 0xf8, 0xbf,
    0xff, 0xc3, 0xf0, 0x1, 0xfb, 0xf0, 0x3, 0xf0,
    0x1, 0xf8, 0x2, 0xf4, 0x50, 0x3, 0xf0, 0x0,
    0xfc, 0x2, 0xf0, 0x0, 0x3, 0xe0, 0x0, 0x0,
    0x3, 0xf0, 0x0, 0x7, 0xe0, 0x0, 0x0, 0x3,
    0xf0, 0x0, 0x7, 0xe0, 0x0, 0x0, 0x0, 0x0,
    0x0, 0x0, 0x0, 0x0, 0x0,

    /* U+4F7F "使" */
    0x0, 0x1, 0xa4, 0x0, 0xa, 0x80, 0x0, 0x0,
    0x3, 0xf4, 0x0, 0xf, 0xc0, 0x0, 0x0, 0x7,
    0xf0, 0x0, 0xf, 0x80, 0x0, 0x0, 0xf, 0xd7,
    0xff, 0xff, 0xff, 0xfc, 0x0, 0x1f, 0xcb, 0xff,
    0xff, 0xff, 0xfc, 0x0, 0x3f, 0x46, 0xaa, 0xbf,
    0xaa, 0xa8, 0x0, 0x7f, 0x0, 0x0, 0x2f, 0x0,
    0x0, 0x0, 0xff, 0x0, 0x15, 0x7f, 0x55, 0x0,
    0x2, 0xff, 0x2, 0xff, 0xff, 0xff, 0xf0, 0x3,
    0xff, 0x7, 0xff, 0xff, 0xff, 0xf4, 0xb, 0xfe,
    0xb, 0xd0, 0x3f, 0x1, 0xf4, 0x1f, 0xfe, 0xb,
    0xc0, 0x3e, 0x1, 0xf0, 0x3f, 0x7e, 0xf, 0xc0,
    0x3e, 0x2, 0xf0, 0x69, 0x7d, 0xf, 0xc0, 0x7e,
    0x3, 0xf0, 0x0, 0x7d, 0xf, 0xff, 0xff, 0xff,
    0xf0, 0x0, 0xbc, 0xf, 0xff, 0xff, 0xff, 0xe0,
    0x0, 0xbc, 0x0, 0x1, 0xfc, 0x0, 0x0, 0x0,
    0xfc, 0xb, 0xd1, 0xf4, 0x0, 0x0, 0x0, 0xfc,
    0x3, 0xf7, 0xf0, 0x0, 0x0, 0x0, 0xfc, 0x0,
    0xff, 0xe0, 0x0, 0x0, 0x0, 0xf8, 0x0, 0x3f,
    0xd0, 0x0, 0x0, 0x1, 0xf8, 0x0, 0x7f, 0xfd,
    0x0, 0x0, 0x1, 0xf4, 0x2, 0xfe, 0xff, 0xe0,
    0x0, 0x2, 0xf4, 0x2f, 0xf4, 0x2f, 0xff, 0xe4,
    0x2, 0xf4, 0xff, 0x80, 0x1, 0xff, 0xf4, 0x2,
    0xf0, 0x3d, 0x0, 0x0, 0x6, 0xe0, 0x0, 0x0,
    0x0, 0x0, 0x0, 0x0, 0x0,

    /* U+4FDD "保" */
    0x0, 0x0, 0xa8, 0x0, 0x0, 0x0, 0x0, 0x0,
    0x7, 0xf0, 0xaf, 0xff, 0xf9, 0x0, 0x0, 0x3f,
    0x4b, 0xff, 0xff, 0xfe, 0x0, 0x2, 0xf8, 0x3f,
    0xff, 0xff, 0xfc, 0x0, 0xf, 0xc0, 0xf8, 0x0,
    0x3, 0xf0, 0x0, 0xbe, 0x7, 0xe0, 0x0, 0xf,
    0xc0, 0x7, 0xf4, 0x1f, 0x40, 0x0, 0x3e, 0x0,
    0x3f, 0xd0, 0xbd, 0x0, 0x1, 0xf8, 0x2, 0xff,
    0x2, 0xff, 0xff, 0xff, 0xe0, 0xf, 0xfc, 0xf,
    0xff, 0xff, 0xff, 0x40, 0xff, 0xf0, 0x2a, 0xab,
    0xfa, 0xa8, 0x7, 0xff, 0xc0, 0x0, 0xf, 0x80,
    0x0, 0x3f, 0x7e, 0x0, 0x0, 0x7d, 0x0, 0x0,
    0x54, 0xf8, 0xbf, 0xff, 0xff, 0xff, 0xe0, 0x7,
    0xd2, 0xff, 0xff, 0xff, 0xff, 0x40, 0x1f, 0x46,
    0xaa, 0xff, 0xea, 0xa8, 0x0, 0xbc, 0x0, 0xf,
    0xff, 0x80, 0x0, 0x2, 0xf0, 0x0, 0xbf, 0xff,
    0x40, 0x0, 0xf, 0xc0, 0xb, 0xef, 0xaf, 0x40,
    0x0, 0x3f, 0x0, 0xbe, 0x3e, 0x3f, 0x0, 0x0,
    0xfc, 0xf, 0xe0, 0xf8, 0x7f, 0x0, 0x3, 0xe1,
    0xfe, 0x7, 0xd0, 0x7f, 0x0, 0x1f, 0xaf, 0xe0,
    0x1f, 0x40, 0xbf, 0x0, 0x7d, 0x3d, 0x0, 0xbc,
    0x0, 0xbd, 0x2, 0xf4, 0x0, 0x2, 0xf0, 0x0,
    0x40, 0xb, 0xc0, 0x0, 0xb, 0xc0, 0x0, 0x0,

    /* U+4FE1 "信" */
    0x0, 0x0, 0x68, 0x0, 0x2a, 0x0, 0x0, 0x0,
    0x1, 0xfc, 0x0, 0x3f, 0x40, 0x0, 0x0, 0x3,
    0xf4, 0x0, 0x2f, 0x80, 0x0, 0x0, 0xb, 0xf3,
    0xff, 0xff, 0xff, 0xfe, 0x0, 0xf, 0xd7, 0xff,
    0xff, 0xff, 0xfe, 0x0, 0x2f, 0xc7, 0xff, 0xff,
    0xff, 0xfd, 0x0, 0x3f, 0x40, 0x0, 0x0, 0x0,
    0x0, 0x0, 0xff, 0x41, 0xaa, 0xaa, 0xaa, 0xa0,
    0x1, 0xff, 0x2, 0xff, 0xff, 0xff, 0xf0, 0x3,
    0xff, 0x2, 0xff, 0xff, 0xff, 0xf0, 0xb, 0xff,
    0x0, 0x0, 0x0, 0x0, 0x0, 0x1f, 0xff, 0x0,
    0x0, 0x0, 0x0, 0x0, 0x3f, 0xbf, 0x2, 0xaa,
    0xaa, 0xaa, 0x90, 0x6a, 0x7e, 0x3, 0xff, 0xff,
    0xff, 0xe0, 0x0, 0x7e, 0x3, 0xff, 0xff, 0xff,
    0xe0, 0x0, 0x7d, 0x0, 0x0, 0x0, 0x0, 0x0,
    0x0, 0xbd, 0x0, 0x55, 0x55, 0x55, 0x0, 0x0,
    0xbc, 0x3, 0xff, 0xff, 0xff, 0xc0, 0x0, 0xfc,
    0xb, 0xff, 0xff, 0xff, 0xd0, 0x0, 0xfc, 0xf,
    0xd0, 0x0, 0xf, 0xc0, 0x0, 0xfc, 0xf, 0xc0,
    0x0, 0xf, 0xc0, 0x0, 0xf8, 0xf, 0xc0, 0x0,
    0xf, 0xc0, 0x1, 0xf8, 0xf, 0xc0, 0x0, 0xf,
    0xc0, 0x1, 0xf4, 0xf, 0xea, 0xaa, 0xaf, 0xc0,
    0x2, 0xf4, 0x1f, 0xff, 0xff, 0xff, 0x80, 0x2,
    0xf0, 0x1f, 0xff, 0xff, 0xff, 0x80,

    /* U+503C "值" */
    0x0, 0x0, 0x54, 0x0, 0xa, 0x40, 0x0, 0x0,
    0x3, 0xf4, 0x0, 0x1f, 0x40, 0x0, 0x0, 0x7,
    0xf0, 0x0, 0x2f, 0x40, 0x0, 0x0, 0xf, 0xd3,
    0xff, 0xff, 0xff, 0xfc, 0x0, 0x1f, 0xc7, 0xff,
    0xff, 0xff, 0xfc, 0x0, 0x3f, 0x1, 0x55, 0x7f,
    0x55, 0x50, 0x0, 0x7f, 0x0, 0x0, 0x3f, 0x0,
    0x0, 0x0, 0xff, 0x0, 0xbf, 0xff, 0xff, 0x80,
    0x2, 0xff, 0x2, 0xff, 0xff, 0xff, 0xd0, 0x3,
    0xfe, 0x3, 0xf5, 0x55, 0x5b, 0xe0, 0xf, 0xfe,
    0x3, 0xe0, 0x0, 0x7, 0xd0, 0x1f, 0xfd, 0x3,
    0xf5, 0x55, 0x5b, 0xd0, 0x3f, 0xbd, 0x7, 0xff,
    0xff, 0xff, 0xc0, 0x15, 0x7d, 0x7, 0xff, 0xff,
    0xff, 0xc0, 0x0, 0xbc, 0xb, 0xd0, 0x0, 0xf,
    0xc0, 0x0, 0xbc, 0xb, 0xe5, 0x55, 0x5f, 0xc0,
    0x0, 0xfc, 0xb, 0xff, 0xff, 0xff, 0xc0, 0x0,
    0xfc, 0xf, 0xff, 0xff, 0xff, 0x80, 0x0, 0xf8,
    0xf, 0xc0, 0x0, 0xf, 0x80, 0x0, 0xf8, 0xf,
    0xff, 0xff, 0xff, 0x40, 0x1, 0xf4, 0xf, 0xff,
    0xff, 0xff, 0x40, 0x1, 0xf4, 0x1f, 0x95, 0x55,
    0x6f, 0x0, 0x2, 0xf0, 0x1f, 0x40, 0x0, 0x2f,
    0x0, 0x2, 0xf1, 0x6f, 0x95, 0x55, 0x7f, 0x54,
    0x3, 0xf2, 0xff, 0xff, 0xff, 0xff, 0xf8, 0x3,
    0xf3, 0xff, 0xff, 0xff, 0xff, 0xf8,

    /* U+503E "倾" */
    0x0, 0x1, 0x50, 0x0, 0x0, 0x0, 0x0, 0x0,
    0xb, 0xd0, 0x1, 0x55, 0x55, 0x55, 0x0, 0xf,
    0xcf, 0x82, 0xff, 0xff, 0xfe, 0x0, 0x1f, 0x8f,
    0x83, 0xff, 0xff, 0xfe, 0x0, 0x3f, 0xf, 0x40,
    0x1, 0xf8, 0x0, 0x0, 0x7e, 0x1f, 0x40, 0x1,
    0xf0, 0x0, 0x0, 0xfd, 0x1f, 0x0, 0x1b, 0xfa,
    0x90, 0x1, 0xfd, 0x2f, 0x0, 0xff, 0xff, 0xf4,
    0x3, 0xfc, 0x2f, 0x2, 0xff, 0xff, 0xf8, 0xb,
    0xfc, 0x2f, 0xf6, 0xf0, 0x0, 0xf8, 0xf, 0xfc,
    0x3f, 0xf7, 0xe0, 0x50, 0xf8, 0x2f, 0xfc, 0x3f,
    0xa3, 0xe2, 0xf0, 0xf4, 0x3f, 0xfc, 0x3d, 0x3,
    0xd2, 0xf1, 0xf4, 0x69, 0xf8, 0x3d, 0x3, 0xd3,
    0xf1, 0xf0, 0x0, 0xf8, 0x7c, 0x7, 0xc3, 0xe2,
    0xf0, 0x0, 0xf4, 0x7c, 0x7, 0xc3, 0xd2, 0xf0,
    0x1, 0xf4, 0x7c, 0xb, 0xc7, 0xd3, 0xf0, 0x1,
    0xf4, 0xbc, 0xb, 0xcb, 0xc3, 0xe0, 0x1, 0xf0,
    0xbc, 0xb, 0xcf, 0xd3, 0xe0, 0x2, 0xf0, 0xf8,
    0xa5, 0x6f, 0xf1, 0x40, 0x2, 0xf0, 0xff, 0xd0,
    0x7f, 0xfc, 0x0, 0x3, 0xf0, 0xff, 0xd0, 0xfd,
    0xbf, 0x0, 0x3, 0xe0, 0x7d, 0x7, 0xf8, 0x2f,
    0x80, 0x3, 0xe0, 0x0, 0x1f, 0xe0, 0xf, 0xd0,
    0x3, 0xe0, 0x0, 0xbf, 0x40, 0x3, 0xf4, 0x7,
    0xd0, 0x0, 0x7c, 0x0, 0x1, 0xe0, 0x0, 0x0,
    0x0, 0x0, 0x0, 0x0, 0x0,

    /* U+505C "停" */
    0x0, 0x2, 0xa4, 0x0, 0x3f, 0x0, 0x0, 0x0,
    0x3, 0xf0, 0x0, 0x3f, 0x0, 0x0, 0x0, 0xb,
    0xe7, 0xff, 0xff, 0xff, 0xfc, 0x0, 0xf, 0xcb,
    0xff, 0xff, 0xff, 0xfc, 0x0, 0x2f, 0x86, 0xaa,
    0xaa, 0xaa, 0xa4, 0x0, 0x3f, 0x0, 0x0, 0x0,
    0x0, 0x0, 0x0, 0xbf, 0x0, 0xff, 0xff, 0xff,
    0x80, 0x0, 0xff, 0x2, 0xff, 0xff, 0xff, 0xd0,
    0x3, 0xff, 0x3, 0xf0, 0x0, 0xb, 0xd0, 0x7,
    0xfe, 0x3, 0xf0, 0x0, 0xb, 0xd0, 0xf, 0xfe,
    0x3, 0xff, 0xff, 0xff, 0xd0, 0x2f, 0xfe, 0x3,
    0xff, 0xff, 0xff, 0xc0, 0x3f, 0xbd, 0x0, 0x0,
    0x0, 0x0, 0x0, 0x15, 0x7d, 0x1f, 0xff, 0xff,
    0xff, 0xe0, 0x0, 0xbc, 0x3f, 0xff, 0xff, 0xff,
    0xf8, 0x0, 0xbc, 0x3e, 0x55, 0x55, 0x56, 0xf8,
    0x0, 0xfc, 0x7d, 0x0, 0x0, 0x0, 0xf8, 0x0,
    0xfc, 0x15, 0x55, 0x55, 0x56, 0xa4, 0x0, 0xfc,
    0x2, 0xff, 0xff, 0xff, 0x0, 0x0, 0xf8, 0x2,
    0xff, 0xff, 0xff, 0x0, 0x0, 0xf8, 0x0, 0x0,
    0xbd, 0x0, 0x0, 0x1, 0xf8, 0x0, 0x0, 0xfc,
    0x0, 0x0, 0x1, 0xf4, 0x0, 0x40, 0xfc, 0x0,
    0x0, 0x2, 0xf4, 0x0, 0xff, 0xfc, 0x0, 0x0,
    0x2, 0xf0, 0x0, 0xff, 0xf8, 0x0, 0x0, 0x3,
    0xf0, 0x0, 0x1b, 0xe0, 0x0, 0x0,

    /* U+50CF "像" */
    0x0, 0x0, 0x0, 0x5, 0x40, 0x0, 0x0, 0x0,
    0x2, 0xf4, 0x1f, 0xc0, 0x0, 0x0, 0x0, 0x3,
    0xf0, 0x3f, 0xff, 0xfc, 0x0, 0x0, 0xb, 0xd0,
    0xbf, 0xff, 0xfd, 0x0, 0x0, 0xf, 0xc2, 0xf8,
    0x0, 0xfc, 0x0, 0x0, 0x2f, 0x47, 0xf5, 0x57,
    0xf5, 0x0, 0x0, 0x3f, 0x1f, 0xff, 0xff, 0xff,
    0xf0, 0x0, 0xbf, 0x2b, 0xff, 0xff, 0xff, 0xf0,
    0x1, 0xff, 0x7, 0xd0, 0x3e, 0x1, 0xf0, 0x3,
    0xff, 0x7, 0xc0, 0x7c, 0x2, 0xf0, 0x7, 0xfe,
    0xb, 0xff, 0xff, 0xff, 0xf0, 0xf, 0xfe, 0xb,
    0xff, 0xff, 0xff, 0xe0, 0x3f, 0xbd, 0x1, 0x7f,
    0xf5, 0x55, 0x40, 0x2a, 0x7d, 0x2, 0xff, 0xf0,
    0x0, 0x60, 0x0, 0x7c, 0x7f, 0xf5, 0xfc, 0x1b,
    0xe0, 0x0, 0xbc, 0x3f, 0x4b, 0xff, 0xff, 0xd0,
    0x0, 0xbc, 0x0, 0xbf, 0xbf, 0xfd, 0x0, 0x0,
    0xfc, 0xb, 0xf8, 0x7f, 0x7c, 0x0, 0x0, 0xfc,
    0xbf, 0xd2, 0xfe, 0x3e, 0x0, 0x0, 0xf8, 0x7d,
    0x1f, 0xfe, 0x1f, 0x0, 0x0, 0xf8, 0x0, 0xff,
    0x7e, 0xf, 0x80, 0x1, 0xf4, 0xb, 0xf8, 0x3e,
    0x7, 0xd0, 0x1, 0xf4, 0xff, 0xd0, 0x7d, 0x3,
    0xf0, 0x2, 0xf0, 0xfd, 0x3e, 0xfd, 0x1, 0xf8,
    0x2, 0xf0, 0x10, 0x3f, 0xfc, 0x0, 0x90, 0x3,
    0xf0, 0x0, 0x2f, 0xf4, 0x0, 0x0, 0x0, 0x0,
    0x0, 0x0, 0x0, 0x0, 0x0,

    /* U+5168 "全" */
    0x0, 0x0, 0x0, 0x0, 0x0, 0x0, 0x0, 0x0,
    0x0, 0xff, 0xff, 0xf8, 0x0, 0x0, 0x0, 0xf,
    0xff, 0xff, 0xf8, 0x0, 0x0, 0x0, 0xff, 0xaa,
    0xab, 0xf4, 0x0, 0x0, 0xf, 0xf4, 0x0, 0xb,
    0xf0, 0x0, 0x0, 0xff, 0x40, 0x0, 0xf, 0xe0,
    0x0, 0xf, 0xf4, 0x0, 0x0, 0x1f, 0xd0, 0x0,
    0xff, 0x40, 0x0, 0x0, 0x2f, 0xc0, 0xb, 0xfa,
    0xaa, 0xaa, 0xaa, 0xbf, 0xc0, 0xbf, 0x5f, 0xff,
    0xff, 0xfe, 0x7f, 0x8b, 0xf4, 0x7f, 0xff, 0xff,
    0xf8, 0xbf, 0x0, 0x0, 0x0, 0x3f, 0x0, 0x0,
    0x40, 0x0, 0x0, 0x1, 0xfc, 0x0, 0x0, 0x0,
    0x0, 0x0, 0x7, 0xe0, 0x0, 0x0, 0x0, 0x0,
    0x0, 0x2f, 0x80, 0x0, 0x0, 0x0, 0x7f, 0xff,
    0xff, 0xff, 0xfc, 0x0, 0x1, 0xff, 0xff, 0xff,
    0xff, 0xf0, 0x0, 0x7, 0xff, 0xff, 0xff, 0xff,
    0x80, 0x0, 0x0, 0x0, 0x3f, 0x0, 0x0, 0x0,
    0x0, 0x0, 0x0, 0xfc, 0x0, 0x0, 0x0, 0x0,
    0x0, 0x7, 0xf0, 0x0, 0x0, 0x0, 0x0, 0x0,
    0x1f, 0x80, 0x0, 0x0, 0x7, 0xff, 0xff, 0xff,
    0xff, 0xff, 0xf0, 0x2f, 0xff, 0xff, 0xff, 0xff,
    0xff, 0xc0, 0xff, 0xff, 0xff, 0xff, 0xff, 0xff,
    0x0, 0x0, 0x0, 0x0, 0x0, 0x0, 0x0, 0x0,

    /* U+5173 "关" */
    0x0, 0x0, 0x54, 0x0, 0x0, 0x54, 0x0, 0x0,
    0x3, 0xf4, 0x0, 0xf, 0xd0, 0x0, 0x0, 0xb,
    0xe0, 0x0, 0x3f, 0x0, 0x0, 0x0, 0xf, 0xc0,
    0x2, 0xf8, 0x0, 0x0, 0x0, 0x3f, 0x40, 0xf,
    0xc0, 0x0, 0x2, 0xff, 0xff, 0xff, 0xff, 0xff,
    0x80, 0xf, 0xff, 0xff, 0xff, 0xff, 0xfe, 0x0,
    0x1a, 0xaa, 0xaf, 0xea, 0xaa, 0xa4, 0x0, 0x0,
    0x0, 0x3f, 0x0, 0x0, 0x0, 0x0, 0x0, 0x0,
    0xfc, 0x0, 0x0, 0x0, 0x0, 0x0, 0x3, 0xf0,
    0x0, 0x0, 0x0, 0x0, 0x0, 0x1f, 0xc0, 0x0,
    0x0, 0xb, 0xff, 0xff, 0xff, 0xff, 0xff, 0xf4,
    0x3f, 0xff, 0xff, 0xff, 0xff, 0xff, 0xe0, 0xff,
    0xff, 0xff, 0xff, 0xff, 0xff, 0x40, 0x0, 0x0,
    0xbf, 0xd0, 0x0, 0x0, 0x0, 0x0, 0x7, 0xff,
    0xc0, 0x0, 0x0, 0x0, 0x0, 0x3f, 0xaf, 0xc0,
    0x0, 0x0, 0x0, 0x3, 0xfc, 0x3f, 0x80, 0x0,
    0x0, 0x0, 0x3f, 0xc0, 0x3f, 0x80, 0x0, 0x0,
    0x3, 0xfd, 0x0, 0x7f, 0x80, 0x0, 0x0, 0x7f,
    0xd0, 0x0, 0x7f, 0xc0, 0x0, 0xf, 0xfd, 0x0,
    0x0, 0x7f, 0xd0, 0x2, 0xff, 0xc0, 0x0, 0x0,
    0x7f, 0xe0, 0x3f, 0xf8, 0x0, 0x0, 0x0, 0x7f,
    0xf0, 0x7e, 0x0, 0x0, 0x0, 0x0, 0x2f, 0x0,
    0x0, 0x0, 0x0, 0x0, 0x0, 0x10, 0x0,

    /* U+51B2 "冲" */
    0x0, 0x0, 0x0, 0x0, 0x1a, 0x40, 0x0, 0x0,
    0x0, 0x0, 0x0, 0xbd, 0x0, 0x0, 0x20, 0x0,
    0x0, 0x2, 0xf0, 0x0, 0x0, 0xf8, 0x0, 0x0,
    0xf, 0xc0, 0x0, 0x3, 0xfc, 0x0, 0x0, 0x3f,
    0x0, 0x0, 0xb, 0xfd, 0xb, 0xff, 0xff, 0xff,
    0x40, 0x7, 0xf8, 0xbf, 0xff, 0xff, 0xff, 0x0,
    0x2, 0xe3, 0xff, 0xff, 0xff, 0xfd, 0x0, 0x1,
    0x4f, 0xc0, 0x7e, 0x2, 0xf4, 0x0, 0x0, 0x3e,
    0x1, 0xf4, 0xb, 0xd0, 0x0, 0x1, 0xf8, 0xb,
    0xd0, 0x2f, 0x0, 0x0, 0x7, 0xd0, 0x2f, 0x0,
    0xfc, 0x0, 0x2a, 0x2f, 0x40, 0xfc, 0x3, 0xf0,
    0x1, 0xfc, 0xbc, 0x3, 0xf0, 0xf, 0xc0, 0xb,
    0xd3, 0xf0, 0xf, 0xc0, 0x3e, 0x0, 0x3f, 0xf,
    0xff, 0xff, 0xff, 0xf8, 0x1, 0xfc, 0x3f, 0xff,
    0xff, 0xff, 0xd0, 0xb, 0xd0, 0xff, 0xff, 0xff,
    0xff, 0x40, 0x3f, 0x0, 0x0, 0x1f, 0x40, 0x0,
    0x1, 0xf8, 0x0, 0x0, 0xbd, 0x0, 0x0, 0xf,
    0xd0, 0x0, 0x2, 0xf0, 0x0, 0x0, 0x3f, 0x0,
    0x0, 0xf, 0xc0, 0x0, 0x2, 0xf8, 0x0, 0x0,
    0x3f, 0x0, 0x0, 0xf, 0xc0, 0x0, 0x0, 0xfc,
    0x0, 0x0, 0x7e, 0x0, 0x0, 0x3, 0xe0, 0x0,
    0x0, 0x0, 0x0, 0x0, 0x1f, 0x80, 0x0, 0x0,

    /* U+51BB "冻" */
    0x0, 0x0, 0x0, 0x1, 0xa4, 0x0, 0x0, 0x0,
    0x0, 0x0, 0x3, 0xf0, 0x0, 0x0, 0x3, 0x40,
    0x0, 0x7, 0xe0, 0x0, 0x0, 0x3, 0xe0, 0xa,
    0xaf, 0xfa, 0xaa, 0xa8, 0x3, 0xfd, 0x1f, 0xff,
    0xff, 0xff, 0xfc, 0x1, 0xff, 0x6f, 0xff, 0xff,
    0xff, 0xfc, 0x0, 0x3f, 0x40, 0x7e, 0x0, 0x0,
    0x0, 0x0, 0xb, 0x40, 0xfc, 0x5, 0x0, 0x0,
    0x0, 0x1, 0x1, 0xf8, 0x1f, 0x40, 0x0, 0x0,
    0x0, 0x3, 0xf0, 0x2f, 0x40, 0x0, 0x0, 0x0,
    0x7, 0xe0, 0x2f, 0x0, 0x0, 0x0, 0x0, 0xf,
    0xe5, 0x7f, 0x55, 0x40, 0x0, 0x2a, 0xf, 0xff,
    0xff, 0xff, 0xf0, 0x0, 0x7f, 0xf, 0xff, 0xff,
    0xff, 0xe0, 0x0, 0xbd, 0x1, 0x55, 0xbf, 0x55,
    0x40, 0x0, 0xfc, 0x0, 0x0, 0x7e, 0x0, 0x0,
    0x1, 0xfc, 0x2, 0xa0, 0x7d, 0x1a, 0x0, 0x2,
    0xf4, 0xb, 0xd0, 0xbd, 0x1f, 0x40, 0x3, 0xf0,
    0xf, 0xc0, 0xbc, 0xf, 0x80, 0x7, 0xe0, 0x2f,
    0x40, 0xfc, 0xf, 0xc0, 0xf, 0xd0, 0x7f, 0x0,
    0xfc, 0x7, 0xd0, 0xf, 0xc0, 0xfc, 0x0, 0xfc,
    0x3, 0xf0, 0x2f, 0x81, 0xf8, 0x50, 0xf8, 0x3,
    0xf0, 0x3f, 0x3, 0xf0, 0xff, 0xf8, 0x1, 0xf4,
    0x7f, 0x0, 0x0, 0xff, 0xf4, 0x0, 0x0, 0x0,
    0x0, 0x0, 0x6f, 0xe0, 0x0, 0x0, 0x0, 0x0,
    0x0, 0x0, 0x0, 0x0, 0x0,

    /* U+51C6 "准" */
    0x0, 0x0, 0x0, 0x15, 0x1, 0x40, 0x0, 0x0,
    0x0, 0x0, 0xbe, 0xf, 0xc0, 0x0, 0x2, 0x0,
    0x0, 0xfc, 0xb, 0xd0, 0x0, 0x3, 0xd0, 0x2,
    0xf8, 0x7, 0xf0, 0x0, 0x7, 0xf8, 0x3, 0xfe,
    0xab, 0xfa, 0xa8, 0x3, 0xff, 0xb, 0xff, 0xff,
    0xff, 0xfc, 0x0, 0x7f, 0x1f, 0xff, 0xff, 0xff,
    0xfc, 0x0, 0xf, 0x3f, 0xf0, 0x7, 0xe0, 0x0,
    0x0, 0x1, 0x7f, 0xe0, 0x7, 0xe0, 0x0, 0x0,
    0x0, 0xff, 0xe0, 0x7, 0xd0, 0x0, 0x0, 0x2,
    0xff, 0xfa, 0xaf, 0xea, 0xa0, 0x0, 0x7, 0xfb,
    0xff, 0xff, 0xff, 0xf0, 0x0, 0x0, 0xb, 0xff,
    0xff, 0xff, 0xf0, 0x0, 0x7e, 0xb, 0xc0, 0xf,
    0xc0, 0x0, 0x0, 0xfd, 0xf, 0xc0, 0xf, 0xc0,
    0x0, 0x0, 0xfc, 0xf, 0xc0, 0xf, 0x80, 0x0,
    0x1, 0xf8, 0xf, 0xea, 0xaf, 0xea, 0xa0, 0x3,
    0xf4, 0xf, 0xff, 0xff, 0xff, 0xf0, 0x3, 0xf0,
    0x1f, 0xff, 0xff, 0xff, 0xe0, 0x7, 0xe0, 0x1f,
    0x40, 0x2f, 0x0, 0x0, 0xf, 0xd0, 0x1f, 0x40,
    0x3f, 0x0, 0x0, 0xf, 0xc0, 0x2f, 0x0, 0x3f,
    0x0, 0x0, 0x2f, 0x80, 0x2f, 0x0, 0x3f, 0x0,
    0x0, 0x3f, 0x40, 0x3f, 0xaa, 0xbf, 0xaa, 0xa4,
    0x7f, 0x0, 0x3f, 0xff, 0xff, 0xff, 0xf4, 0x69,
    0x0, 0x3f, 0xff, 0xff, 0xff, 0xf0,

    /* U+51FA "出" */
    0x0, 0x0, 0x0, 0xa8, 0x0, 0x0, 0x0, 0x0,
    0x0, 0xfc, 0x0, 0x0, 0x0, 0x0, 0x0, 0xfc,
    0x0, 0x0, 0x3, 0xf0, 0x1, 0xf8, 0x0, 0xbd,
    0x3, 0xf0, 0x1, 0xf8, 0x0, 0xbd, 0x3, 0xe0,
    0x1, 0xf8, 0x0, 0xfc, 0x7, 0xe0, 0x2, 0xf4,
    0x0, 0xfc, 0x7, 0xd0, 0x2, 0xf4, 0x0, 0xfc,
    0xb, 0xd0, 0x3, 0xf0, 0x0, 0xfc, 0xb, 0xc0,
    0x3, 0xf0, 0x0, 0xf8, 0xf, 0xff, 0xff, 0xff,
    0xff, 0xf8, 0xb, 0xff, 0xff, 0xff, 0xff, 0xf4,
    0x2, 0xaa, 0xab, 0xfa, 0xaa, 0xa0, 0x0, 0x0,
    0x7, 0xe0, 0x0, 0x0, 0x0, 0x0, 0x7, 0xe0,
    0x0, 0x0, 0x1a, 0x0, 0x7, 0xd0, 0x0, 0xa4,
    0x2f, 0x0, 0xb, 0xd0, 0x0, 0xfc, 0x3f, 0x0,
    0xb, 0xd0, 0x1, 0xf8, 0x3f, 0x0, 0xf, 0xc0,
    0x1, 0xf8, 0x3f, 0x0, 0xf, 0xc0, 0x1, 0xf4,
    0x3e, 0x0, 0xf, 0xc0, 0x2, 0xf4, 0x3e, 0x0,
    0xf, 0xc0, 0x2, 0xf0, 0x7d, 0x0, 0xf, 0xc0,
    0x3, 0xf0, 0x7f, 0xff, 0xff, 0xff, 0xff, 0xf0,
    0x7f, 0xff, 0xff, 0xff, 0xff, 0xf0, 0x3f, 0xff,
    0xff, 0xff, 0xff, 0xf0,

    /* U+5206 "分" */
    0x0, 0x0, 0xa, 0x90, 0x6a, 0x0, 0x0, 0x0,
    0x0, 0x1f, 0xc0, 0x3f, 0x40, 0x0, 0x0, 0x0,
    0x3f, 0x80, 0x1f, 0xc0, 0x0, 0x0, 0x0, 0xff,
    0x0, 0xf, 0xe0, 0x0, 0x0, 0x2, 0xfc, 0x0,
    0x3, 0xf4, 0x0, 0x0, 0x7, 0xf4, 0x0, 0x2,
    0xfc, 0x0, 0x0, 0xf, 0xe0, 0x0, 0x0, 0xfe,
    0x0, 0x0, 0x3f, 0xc0, 0x0, 0x0, 0x3f, 0x40,
    0x0, 0xff, 0x0, 0x0, 0x0, 0x2f, 0xc0, 0x2,
    0xfd, 0x0, 0x0, 0x0, 0xf, 0xf0, 0xb, 0xfe,
    0xaa, 0xaa, 0xaa, 0x93, 0xfc, 0x2f, 0xeb, 0xff,
    0xff, 0xff, 0xf5, 0xfd, 0x6, 0x8f, 0xff, 0xff,
    0xff, 0xf8, 0x50, 0x0, 0x0, 0x1f, 0x80, 0x1,
    0xfc, 0x0, 0x0, 0x0, 0x2f, 0x40, 0x1, 0xfc,
    0x0, 0x0, 0x0, 0x3f, 0x0, 0x2, 0xf8, 0x0,
    0x0, 0x0, 0x7e, 0x0, 0x2, 0xf8, 0x0, 0x0,
    0x0, 0xfd, 0x0, 0x2, 0xf4, 0x0, 0x0, 0x2,
    0xfc, 0x0, 0x3, 0xf0, 0x0, 0x0, 0x3, 0xf4,
    0x0, 0x3, 0xf0, 0x0, 0x0, 0xf, 0xe0, 0x0,
    0x3, 0xf0, 0x0, 0x0, 0x3f, 0xc0, 0x10, 0x7,
    0xe0, 0x0, 0x0, 0xff, 0x0, 0x7f, 0x9b, 0xe0,
    0x0, 0x3, 0xfd, 0x0, 0xbf, 0xff, 0xd0, 0x0,
    0xf, 0xf4, 0x0, 0x6f, 0xff, 0xc0, 0x0, 0x2,
    0xc0, 0x0, 0x1, 0xbf, 0x40, 0x0, 0x0, 0x0,
    0x0, 0x0, 0x0, 0x0, 0x0,

    /* U+5217 "列" */
    0x0, 0x0, 0x0, 0x0, 0x0, 0x0, 0xa8, 0x1,
    0xaa, 0xaa, 0xaa, 0x40, 0x0, 0xfc, 0x2, 0xff,
    0xff, 0xff, 0x80, 0x0, 0xfc, 0x3, 0xff, 0xff,
    0xff, 0x4f, 0xc1, 0xf8, 0x0, 0x5b, 0xe5, 0x55,
    0xf, 0xc1, 0xf8, 0x0, 0xf, 0xc0, 0x0, 0xf,
    0xc2, 0xf4, 0x0, 0x1f, 0xc0, 0x0, 0xf, 0x82,
    0xf4, 0x0, 0x3f, 0xea, 0xa4, 0x1f, 0x83, 0xf0,
    0x0, 0x3f, 0xff, 0xfd, 0x1f, 0x43, 0xf0, 0x0,
    0xbf, 0xff, 0xfe, 0x2f, 0x43, 0xf0, 0x0, 0xfd,
    0x55, 0xfd, 0x2f, 0x3, 0xf0, 0x2, 0xf4, 0x0,
    0xfc, 0x3f, 0x3, 0xf0, 0x3, 0xf8, 0x1, 0xfc,
    0x3f, 0x7, 0xe0, 0xb, 0xff, 0x3, 0xf4, 0x3f,
    0x7, 0xe0, 0x1f, 0xff, 0xd7, 0xf0, 0x3f, 0xb,
    0xd0, 0x3f, 0x4f, 0xff, 0xe0, 0x7e, 0xb, 0xd0,
    0x15, 0x2, 0xff, 0xc0, 0x7e, 0xf, 0xc0, 0x0,
    0x0, 0xbf, 0x40, 0xbd, 0xf, 0xc0, 0x0, 0x0,
    0xfe, 0x0, 0xbd, 0xf, 0xc0, 0x0, 0x3, 0xfc,
    0x0, 0x68, 0xf, 0xc0, 0x0, 0xf, 0xf0, 0x0,
    0x0, 0x1f, 0x80, 0x0, 0x3f, 0xd0, 0x0, 0x0,
    0x1f, 0x80, 0x0, 0xff, 0x40, 0x0, 0x79, 0x2f,
    0x80, 0x7, 0xfd, 0x0, 0x0, 0x7f, 0xff, 0x40,
    0x2f, 0xf0, 0x0, 0x0, 0x7f, 0xff, 0x0, 0xb,
    0xc0, 0x0, 0x0, 0x6, 0xfd, 0x0, 0x0, 0x0,
    0x0, 0x0, 0x0, 0x0, 0x0,

    /* U+521B "创" */
    0x0, 0x0, 0x0, 0x0, 0x0, 0x2, 0xa0, 0x0,
    0x3f, 0xfd, 0x0, 0x0, 0xf, 0xc0, 0x3, 0xff,
    0xfc, 0x0, 0x0, 0x3f, 0x0, 0x2f, 0xeb, 0xf4,
    0x7, 0xd0, 0xf8, 0x0, 0xfc, 0x7, 0xe0, 0x1f,
    0x47, 0xe0, 0xf, 0xe0, 0xf, 0xc0, 0xbc, 0x1f,
    0x40, 0x7f, 0x0, 0x2f, 0x82, 0xf0, 0xbd, 0x3,
    0xf4, 0x0, 0x3f, 0xf, 0xc2, 0xf0, 0x2f, 0x80,
    0x0, 0xbd, 0x3f, 0xb, 0xc1, 0xff, 0xff, 0xff,
    0xfc, 0xf8, 0x3f, 0x1, 0xbf, 0xff, 0xff, 0xe7,
    0xe0, 0xfc, 0x0, 0xff, 0xff, 0xf8, 0x1f, 0x43,
    0xf0, 0x7, 0xe0, 0x7, 0xe0, 0x7d, 0xf, 0x80,
    0x1f, 0x40, 0x1f, 0x42, 0xf0, 0x7e, 0x0, 0xbd,
    0x0, 0x7d, 0xb, 0xc1, 0xf4, 0x2, 0xf0, 0x2,
    0xf0, 0x3f, 0xb, 0xd0, 0xf, 0xc3, 0x9f, 0xc0,
    0xfc, 0x2f, 0x0, 0x3f, 0x1f, 0xff, 0x3, 0xe0,
    0xfc, 0x0, 0xfc, 0x7f, 0xf4, 0xf, 0x83, 0xf0,
    0x3, 0xe0, 0x5, 0x40, 0x29, 0xf, 0xc0, 0x1f,
    0x80, 0x0, 0x0, 0x0, 0x3e, 0x0, 0x7d, 0x0,
    0x0, 0x0, 0x0, 0xf8, 0x2, 0xf4, 0x0, 0x1e,
    0x9, 0x7, 0xe0, 0xb, 0xff, 0xff, 0xf8, 0x3f,
    0xff, 0x40, 0x1f, 0xff, 0xff, 0xd0, 0xff, 0xfc,
    0x0, 0x2f, 0xff, 0xe4, 0x0, 0x6f, 0xd0, 0x0,

    /* U+521D "初" */
    0x0, 0x1f, 0x40, 0x0, 0x0, 0x0, 0x0, 0x0,
    0x7e, 0x0, 0x0, 0x0, 0x0, 0x0, 0x0, 0xfc,
    0x2, 0xff, 0xff, 0xff, 0x0, 0xab, 0xfa, 0xb,
    0xff, 0xff, 0xfe, 0x3, 0xff, 0xff, 0x1a, 0xff,
    0xaa, 0xfc, 0xf, 0xff, 0xfc, 0x2, 0xf4, 0x3,
    0xf0, 0x0, 0xb, 0xf0, 0xb, 0xc0, 0x1f, 0x80,
    0x0, 0x3f, 0x40, 0x3f, 0x0, 0x7e, 0x0, 0x3,
    0xf8, 0x0, 0xfc, 0x2, 0xf4, 0x0, 0x2f, 0xc0,
    0x3, 0xf0, 0xb, 0xd0, 0x1, 0xfd, 0x38, 0xf,
    0x80, 0x3f, 0x0, 0x1f, 0xe3, 0xf0, 0x7d, 0x0,
    0xfc, 0x2, 0xff, 0xaf, 0x42, 0xf4, 0x3, 0xf0,
    0x2f, 0xff, 0xf8, 0xf, 0xc0, 0xf, 0xc7, 0xff,
    0xff, 0xd0, 0x3f, 0x0, 0x7e, 0x1f, 0xdf, 0xdf,
    0xd2, 0xf8, 0x1, 0xf8, 0x28, 0x3f, 0x1f, 0x4f,
    0xc0, 0x7, 0xd0, 0x0, 0xf8, 0x10, 0x3f, 0x0,
    0x2f, 0x40, 0x7, 0xe0, 0x2, 0xf8, 0x0, 0xbc,
    0x0, 0x1f, 0x40, 0xf, 0xc0, 0x3, 0xf0, 0x0,
    0xbd, 0x0, 0xbe, 0x0, 0xf, 0xc0, 0x2, 0xf0,
    0x3, 0xf0, 0x0, 0x3f, 0x0, 0xf, 0xc0, 0x2f,
    0x83, 0x91, 0xf8, 0x0, 0x3f, 0x1, 0xfc, 0xf,
    0xff, 0xd0, 0x0, 0xfc, 0xf, 0xe0, 0x3f, 0xff,
    0x0, 0x3, 0xe0, 0x6f, 0x0, 0x1b, 0xf8, 0x0,
    0x0, 0x0, 0x0, 0x0, 0x0, 0x0, 0x0,

    /* U+5224 "判" */
    0x0, 0x0, 0x54, 0x0, 0x0, 0x1, 0xa0, 0x0,
    0x7, 0xe0, 0x0, 0x0, 0xf, 0xc0, 0xbc, 0x2f,
    0x47, 0xd0, 0x0, 0x3f, 0x1, 0xf0, 0xbd, 0x2f,
    0x7, 0xd0, 0xfc, 0x7, 0xd3, 0xf4, 0xf8, 0x1f,
    0x43, 0xf0, 0xf, 0x8f, 0xc7, 0xd0, 0xbc, 0xf,
    0x80, 0x3f, 0x3f, 0x2f, 0x2, 0xf0, 0x7e, 0x0,
    0x0, 0xfc, 0x0, 0xf, 0xc1, 0xf4, 0x5, 0x57,
    0xf5, 0x50, 0x3f, 0xb, 0xd0, 0xbf, 0xff, 0xff,
    0xf0, 0xf8, 0x2f, 0x2, 0xff, 0xff, 0xff, 0x83,
    0xe0, 0xfc, 0x5, 0x57, 0xf9, 0x54, 0x1f, 0x43,
    0xf0, 0x0, 0xb, 0xd0, 0x0, 0x7d, 0xf, 0xc0,
    0x0, 0x3f, 0x0, 0x2, 0xf0, 0x3e, 0x1, 0x55,
    0xfd, 0x55, 0xb, 0xc0, 0xf8, 0x2f, 0xff, 0xff,
    0xfe, 0x3f, 0x7, 0xe0, 0xff, 0xff, 0xff, 0xf4,
    0xfc, 0x1f, 0x41, 0x55, 0xfe, 0x55, 0x43, 0xf0,
    0xbd, 0x0, 0x3, 0xf0, 0x0, 0xf, 0x82, 0xf0,
    0x0, 0x2f, 0x80, 0x0, 0x29, 0xf, 0xc0, 0x0,
    0xfc, 0x0, 0x0, 0x0, 0x3f, 0x0, 0xb, 0xe0,
    0x0, 0x0, 0x0, 0xfc, 0x0, 0x7f, 0x0, 0x0,
    0xe, 0x43, 0xe0, 0x7, 0xf4, 0x0, 0x0, 0x3f,
    0xff, 0x80, 0x3f, 0x80, 0x0, 0x0, 0xff, 0xfd,
    0x0, 0xb8, 0x0, 0x0, 0x0, 0x1b, 0xe0, 0x0,
    0x0, 0x0, 0x0, 0x0, 0x0, 0x0, 0x0,

    /* U+5230 "到" */
    0x0, 0x0, 0x0, 0x0, 0x0, 0x0, 0xbc, 0x2,
    0xaa, 0xaa, 0xaa, 0x0, 0x0, 0xfc, 0x3, 0xff,
    0xff, 0xff, 0x0, 0x0, 0xfc, 0x7, 0xff, 0xff,
    0xff, 0x7, 0xc0, 0xf8, 0x0, 0xf, 0xd0, 0x0,
    0xb, 0xc0, 0xf8, 0x0, 0x1f, 0x80, 0x0, 0xf,
    0xc1, 0xf8, 0x0, 0x3f, 0x3, 0xf0, 0xf, 0xc1,
    0xf4, 0x0, 0xbd, 0x1, 0xf4, 0xf, 0x82, 0xf4,
    0x1, 0xf8, 0x0, 0xf8, 0xf, 0x82, 0xf0, 0x7,
    0xfa, 0xbf, 0xfc, 0x1f, 0x43, 0xf0, 0xb, 0xff,
    0xff, 0xfd, 0x1f, 0x43, 0xf0, 0x7, 0xff, 0xa5,
    0x7e, 0x2f, 0x3, 0xf0, 0x0, 0x1, 0xa0, 0x15,
    0x2f, 0x3, 0xe0, 0x0, 0x2, 0xf0, 0x0, 0x3f,
    0x7, 0xe0, 0x0, 0x3, 0xf0, 0x0, 0x3f, 0x7,
    0xd0, 0xb, 0xff, 0xff, 0xf4, 0x3e, 0xb, 0xd0,
    0xf, 0xff, 0xff, 0xf8, 0x3e, 0xb, 0xc0, 0xa,
    0xab, 0xfa, 0xa4, 0x7e, 0xf, 0xc0, 0x0, 0x7,
    0xd0, 0x0, 0x7d, 0xf, 0xc0, 0x0, 0x7, 0xd0,
    0x0, 0x14, 0xf, 0xc0, 0x0, 0xb, 0xc0, 0x0,
    0x0, 0xf, 0x80, 0x0, 0xb, 0xeb, 0xf8, 0x0,
    0x1f, 0x80, 0x1a, 0xff, 0xff, 0xf4, 0x39, 0x1f,
    0x80, 0x7f, 0xff, 0xff, 0x90, 0x3f, 0xff, 0x40,
    0x7f, 0xe9, 0x40, 0x0, 0x3f, 0xff, 0x0, 0x0,
    0x0, 0x0, 0x0, 0x6, 0xbd, 0x0,

    /* U+5236 "制" */
    0x0, 0x0, 0x68, 0x0, 0x0, 0x2, 0xa0, 0x2f,
    0xb, 0xc0, 0x0, 0x0, 0x3f, 0x3, 0xf0, 0xfc,
    0x0, 0x0, 0x3, 0xe0, 0x7e, 0x5f, 0xd5, 0x50,
    0xf4, 0x3e, 0xf, 0xff, 0xff, 0xfe, 0xf, 0x47,
    0xd0, 0xff, 0xff, 0xff, 0xd1, 0xf4, 0x7d, 0x0,
    0x1, 0xf4, 0x0, 0x1f, 0x7, 0xd0, 0x0, 0x1f,
    0x40, 0x2, 0xf0, 0xbc, 0x15, 0x56, 0xf9, 0x55,
    0x2f, 0xb, 0xc3, 0xff, 0xff, 0xff, 0xe3, 0xf0,
    0xfc, 0x3f, 0xff, 0xff, 0xfd, 0x3e, 0xf, 0xc0,
    0x0, 0x3f, 0x0, 0x3, 0xe0, 0xf8, 0x0, 0x3,
    0xe0, 0x0, 0x3d, 0xf, 0x80, 0x6a, 0xbf, 0xa9,
    0x7, 0xd1, 0xf4, 0xf, 0xff, 0xff, 0xf8, 0x7c,
    0x1f, 0x42, 0xff, 0xff, 0xff, 0x8b, 0xc2, 0xf0,
    0x2f, 0x7, 0xc0, 0xf8, 0xbc, 0x2f, 0x3, 0xf0,
    0xbc, 0xf, 0x8f, 0xc3, 0xf0, 0x3e, 0xb, 0xc0,
    0xf4, 0xf8, 0x3f, 0x3, 0xe0, 0xfc, 0x1f, 0x4a,
    0x43, 0xf0, 0x3d, 0xf, 0xc1, 0xf0, 0x0, 0x3e,
    0x7, 0xd0, 0xf9, 0xff, 0x0, 0x3, 0xe0, 0x7c,
    0xf, 0x9f, 0xf0, 0x24, 0x7d, 0x0, 0x1, 0xf4,
    0x68, 0x7, 0xff, 0xd0, 0x0, 0x1f, 0x40, 0x0,
    0xbf, 0xfc, 0x0, 0x2, 0xf0, 0x0, 0x1, 0xbf,
    0x40, 0x0, 0x0, 0x0, 0x0, 0x0, 0x0, 0x0,

    /* U+5237 "刷" */
    0x0, 0x0, 0x0, 0x0, 0x0, 0x0, 0x1a, 0x0,
    0x7, 0xff, 0xff, 0xf8, 0x0, 0xf, 0xc0, 0x3,
    0xff, 0xff, 0xff, 0x0, 0x3, 0xf0, 0x0, 0xfd,
    0x55, 0x5b, 0xc2, 0xf0, 0xf8, 0x0, 0x3d, 0x0,
    0x2, 0xf0, 0xbc, 0x3e, 0x0, 0x1f, 0x40, 0x0,
    0xbc, 0x3f, 0xf, 0x80, 0x7, 0xd0, 0x0, 0x3f,
    0xf, 0x87, 0xd0, 0x2, 0xff, 0xff, 0xff, 0xc3,
    0xe1, 0xf4, 0x0, 0xbf, 0xff, 0xff, 0xe0, 0xf4,
    0x7c, 0x0, 0x3f, 0x0, 0x54, 0x0, 0x7d, 0x2f,
    0x0, 0xf, 0x80, 0x1f, 0x0, 0x1f, 0x4b, 0xc0,
    0x3, 0xe0, 0xb, 0xc0, 0x7, 0xc3, 0xf0, 0x0,
    0xf4, 0xff, 0xff, 0xc2, 0xf0, 0xfc, 0x0, 0x7d,
    0xbf, 0xff, 0xf8, 0xbc, 0x3e, 0x0, 0x1f, 0x3e,
    0x7e, 0x7e, 0x3f, 0xf, 0x80, 0xb, 0xcf, 0x4f,
    0x4f, 0x8f, 0xc3, 0xe0, 0x2, 0xf3, 0xc3, 0xd3,
    0xd3, 0xe1, 0xf4, 0x0, 0xfc, 0xf0, 0xf4, 0xf4,
    0xf8, 0x7d, 0x0, 0x3e, 0x7c, 0x7c, 0x3c, 0x3d,
    0x1f, 0x0, 0x1f, 0x5f, 0x1f, 0xf, 0x0, 0xb,
    0xc0, 0xb, 0xcb, 0xcb, 0xdb, 0xc0, 0x2, 0xf0,
    0x3, 0xf2, 0xe2, 0xfb, 0xf0, 0x0, 0xfc, 0x0,
    0xf8, 0xa4, 0xfa, 0xf4, 0x24, 0x3f, 0x0, 0xbd,
    0x0, 0x3e, 0x0, 0xf, 0xff, 0x80, 0x3f, 0x0,
    0xf, 0x80, 0x3, 0xff, 0xd0, 0x6, 0x40, 0x3,
    0xd0, 0x0, 0x1b, 0xe0, 0x0,

    /* U+524D "前" */
    0x0, 0x1, 0xa0, 0x0, 0xa, 0x80, 0x0, 0x0,
    0x7, 0xe0, 0x0, 0x3f, 0x0, 0x0, 0x0, 0xf,
    0xc0, 0x2, 0xf8, 0x0, 0x2, 0xaa, 0xbf, 0xaa,
    0xaf, 0xea, 0xa8, 0x1f, 0xff, 0xff, 0xff, 0xff,
    0xff, 0xf4, 0xbf, 0xff, 0xff, 0xff, 0xff, 0xff,
    0xc0, 0x0, 0x0, 0x0, 0x0, 0x0, 0x0, 0x0,
    0x0, 0x0, 0x0, 0x0, 0x1, 0x50, 0x1, 0xff,
    0xff, 0x80, 0x0, 0xf, 0x80, 0xf, 0xff, 0xff,
    0x3, 0xe0, 0x3e, 0x0, 0x7e, 0xaa, 0xfd, 0xf,
    0x81, 0xf4, 0x2, 0xf0, 0x1, 0xf0, 0x3e, 0x7,
    0xd0, 0xf, 0xc0, 0xb, 0xc0, 0xf4, 0x2f, 0x0,
    0x3f, 0xff, 0xff, 0x7, 0xd0, 0xbc, 0x0, 0xff,
    0xff, 0xfc, 0x1f, 0x3, 0xf0, 0x3, 0xe5, 0x57,
    0xf0, 0xbc, 0xf, 0xc0, 0xf, 0x40, 0xf, 0x82,
    0xf0, 0x3f, 0x0, 0x7e, 0x55, 0x7e, 0xf, 0xc0,
    0xf8, 0x1, 0xff, 0xff, 0xf4, 0x3e, 0x3, 0xe0,
    0xb, 0xff, 0xff, 0xd0, 0xf8, 0x1f, 0x40, 0x2f,
    0x0, 0x1f, 0x3, 0xd0, 0x7d, 0x0, 0xfc, 0x0,
    0x7c, 0x0, 0x2, 0xf0, 0x3, 0xe0, 0x2, 0xf0,
    0x4, 0xb, 0xc0, 0xf, 0x83, 0xaf, 0xc0, 0x3f,
    0xbf, 0x0, 0x3d, 0xf, 0xfe, 0x1, 0xff, 0xf8,
    0x1, 0xf4, 0x2b, 0xe0, 0x1, 0xbf, 0xc0, 0x0,

    /* U+52A1 "务" */
    0x0, 0x0, 0x1a, 0x80, 0x0, 0x0, 0x0, 0x0,
    0x0, 0x3f, 0x40, 0x0, 0x0, 0x0, 0x0, 0x0,
    0xff, 0xff, 0xff, 0xfe, 0x0, 0x0, 0x2, 0xff,
    0xff, 0xff, 0xff, 0x80, 0x0, 0xb, 0xf5, 0x55,
    0x56, 0xff, 0x40, 0x0, 0x1f, 0xfd, 0x0, 0x7,
    0xfe, 0x0, 0x0, 0x7f, 0xff, 0x80, 0x2f, 0xf4,
    0x0, 0x1, 0xfd, 0x2f, 0xfa, 0xff, 0xc0, 0x0,
    0x3, 0xf4, 0x3, 0xff, 0xfd, 0x0, 0x0, 0x0,
    0x0, 0x7, 0xff, 0xfd, 0x0, 0x0, 0x0, 0x1,
    0xff, 0xff, 0xff, 0xf4, 0x0, 0x5, 0xbf, 0xff,
    0x80, 0x7f, 0xff, 0xf8, 0x3f, 0xff, 0xe4, 0x54,
    0x1, 0xff, 0xfc, 0xf, 0xe4, 0x1, 0xf8, 0x0,
    0x6, 0xf8, 0x0, 0x0, 0x2, 0xf4, 0x0, 0x0,
    0x0, 0x0, 0xff, 0xff, 0xff, 0xff, 0xfd, 0x0,
    0x1, 0xff, 0xff, 0xff, 0xff, 0xff, 0x0, 0x0,
    0xaa, 0xaf, 0xea, 0xaa, 0xbf, 0x0, 0x0, 0x0,
    0x2f, 0xc0, 0x0, 0x7e, 0x0, 0x0, 0x0, 0x7f,
    0x0, 0x0, 0x7e, 0x0, 0x0, 0x1, 0xfd, 0x0,
    0x0, 0xbd, 0x0, 0x0, 0xb, 0xf8, 0x0, 0x0,
    0xbd, 0x0, 0x0, 0x7f, 0xe0, 0xf, 0x90, 0xfc,
    0x0, 0x7, 0xff, 0x40, 0x1f, 0xff, 0xfc, 0x0,
    0x3f, 0xf8, 0x0, 0xb, 0xff, 0xf8, 0x0, 0xb,
    0x80, 0x0, 0x0, 0x6b, 0xe0, 0x0, 0x0, 0x0,
    0x0, 0x0, 0x0, 0x0, 0x0,

    /* U+52A8 "动" */
    0x0, 0x0, 0x0, 0x0, 0xa, 0x40, 0x0, 0x0,
    0x0, 0x0, 0x1, 0xf8, 0x0, 0x7, 0xff, 0xff,
    0xc0, 0x1f, 0x40, 0x0, 0x7f, 0xff, 0xfc, 0x2,
    0xf0, 0x0, 0x7, 0xff, 0xff, 0x80, 0x2f, 0x0,
    0x0, 0x0, 0x0, 0x0, 0xff, 0xff, 0xf8, 0x0,
    0x0, 0x0, 0x1f, 0xff, 0xff, 0xe0, 0x0, 0x0,
    0x1, 0xff, 0xff, 0xfe, 0x0, 0x0, 0x0, 0x0,
    0x7d, 0x3, 0xe1, 0xaa, 0xaa, 0xa8, 0x7, 0xd0,
    0x3e, 0x3f, 0xff, 0xff, 0xc0, 0xbc, 0x3, 0xd3,
    0xff, 0xff, 0xfc, 0xb, 0xc0, 0x7d, 0x0, 0xbd,
    0x0, 0x0, 0xfc, 0x7, 0xc0, 0xf, 0xc0, 0x0,
    0xf, 0x80, 0xbc, 0x1, 0xf8, 0x0, 0x0, 0xf8,
    0xb, 0xc0, 0x3f, 0x7, 0xc0, 0x1f, 0x40, 0xbc,
    0x3, 0xf0, 0x7c, 0x2, 0xf0, 0xf, 0xc0, 0xbd,
    0x3, 0xd0, 0x3f, 0x0, 0xf8, 0xf, 0xc0, 0x3e,
    0x3, 0xe0, 0xf, 0x81, 0xf8, 0x3, 0xe0, 0xbc,
    0x0, 0xf4, 0x3f, 0x6, 0xff, 0xf, 0xc0, 0x1f,
    0x47, 0xff, 0xff, 0xf1, 0xf4, 0x1, 0xf0, 0xbf,
    0xff, 0xff, 0x3f, 0x10, 0x2f, 0x7, 0xfa, 0x40,
    0xfb, 0xe2, 0xfb, 0xf0, 0x0, 0x0, 0x1, 0xfc,
    0x3f, 0xfe, 0x0, 0x0, 0x0, 0xb, 0x40, 0x6f,
    0xc0, 0x0, 0x0, 0x0, 0x0, 0x0, 0x0, 0x0,

    /* U+52BF "势" */
    0x0, 0x2, 0xa0, 0x0, 0x19, 0x0, 0x0, 0x0,
    0xf, 0xc0, 0x0, 0xf8, 0x0, 0x0, 0x5, 0x7f,
    0x50, 0x57, 0xe5, 0x40, 0x0, 0xff, 0xff, 0xdb,
    0xff, 0xff, 0xd0, 0x3, 0xff, 0xff, 0x6f, 0xff,
    0xff, 0x80, 0x0, 0x2f, 0x40, 0x2, 0xf0, 0x3e,
    0x0, 0x0, 0xbc, 0x12, 0xf, 0xc0, 0xf8, 0x0,
    0x7, 0xff, 0xcf, 0xbe, 0x7, 0xd0, 0xb, 0xff,
    0xff, 0x3f, 0xf0, 0x1f, 0x40, 0x3f, 0xff, 0x50,
    0x3f, 0xe0, 0x7c, 0x0, 0x94, 0xf8, 0x0, 0xff,
    0xf6, 0xf0, 0x0, 0x3, 0xe0, 0xf, 0xdb, 0xeb,
    0xc1, 0x7, 0xaf, 0x81, 0xfe, 0x7, 0xaf, 0xbc,
    0x2f, 0xfd, 0xb, 0xd0, 0x0, 0xff, 0xe0, 0x2f,
    0xf0, 0x6, 0x0, 0x2, 0xfe, 0x0, 0x0, 0x0,
    0xbd, 0x0, 0x0, 0x0, 0x1, 0x55, 0x57, 0xf9,
    0x55, 0x54, 0x0, 0xf, 0xff, 0xff, 0xff, 0xff,
    0xf8, 0x0, 0x3f, 0xff, 0xff, 0xff, 0xff, 0xf0,
    0x0, 0x0, 0xb, 0xf0, 0x0, 0xf, 0x80, 0x0,
    0x0, 0x7f, 0x40, 0x0, 0x7d, 0x0, 0x0, 0xb,
    0xf8, 0x0, 0x2, 0xf4, 0x0, 0x1, 0xff, 0x80,
    0x50, 0xf, 0xc0, 0x0, 0x7f, 0xf4, 0x3, 0xff,
    0xff, 0x0, 0x2f, 0xfe, 0x0, 0xf, 0xff, 0xf8,
    0x0, 0x7f, 0x80, 0x0, 0x6, 0xff, 0x80, 0x0,
    0x50, 0x0, 0x0, 0x0, 0x0, 0x0, 0x0,

    /* U+5316 "化" */
    0x0, 0x0, 0x0, 0x0, 0x0, 0x0, 0x0, 0x0,
    0x0, 0xfd, 0x3, 0xf0, 0x0, 0x0, 0x0, 0xb,
    0xf0, 0xf, 0xc0, 0x0, 0x0, 0x0, 0x3f, 0x0,
    0x7e, 0x0, 0x0, 0x0, 0x3, 0xf8, 0x1, 0xf8,
    0x0, 0x0, 0x0, 0x1f, 0xc0, 0xb, 0xd0, 0x0,
    0x80, 0x0, 0xfe, 0x0, 0x2f, 0x40, 0x1f, 0x0,
    0xf, 0xf4, 0x0, 0xfd, 0x2, 0xfc, 0x0, 0x7f,
    0xd0, 0x3, 0xf0, 0x7f, 0xe0, 0x3, 0xff, 0x0,
    0xf, 0xcb, 0xfd, 0x0, 0x3f, 0xfc, 0x0, 0x3f,
    0xff, 0x80, 0x2, 0xff, 0xf0, 0x1, 0xff, 0xf4,
    0x0, 0x1f, 0xdf, 0xc0, 0x7f, 0xfd, 0x0, 0x0,
    0xbd, 0x3e, 0x2f, 0xff, 0x80, 0x0, 0x0, 0x1,
    0xf8, 0xff, 0xfd, 0x0, 0x0, 0x0, 0x7, 0xd3,
    0xe3, 0xf4, 0x0, 0x0, 0x0, 0x2f, 0x44, 0xf,
    0xc0, 0x0, 0x0, 0x0, 0xbc, 0x0, 0x3f, 0x0,
    0x0, 0x0, 0x3, 0xf0, 0x0, 0xfc, 0x0, 0x0,
    0x0, 0xf, 0xc0, 0x7, 0xf0, 0x0, 0x0, 0x0,
    0x3f, 0x0, 0x1f, 0x80, 0x0, 0x0, 0x0, 0xf8,
    0x0, 0xbe, 0x0, 0x0, 0x0, 0x7, 0xe0, 0x2,
    0xf4, 0x0, 0x1b, 0x0, 0x1f, 0x40, 0xb, 0xff,
    0xff, 0xfc, 0x0, 0xbd, 0x0, 0x2f, 0xff, 0xff,
    0xe0, 0x2, 0xf0, 0x0, 0x2f, 0xff, 0xe8, 0x0,

    /* U+533A "区" */
    0x0, 0x2a, 0xaa, 0xaa, 0xaa, 0xaa, 0x90, 0xf,
    0xff, 0xff, 0xff, 0xff, 0xfd, 0x1, 0xff, 0xff,
    0xff, 0xff, 0xff, 0xd0, 0x1f, 0x80, 0x0, 0x0,
    0x0, 0x0, 0x2, 0xf8, 0x0, 0x0, 0x0, 0x0,
    0x0, 0x2f, 0x4a, 0x80, 0x0, 0x6, 0x90, 0x3,
    0xf4, 0xbf, 0x0, 0x1, 0xfc, 0x0, 0x3f, 0x2,
    0xfc, 0x0, 0x3f, 0x0, 0x3, 0xf0, 0xf, 0xe0,
    0xf, 0xd0, 0x0, 0x3f, 0x0, 0x3f, 0x83, 0xf8,
    0x0, 0x7, 0xf0, 0x0, 0xfe, 0xbf, 0x0, 0x0,
    0x7e, 0x0, 0x7, 0xff, 0xc0, 0x0, 0xb, 0xe0,
    0x0, 0x1f, 0xf0, 0x0, 0x0, 0xbd, 0x0, 0x2,
    0xff, 0x0, 0x0, 0xf, 0xd0, 0x0, 0xbf, 0xfc,
    0x0, 0x0, 0xfc, 0x0, 0x3f, 0xdf, 0xf0, 0x0,
    0xf, 0xc0, 0xf, 0xf0, 0x3f, 0x80, 0x0, 0xfc,
    0x7, 0xfc, 0x1, 0xfe, 0x0, 0x1f, 0xc2, 0xff,
    0x0, 0x7, 0xf4, 0x1, 0xf8, 0xbf, 0x80, 0x0,
    0x2f, 0xc0, 0x2f, 0x81, 0xd0, 0x0, 0x0, 0xa0,
    0x2, 0xf4, 0x0, 0x0, 0x0, 0x0, 0x0, 0x3f,
    0xff, 0xff, 0xff, 0xff, 0xff, 0x83, 0xff, 0xff,
    0xff, 0xff, 0xff, 0xf8, 0x3f, 0xff, 0xff, 0xff,
    0xff, 0xff, 0x80,

    /* U+534A "半" */
    0x0, 0x0, 0x0, 0x2a, 0x0, 0x0, 0x0, 0x0,
    0x0, 0x3, 0xf0, 0x0, 0x0, 0x0, 0x7e, 0x0,
    0x3f, 0x0, 0x69, 0x0, 0x3, 0xf0, 0x7, 0xf0,
    0xf, 0xd0, 0x0, 0x2f, 0x40, 0x7e, 0x1, 0xfc,
    0x0, 0x1, 0xfc, 0x7, 0xe0, 0x3f, 0x40, 0x0,
    0xf, 0xc0, 0xbe, 0x7, 0xf0, 0x0, 0x0, 0xbe,
    0xb, 0xd0, 0xfd, 0x0, 0x0, 0x0, 0x0, 0xfd,
    0x0, 0x0, 0x0, 0x2a, 0xaa, 0xaf, 0xea, 0xaa,
    0xa0, 0x3, 0xff, 0xff, 0xff, 0xff, 0xff, 0x0,
    0x3f, 0xff, 0xff, 0xff, 0xff, 0xf0, 0x0, 0x0,
    0x1, 0xfc, 0x0, 0x0, 0x0, 0x0, 0x0, 0x1f,
    0xc0, 0x0, 0x0, 0x0, 0x0, 0x1, 0xf8, 0x0,
    0x0, 0x0, 0x0, 0x0, 0x2f, 0x80, 0x0, 0x0,
    0x3f, 0xff, 0xff, 0xff, 0xff, 0xff, 0xc3, 0xff,
    0xff, 0xff, 0xff, 0xff, 0xfc, 0x3f, 0xff, 0xff,
    0xff, 0xff, 0xff, 0x80, 0x0, 0x0, 0x3f, 0x0,
    0x0, 0x0, 0x0, 0x0, 0x3, 0xf0, 0x0, 0x0,
    0x0, 0x0, 0x0, 0x3f, 0x0, 0x0, 0x0, 0x0,
    0x0, 0x7, 0xf0, 0x0, 0x0, 0x0, 0x0, 0x0,
    0x7e, 0x0, 0x0, 0x0, 0x0, 0x0, 0x7, 0xe0,
    0x0, 0x0, 0x0, 0x0, 0x0, 0xbe, 0x0, 0x0,
    0x0,

    /* U+53D1 "发" */
    0x0, 0x0, 0x0, 0x2a, 0x0, 0x0, 0x0, 0x0,
    0xa, 0x80, 0x3f, 0x3, 0xf0, 0x0, 0x0, 0x1f,
    0xc0, 0x7f, 0x1, 0xfc, 0x0, 0x0, 0x2f, 0x40,
    0xbd, 0x0, 0xbe, 0x0, 0x0, 0x3f, 0x0, 0xfc,
    0x0, 0x3f, 0x40, 0x0, 0x7f, 0x1, 0xfc, 0x0,
    0x0, 0x0, 0x0, 0xff, 0xff, 0xff, 0xff, 0xff,
    0xfc, 0x0, 0xff, 0xff, 0xff, 0xff, 0xff, 0xfc,
    0x0, 0xff, 0xff, 0xff, 0xff, 0xff, 0xfc, 0x0,
    0x0, 0xf, 0xd0, 0x0, 0x0, 0x0, 0x0, 0x0,
    0x1f, 0xc0, 0x0, 0x0, 0x0, 0x0, 0x0, 0x3f,
    0x40, 0x0, 0x0, 0x0, 0x0, 0x0, 0x7f, 0xff,
    0xff, 0xf8, 0x0, 0x0, 0x0, 0xff, 0xff, 0xff,
    0xfe, 0x0, 0x0, 0x1, 0xff, 0xff, 0xff, 0xff,
    0x0, 0x0, 0x3, 0xff, 0xc0, 0x0, 0xfd, 0x0,
    0x0, 0xb, 0xfb, 0xf0, 0x2, 0xfc, 0x0, 0x0,
    0xf, 0xd2, 0xfc, 0xb, 0xf4, 0x0, 0x0, 0x3f,
    0x80, 0xff, 0x2f, 0xe0, 0x0, 0x0, 0x7f, 0x0,
    0x3f, 0xff, 0x80, 0x0, 0x0, 0xfd, 0x0, 0xf,
    0xfe, 0x0, 0x0, 0x3, 0xfc, 0x0, 0x3f, 0xfe,
    0x0, 0x0, 0xb, 0xf0, 0x7, 0xff, 0xff, 0xe0,
    0x0, 0x1f, 0xd1, 0xbf, 0xfd, 0x1f, 0xfe, 0x0,
    0x7f, 0x4b, 0xff, 0xd0, 0x2, 0xff, 0xe0, 0x1a,
    0x3, 0xf8, 0x0, 0x0, 0x2f, 0xc0, 0x0, 0x0,
    0x0, 0x0, 0x0, 0x2, 0x0,

    /* U+53D6 "取" */
    0x2, 0xaa, 0xaa, 0xa8, 0x0, 0x0, 0x0, 0x7,
    0xff, 0xff, 0xfd, 0xff, 0xff, 0xe0, 0x7, 0xff,
    0xff, 0xfd, 0xff, 0xff, 0xf4, 0x0, 0xfc, 0x7,
    0xe1, 0xff, 0xff, 0xf8, 0x0, 0xf8, 0x7, 0xd0,
    0xfc, 0x1, 0xf8, 0x0, 0xf8, 0x7, 0xd0, 0xbc,
    0x2, 0xf8, 0x0, 0xf9, 0x5b, 0xc0, 0xbd, 0x3,
    0xf4, 0x1, 0xff, 0xff, 0xc0, 0x7e, 0x3, 0xf0,
    0x1, 0xff, 0xff, 0xc0, 0x3e, 0x7, 0xe0, 0x2,
    0xf0, 0xf, 0xc0, 0x3f, 0xb, 0xd0, 0x2, 0xf0,
    0xf, 0xc0, 0x2f, 0x4f, 0xc0, 0x3, 0xf0, 0xf,
    0x80, 0x1f, 0xaf, 0x80, 0x3, 0xff, 0xff, 0x80,
    0xf, 0xff, 0x0, 0x3, 0xff, 0xff, 0x40, 0xf,
    0xfe, 0x0, 0x3, 0xe5, 0x6f, 0x40, 0x7, 0xfc,
    0x0, 0x7, 0xd0, 0x2f, 0x0, 0x3, 0xf8, 0x0,
    0x7, 0xd0, 0x2f, 0xa4, 0x7, 0xf4, 0x0, 0xb,
    0xc1, 0xbf, 0xf4, 0xf, 0xfc, 0x0, 0x1f, 0xff,
    0xff, 0xf0, 0x3f, 0xfd, 0x0, 0x7f, 0xff, 0xff,
    0x0, 0xbf, 0xbf, 0x0, 0xbf, 0xe5, 0x7e, 0x1,
    0xfd, 0x3f, 0x40, 0x50, 0x0, 0x7e, 0x7, 0xf8,
    0x1f, 0xc0, 0x0, 0x0, 0x7d, 0x1f, 0xe0, 0xb,
    0xf0, 0x0, 0x0, 0xbd, 0xbf, 0xc0, 0x3, 0xf8,
    0x0, 0x0, 0xbc, 0x2e, 0x0, 0x1, 0xe4, 0x0,
    0x0, 0x0, 0x0, 0x0, 0x0, 0x0,

    /* U+53D8 "变" */
    0x0, 0x0, 0x0, 0x3f, 0x40, 0x0, 0x0, 0x0,
    0x0, 0x0, 0xbe, 0x0, 0x0, 0x0, 0x1a, 0xaa,
    0xaa, 0xfe, 0xaa, 0xaa, 0x40, 0xff, 0xff, 0xff,
    0xff, 0xff, 0xfe, 0x3, 0xff, 0xff, 0xff, 0xff,
    0xff, 0xf8, 0x0, 0x0, 0x2f, 0x41, 0xf8, 0x0,
    0x0, 0x0, 0x0, 0xbc, 0x7, 0xd0, 0x0, 0x0,
    0xb, 0xd3, 0xf0, 0x2f, 0x4f, 0xc0, 0x0, 0x3f,
    0xf, 0xc0, 0xbc, 0x1f, 0x40, 0x3, 0xf0, 0x3f,
    0x3, 0xf0, 0x3f, 0x0, 0x1f, 0x80, 0xfc, 0xf,
    0xc0, 0xbd, 0x0, 0xfc, 0x7, 0xe0, 0x3f, 0x0,
    0xfc, 0x6, 0x90, 0xa, 0x40, 0xa4, 0x2, 0xa0,
    0x1, 0xaa, 0xaa, 0xaa, 0xaa, 0x90, 0x0, 0xf,
    0xff, 0xff, 0xff, 0xff, 0xd0, 0x0, 0x3f, 0xff,
    0xff, 0xff, 0xff, 0x80, 0x0, 0xf, 0xe0, 0x0,
    0x7, 0xfc, 0x0, 0x0, 0xf, 0xe0, 0x0, 0xbf,
    0xc0, 0x0, 0x0, 0xf, 0xf0, 0xf, 0xf8, 0x0,
    0x0, 0x0, 0xf, 0xfa, 0xff, 0x40, 0x0, 0x0,
    0x0, 0xb, 0xff, 0xf0, 0x0, 0x0, 0x0, 0x0,
    0x6f, 0xff, 0x40, 0x0, 0x0, 0x0, 0x6f, 0xff,
    0xff, 0xe4, 0x0, 0x1, 0x7f, 0xff, 0xd0, 0xbf,
    0xfe, 0x40, 0x3f, 0xff, 0xe0, 0x0, 0x1f, 0xff,
    0xf0, 0x3f, 0x90, 0x0, 0x0, 0x2, 0xff, 0x0,
    0x0, 0x0, 0x0, 0x0, 0x0, 0x10, 0x0,

    /* U+53EA "只" */
    0x0, 0x0, 0x0, 0x0, 0x0, 0x0, 0x0, 0x7,
    0xff, 0xff, 0xff, 0xff, 0x0, 0x3, 0xff, 0xff,
    0xff, 0xff, 0xe0, 0x2, 0xfe, 0xaa, 0xaa, 0xab,
    0xfc, 0x0, 0xbd, 0x0, 0x0, 0x0, 0x7e, 0x0,
    0x3f, 0x0, 0x0, 0x0, 0x2f, 0x80, 0xf, 0xc0,
    0x0, 0x0, 0xb, 0xd0, 0x3, 0xf0, 0x0, 0x0,
    0x3, 0xf4, 0x0, 0xfc, 0x0, 0x0, 0x0, 0xfc,
    0x0, 0x7e, 0x0, 0x0, 0x0, 0x3f, 0x0, 0x1f,
    0x80, 0x0, 0x0, 0xf, 0xc0, 0xb, 0xff, 0xff,
    0xff, 0xff, 0xf0, 0x2, 0xff, 0xff, 0xff, 0xff,
    0xf8, 0x0, 0xff, 0xff, 0xff, 0xff, 0xfe, 0x0,
    0x0, 0x0, 0x0, 0x0, 0x0, 0x0, 0x0, 0x0,
    0x0, 0x0, 0x0, 0x0, 0x0, 0x3, 0xf4, 0x2,
    0xfc, 0x0, 0x0, 0x3, 0xf8, 0x0, 0x3f, 0x40,
    0x0, 0x2, 0xfc, 0x0, 0x7, 0xf0, 0x0, 0x1,
    0xfc, 0x0, 0x0, 0xfe, 0x0, 0x1, 0xfd, 0x0,
    0x0, 0xf, 0xc0, 0x0, 0xfe, 0x0, 0x0, 0x2,
    0xfc, 0x0, 0xff, 0x0, 0x0, 0x0, 0x3f, 0x40,
    0xbf, 0x0, 0x0, 0x0, 0xb, 0xf0, 0x7f, 0x40,
    0x0, 0x0, 0x0, 0xfe, 0x0,

    /* U+53F3 "右" */
    0x0, 0x0, 0x0, 0x2a, 0x0, 0x0, 0x0, 0x0,
    0x0, 0x1, 0xfc, 0x0, 0x0, 0x0, 0x0, 0x0,
    0xf, 0xd0, 0x0, 0x0, 0x0, 0x0, 0x0, 0x7f,
    0x0, 0x0, 0x0, 0x3, 0xff, 0xff, 0xff, 0xff,
    0xff, 0xfc, 0xf, 0xff, 0xff, 0xff, 0xff, 0xff,
    0xe0, 0x3f, 0xff, 0xff, 0xff, 0xff, 0xff, 0x80,
    0x0, 0xb, 0xf0, 0x0, 0x0, 0x0, 0x0, 0x0,
    0x7f, 0x40, 0x0, 0x0, 0x0, 0x0, 0x3, 0xf8,
    0x0, 0x0, 0x0, 0x0, 0x0, 0x2f, 0xc0, 0x0,
    0x0, 0x0, 0x0, 0x2, 0xfd, 0x0, 0x0, 0x0,
    0x0, 0x0, 0x1f, 0xff, 0xff, 0xff, 0xfd, 0x0,
    0x1, 0xff, 0xff, 0xff, 0xff, 0xfc, 0x0, 0x1f,
    0xff, 0xaa, 0xaa, 0xab, 0xf0, 0x2, 0xff, 0xfc,
    0x0, 0x0, 0xf, 0xc0, 0x2f, 0xe7, 0xe0, 0x0,
    0x0, 0x3f, 0x0, 0xbe, 0x1f, 0x80, 0x0, 0x1,
    0xf8, 0x0, 0x50, 0xbd, 0x0, 0x0, 0x7, 0xe0,
    0x0, 0x2, 0xf4, 0x0, 0x0, 0x2f, 0x80, 0x0,
    0xf, 0xc0, 0x0, 0x0, 0xbd, 0x0, 0x0, 0x3f,
    0x0, 0x0, 0x3, 0xf4, 0x0, 0x0, 0xfc, 0x0,
    0x0, 0xf, 0xc0, 0x0, 0x3, 0xff, 0xff, 0xff,
    0xff, 0x0, 0x0, 0x1f, 0xff, 0xff, 0xff, 0xfc,
    0x0, 0x0, 0x7f, 0xff, 0xff, 0xff, 0xf0, 0x0,

    /* U+5404 "各" */
    0x0, 0x0, 0x1a, 0x80, 0x0, 0x0, 0x0, 0x0,
    0x0, 0x3f, 0x80, 0x0, 0x0, 0x0, 0x0, 0x0,
    0xff, 0xaa, 0xaa, 0xa9, 0x0, 0x0, 0x2, 0xff,
    0xff, 0xff, 0xff, 0x40, 0x0, 0xb, 0xff, 0xff,
    0xff, 0xff, 0x80, 0x0, 0x1f, 0xf0, 0x0, 0x0,
    0xff, 0x0, 0x0, 0x7f, 0xfd, 0x0, 0x7, 0xfc,
    0x0, 0x0, 0xfe, 0xff, 0x80, 0x2f, 0xf0, 0x0,
    0x3, 0xfc, 0x2f, 0xf6, 0xff, 0x80, 0x0, 0x0,
    0x0, 0x7, 0xff, 0xfd, 0x0, 0x0, 0x0, 0x0,
    0x7, 0xff, 0xf9, 0x0, 0x0, 0x0, 0x1, 0xbf,
    0xff, 0xff, 0xe4, 0x0, 0x1, 0xbf, 0xff, 0xd0,
    0xbf, 0xff, 0xe4, 0x3f, 0xff, 0xf4, 0x0, 0x6,
    0xff, 0xfd, 0xf, 0xf9, 0x0, 0x0, 0x0, 0x1b,
    0xf8, 0x5, 0x6, 0xaa, 0xaa, 0xaa, 0xa0, 0x10,
    0x0, 0x1f, 0xff, 0xff, 0xff, 0xfc, 0x0, 0x0,
    0x3f, 0xff, 0xff, 0xff, 0xfd, 0x0, 0x0, 0x3f,
    0x0, 0x0, 0x0, 0xfc, 0x0, 0x0, 0x3f, 0x0,
    0x0, 0x0, 0xfc, 0x0, 0x0, 0x3e, 0x0, 0x0,
    0x0, 0xfc, 0x0, 0x0, 0x7e, 0x0, 0x0, 0x0,
    0xfc, 0x0, 0x0, 0x7e, 0x0, 0x0, 0x1, 0xf8,
    0x0, 0x0, 0xbf, 0xaa, 0xaa, 0xab, 0xf8, 0x0,
    0x0, 0xbf, 0xff, 0xff, 0xff, 0xf4, 0x0, 0x0,
    0xff, 0xff, 0xff, 0xff, 0xf4, 0x0,

    /* U+540D "名" */
    0x0, 0x0, 0x6, 0xa0, 0x0, 0x0, 0x0, 0x0,
    0x7, 0xf4, 0x0, 0x0, 0x0, 0x0, 0x3, 0xfe,
    0xaa, 0xaa, 0x90, 0x0, 0x3, 0xff, 0xff, 0xff,
    0xfe, 0x0, 0x3, 0xff, 0xff, 0xff, 0xff, 0xc0,
    0x3, 0xfc, 0x0, 0x0, 0x2f, 0xe0, 0x2, 0xff,
    0x0, 0x0, 0x2f, 0xf0, 0x2, 0xff, 0xf8, 0x0,
    0x3f, 0xe0, 0x2, 0xfd, 0xbf, 0xc0, 0x7f, 0xe0,
    0x3, 0xfd, 0x7, 0xfe, 0xbf, 0xd0, 0x0, 0x14,
    0x0, 0x3f, 0xff, 0xc0, 0x0, 0x0, 0x0, 0x3,
    0xff, 0x80, 0x0, 0x0, 0x0, 0x1b, 0xff, 0x40,
    0x0, 0x0, 0x0, 0xbf, 0xfe, 0x0, 0x0, 0x0,
    0x1b, 0xff, 0xff, 0xff, 0xff, 0xe1, 0xff, 0xff,
    0xff, 0xff, 0xff, 0xfe, 0x3f, 0xff, 0xea, 0xaa,
    0xaa, 0xbf, 0x86, 0x43, 0xf0, 0x0, 0x0, 0x7,
    0xe0, 0x1, 0xfc, 0x0, 0x0, 0x2, 0xf4, 0x0,
    0x7e, 0x0, 0x0, 0x0, 0xbd, 0x0, 0x1f, 0x80,
    0x0, 0x0, 0x3f, 0x40, 0xb, 0xe0, 0x0, 0x0,
    0xf, 0xc0, 0x2, 0xf4, 0x0, 0x0, 0x3, 0xf0,
    0x0, 0xff, 0xff, 0xff, 0xff, 0xfc, 0x0, 0x3f,
    0xff, 0xff, 0xff, 0xff, 0x0, 0xf, 0xff, 0xff,
    0xff, 0xff, 0xc0,

    /* U+540E "后" */
    0x0, 0x0, 0x0, 0x0, 0x0, 0x0, 0x0, 0x0,
    0x0, 0x0, 0x15, 0x6a, 0xff, 0x80, 0x0, 0xbf,
    0xff, 0xff, 0xff, 0xfe, 0x0, 0xb, 0xff, 0xff,
    0xff, 0xff, 0xf4, 0x0, 0x3f, 0xff, 0xa9, 0x50,
    0x0, 0x0, 0x0, 0xfc, 0x0, 0x0, 0x0, 0x0,
    0x0, 0x7, 0xe0, 0x0, 0x0, 0x0, 0x0, 0x0,
    0x1f, 0x80, 0x0, 0x0, 0x0, 0x0, 0x0, 0xbf,
    0xff, 0xff, 0xff, 0xff, 0xf8, 0x2, 0xff, 0xff,
    0xff, 0xff, 0xff, 0xe0, 0xf, 0xff, 0xff, 0xff,
    0xff, 0xff, 0x40, 0x3f, 0x0, 0x0, 0x0, 0x0,
    0x0, 0x0, 0xfc, 0x0, 0x0, 0x0, 0x0, 0x0,
    0x3, 0xf0, 0x0, 0x0, 0x0, 0x0, 0x0, 0x1f,
    0x80, 0xff, 0xff, 0xff, 0xd0, 0x0, 0x7e, 0xf,
    0xff, 0xff, 0xff, 0xc0, 0x2, 0xf4, 0x3f, 0xaa,
    0xaa, 0xbf, 0x40, 0xb, 0xd1, 0xf8, 0x0, 0x0,
    0xbd, 0x0, 0x3f, 0x7, 0xe0, 0x0, 0x2, 0xf4,
    0x0, 0xfc, 0x2f, 0x80, 0x0, 0xf, 0xc0, 0x7,
    0xe0, 0xbd, 0x0, 0x0, 0x3f, 0x0, 0x2f, 0x83,
    0xf4, 0x0, 0x0, 0xfc, 0x0, 0xfc, 0xf, 0xc0,
    0x0, 0x3, 0xf0, 0x3, 0xf0, 0x3f, 0xaa, 0xaa,
    0xbf, 0xc0, 0x2f, 0x80, 0xff, 0xff, 0xff, 0xfe,
    0x0, 0xfc, 0x3, 0xff, 0xff, 0xff, 0xf8, 0x0,
    0x50, 0x0, 0x0, 0x0, 0x0, 0x0, 0x0,

    /* U+5411 "向" */
    0x0, 0x0, 0x0, 0x69, 0x0, 0x0, 0x0, 0x0,
    0x0, 0xf, 0xc0, 0x0, 0x0, 0x0, 0x0, 0x2,
    0xf8, 0x0, 0x0, 0x0, 0x6, 0xaa, 0xbf, 0xea,
    0xaa, 0xa0, 0x1, 0xff, 0xff, 0xff, 0xff, 0xff,
    0xc0, 0x2f, 0xff, 0xff, 0xff, 0xff, 0xfd, 0x3,
    0xf0, 0x0, 0x0, 0x0, 0xb, 0xd0, 0x3f, 0x0,
    0x0, 0x0, 0x0, 0xbd, 0x3, 0xe0, 0x0, 0x0,
    0x0, 0xf, 0xc0, 0x7e, 0x2, 0xff, 0xfe, 0x0,
    0xfc, 0x7, 0xd0, 0x7f, 0xff, 0xf8, 0xf, 0xc0,
    0xbd, 0xb, 0xea, 0xaf, 0x80, 0xfc, 0xb, 0xc0,
    0xbc, 0x0, 0xf8, 0x1f, 0xc0, 0xfc, 0xf, 0xc0,
    0x1f, 0x41, 0xf8, 0xf, 0xc0, 0xf8, 0x1, 0xf4,
    0x1f, 0x80, 0xfc, 0xf, 0x80, 0x2f, 0x2, 0xf4,
    0xf, 0xc0, 0xf4, 0x2, 0xf0, 0x2f, 0x41, 0xf8,
    0x1f, 0xaa, 0xbf, 0x3, 0xf0, 0x1f, 0x81, 0xff,
    0xff, 0xf0, 0x3f, 0x2, 0xf4, 0x2f, 0xff, 0xfe,
    0x3, 0xf0, 0x2f, 0x40, 0x0, 0x0, 0x0, 0x3f,
    0x3, 0xf0, 0x0, 0x0, 0x0, 0x7, 0xe0, 0x3f,
    0x0, 0x0, 0x0, 0x40, 0x7e, 0x3, 0xf0, 0x0,
    0x0, 0x1f, 0xff, 0xd0, 0x3f, 0x0, 0x0, 0x1,
    0xff, 0xfc, 0x3, 0xe0, 0x0, 0x0, 0x6, 0xbf,
    0x40,

    /* U+5426 "否" */
    0x2, 0xaa, 0xaa, 0xaa, 0xaa, 0xaa, 0xa0, 0xf,
    0xff, 0xff, 0xff, 0xff, 0xff, 0x80, 0x3f, 0xff,
    0xff, 0xff, 0xff, 0xfe, 0x0, 0x0, 0x0, 0xbf,
    0x0, 0x0, 0x0, 0x0, 0x0, 0xb, 0xf0, 0x0,
    0x0, 0x0, 0x0, 0x0, 0xff, 0xfa, 0xf8, 0x0,
    0x0, 0x0, 0x1f, 0xfb, 0xd3, 0xf8, 0x0, 0x0,
    0x2, 0xfe, 0x2f, 0x43, 0xfc, 0x0, 0x0, 0x3f,
    0xe0, 0xfc, 0x3, 0xfc, 0x0, 0xb, 0xfd, 0x3,
    0xf0, 0x2, 0xfd, 0x1, 0xff, 0x80, 0xf, 0xc0,
    0x2, 0xfd, 0x7, 0xf4, 0x0, 0x3f, 0x0, 0x2,
    0xf4, 0x1, 0x0, 0x0, 0x50, 0x0, 0x1, 0x0,
    0x0, 0x6a, 0xaa, 0xaa, 0xaa, 0x40, 0x0, 0xf,
    0xff, 0xff, 0xff, 0xff, 0x40, 0x0, 0x7f, 0xff,
    0xff, 0xff, 0xfe, 0x0, 0x2, 0xf8, 0x0, 0x0,
    0x2, 0xf8, 0x0, 0xb, 0xd0, 0x0, 0x0, 0xb,
    0xd0, 0x0, 0x3f, 0x40, 0x0, 0x0, 0x2f, 0x40,
    0x0, 0xfc, 0x0, 0x0, 0x0, 0xfc, 0x0, 0x3,
    0xf0, 0x0, 0x0, 0x3, 0xf0, 0x0, 0xf, 0xc0,
    0x0, 0x0, 0xf, 0xc0, 0x0, 0x3f, 0xaa, 0xaa,
    0xaa, 0xbf, 0x0, 0x1, 0xff, 0xff, 0xff, 0xff,
    0xf8, 0x0, 0x7, 0xff, 0xff, 0xff, 0xff, 0xe0,
    0x0,

    /* U+542F "启" */
    0x0, 0x0, 0x0, 0x0, 0x0, 0x0, 0x0, 0x0,
    0x0, 0x0, 0x3f, 0x0, 0x0, 0x0, 0x0, 0x0,
    0x0, 0xfd, 0x0, 0x0, 0x0, 0x2, 0xaa, 0xab,
    0xfe, 0xaa, 0xa0, 0x0, 0x3f, 0xff, 0xff, 0xff,
    0xff, 0xf0, 0x0, 0xff, 0xff, 0xff, 0xff, 0xff,
    0xc0, 0x3, 0xf0, 0x0, 0x0, 0x0, 0x3f, 0x0,
    0x1f, 0xc0, 0x0, 0x0, 0x1, 0xfc, 0x0, 0x7e,
    0x0, 0x0, 0x0, 0x7, 0xe0, 0x2, 0xf8, 0x0,
    0x0, 0x0, 0x2f, 0x80, 0xb, 0xff, 0xff, 0xff,
    0xff, 0xfd, 0x0, 0x3f, 0xff, 0xff, 0xff, 0xff,
    0xf4, 0x0, 0xff, 0xaa, 0xaa, 0xaa, 0xaa, 0x80,
    0x3, 0xf0, 0x0, 0x0, 0x0, 0x0, 0x0, 0xf,
    0xc0, 0x0, 0x0, 0x0, 0x0, 0x0, 0x3f, 0x2,
    0xaa, 0xaa, 0xaa, 0x40, 0x1, 0xf8, 0x3f, 0xff,
    0xff, 0xff, 0x40, 0xb, 0xe1, 0xff, 0xff, 0xff,
    0xfd, 0x0, 0x3f, 0x4b, 0xd0, 0x0, 0x1, 0xf4,
    0x0, 0xfc, 0x2f, 0x0, 0x0, 0xb, 0xd0, 0x7,
    0xf0, 0xbc, 0x0, 0x0, 0x2f, 0x0, 0x2f, 0x83,
    0xf0, 0x0, 0x0, 0xfc, 0x0, 0xfd, 0xf, 0xc0,
    0x0, 0x3, 0xf0, 0x3, 0xf0, 0x3f, 0x0, 0x0,
    0xf, 0xc0, 0x2f, 0x80, 0xfe, 0xaa, 0xaa, 0xbf,
    0x0, 0xfd, 0x7, 0xff, 0xff, 0xff, 0xf8, 0xb,
    0xf0, 0x1f, 0xff, 0xff, 0xff, 0xe0, 0x6, 0x40,
    0x0, 0x0, 0x0, 0x0, 0x0,

    /* U+548C "和" */
    0x0, 0x0, 0x0, 0x0, 0x0, 0x0, 0x0, 0x0,
    0x5, 0x6b, 0xd0, 0x0, 0x0, 0x0, 0x2f, 0xff,
    0xff, 0x42, 0xaa, 0xa9, 0x0, 0xff, 0xff, 0xf8,
    0x2f, 0xff, 0xfc, 0x2, 0xaa, 0xf8, 0x0, 0xff,
    0xff, 0xf4, 0x0, 0x7, 0xe0, 0x3, 0xe0, 0x7,
    0xd0, 0x0, 0x1f, 0x40, 0x1f, 0x40, 0x2f, 0x0,
    0x0, 0xbd, 0x0, 0x7d, 0x0, 0xbc, 0xb, 0xff,
    0xff, 0xf2, 0xf0, 0x3, 0xf0, 0x3f, 0xff, 0xff,
    0xcb, 0xc0, 0xf, 0xc0, 0xaa, 0xff, 0xaa, 0x2f,
    0x0, 0x3f, 0x0, 0x3, 0xfd, 0x0, 0xfc, 0x0,
    0xf8, 0x0, 0x3f, 0xfc, 0x3, 0xf0, 0x3, 0xe0,
    0x1, 0xff, 0xfc, 0xf, 0x80, 0x1f, 0x40, 0xf,
    0xff, 0xf8, 0x3e, 0x0, 0x7d, 0x0, 0xff, 0xf7,
    0xf5, 0xf4, 0x2, 0xf0, 0xb, 0xeb, 0xd3, 0xe7,
    0xd0, 0xb, 0xc0, 0x7f, 0x2f, 0x5, 0x2f, 0x0,
    0x3f, 0x3, 0xf4, 0xbc, 0x0, 0xbc, 0x0, 0xfc,
    0x1f, 0x83, 0xf0, 0x3, 0xf0, 0x3, 0xf0, 0x8,
    0xf, 0xc0, 0xf, 0xc0, 0xf, 0x80, 0x0, 0x3f,
    0x0, 0x3f, 0x0, 0x3e, 0x0, 0x0, 0xf8, 0x0,
    0xff, 0xff, 0xf4, 0x0, 0x7, 0xe0, 0x7, 0xff,
    0xff, 0xd0, 0x0, 0x1f, 0x40, 0x1f, 0xff, 0xff,
    0x0, 0x0, 0x7d, 0x0, 0x0, 0x0, 0x0, 0x0,

    /* U+5668 "器" */
    0x0, 0x0, 0x0, 0x0, 0x0, 0x0, 0x0, 0x0,
    0x7f, 0xff, 0xc0, 0x7f, 0xff, 0x80, 0x0, 0xff,
    0xff, 0xe0, 0xff, 0xff, 0xe0, 0x0, 0xf9, 0x57,
    0xe0, 0xf9, 0x57, 0xe0, 0x0, 0xf4, 0x3, 0xe0,
    0xf4, 0x3, 0xe0, 0x1, 0xf4, 0x3, 0xd1, 0xf4,
    0x3, 0xd0, 0x1, 0xff, 0xff, 0xd1, 0xff, 0xff,
    0xd0, 0x2, 0xff, 0xff, 0xc2, 0xff, 0xff, 0xc0,
    0x1, 0x55, 0x55, 0x41, 0xaa, 0xaa, 0x80, 0x0,
    0x0, 0x0, 0xbd, 0x7, 0xd0, 0x0, 0x2, 0xaa,
    0xaa, 0xfe, 0xab, 0xfa, 0xa0, 0xb, 0xff, 0xff,
    0xff, 0xff, 0xff, 0xf0, 0xb, 0xff, 0xff, 0xff,
    0xff, 0xff, 0xf0, 0x0, 0x0, 0xbf, 0x40, 0xfe,
    0x0, 0x0, 0x0, 0x7, 0xfc, 0x0, 0x3f, 0xd0,
    0x0, 0x1, 0xbf, 0xd0, 0x0, 0x7, 0xfe, 0x0,
    0x3f, 0xfd, 0x0, 0x0, 0x0, 0xbf, 0xf8, 0x2f,
    0xff, 0xff, 0x1, 0xff, 0xff, 0xf4, 0x6, 0xff,
    0xff, 0x83, 0xff, 0xff, 0x90, 0x3, 0xf5, 0x5f,
    0x87, 0xe5, 0x6f, 0x40, 0x3, 0xe0, 0xf, 0x87,
    0xd0, 0x1f, 0x40, 0x3, 0xe0, 0xf, 0x8b, 0xd0,
    0x2f, 0x0, 0x3, 0xd0, 0x1f, 0x4b, 0xc0, 0x2f,
    0x0, 0x7, 0xe5, 0x6f, 0x4f, 0xd5, 0x7f, 0x0,
    0x7, 0xff, 0xff, 0xf, 0xff, 0xff, 0x0, 0xb,
    0xff, 0xff, 0xf, 0xff, 0xfe, 0x0,

    /* U+56FE "图" */
    0x0, 0x0, 0x0, 0x0, 0x0, 0x0, 0x0, 0x1f,
    0xff, 0xff, 0xff, 0xff, 0xfd, 0x3, 0xff, 0xff,
    0xff, 0xff, 0xff, 0xf0, 0x7f, 0xaa, 0xaa, 0xaa,
    0xaa, 0xbf, 0x7, 0xe0, 0x6, 0x40, 0x0, 0x3,
    0xf0, 0xbd, 0x1, 0xf8, 0x0, 0x0, 0x3f, 0xb,
    0xd0, 0x3f, 0xff, 0xfd, 0x7, 0xe0, 0xfc, 0xf,
    0xff, 0xff, 0xf0, 0x7e, 0xf, 0xc2, 0xf8, 0x0,
    0xfd, 0xb, 0xd0, 0xfc, 0x7f, 0xe0, 0x3f, 0x80,
    0xbd, 0xf, 0xcf, 0xef, 0xef, 0xd0, 0xf, 0xc0,
    0xf8, 0x50, 0x7f, 0xf4, 0x0, 0xfc, 0x1f, 0x80,
    0x2f, 0xff, 0xd0, 0xf, 0xc1, 0xf4, 0x6f, 0xfd,
    0xff, 0xe4, 0xfc, 0x2f, 0x7f, 0xfd, 0x1, 0xff,
    0xcf, 0x82, 0xf0, 0xf5, 0xf9, 0x0, 0xb1, 0xf8,
    0x3f, 0x0, 0x1f, 0xff, 0x80, 0x1f, 0x83, 0xf0,
    0x0, 0x1b, 0xf8, 0x2, 0xf4, 0x3f, 0x1, 0xe4,
    0x1, 0x40, 0x2f, 0x43, 0xe0, 0x1f, 0xfe, 0x40,
    0x3, 0xf0, 0x7e, 0x0, 0xbf, 0xff, 0xd0, 0x3f,
    0x7, 0xd0, 0x0, 0x1b, 0xfe, 0x3, 0xf0, 0xbd,
    0x0, 0x0, 0x1, 0x90, 0x3f, 0xb, 0xea, 0xaa,
    0xaa, 0xaa, 0xab, 0xe0, 0xff, 0xff, 0xff, 0xff,
    0xff, 0xfe, 0xf, 0xff, 0xff, 0xff, 0xff, 0xff,
    0xd0,

    /* U+5706 "圆" */
    0x0, 0x0, 0x0, 0x0, 0x0, 0x0, 0x0, 0x1f,
    0xff, 0xff, 0xff, 0xff, 0xfc, 0x3, 0xff, 0xff,
    0xff, 0xff, 0xff, 0xe0, 0x7f, 0xaa, 0xaa, 0xaa,
    0xaa, 0xbf, 0x7, 0xd0, 0x0, 0x0, 0x0, 0x3,
    0xf0, 0xbd, 0xb, 0xff, 0xff, 0xe0, 0x7e, 0xb,
    0xc0, 0xff, 0xff, 0xff, 0x7, 0xe0, 0xfc, 0x1f,
    0x40, 0x2, 0xf0, 0x7d, 0xf, 0xc1, 0xf5, 0x55,
    0x7f, 0xb, 0xd0, 0xfc, 0x2f, 0xff, 0xff, 0xf0,
    0xbc, 0xf, 0x81, 0xff, 0xff, 0xfd, 0xf, 0xc1,
    0xf8, 0x0, 0x0, 0x0, 0x0, 0xfc, 0x1f, 0x43,
    0xff, 0xff, 0xfd, 0xf, 0xc1, 0xf4, 0x7f, 0xff,
    0xff, 0xe0, 0xfc, 0x2f, 0xb, 0xc0, 0x0, 0x3e,
    0xf, 0x82, 0xf0, 0xfc, 0x2f, 0x3, 0xe1, 0xf8,
    0x3f, 0xf, 0x82, 0xf0, 0x3d, 0x1f, 0x43, 0xf0,
    0xf8, 0x3f, 0x7, 0xd2, 0xf4, 0x3e, 0x5, 0xf,
    0xfd, 0x14, 0x2f, 0x3, 0xe0, 0x7, 0xfb, 0xfd,
    0x3, 0xf0, 0x7d, 0x7, 0xfd, 0xb, 0xf8, 0x3f,
    0x7, 0xd3, 0xfe, 0x0, 0x1f, 0xe3, 0xf0, 0xbc,
    0xe, 0x0, 0x0, 0x28, 0x3e, 0xb, 0xea, 0xaa,
    0xaa, 0xaa, 0xab, 0xe0, 0xff, 0xff, 0xff, 0xff,
    0xff, 0xfd, 0xf, 0xff, 0xff, 0xff, 0xff, 0xff,
    0xd0,

    /* U+5728 "在" */
    0x0, 0x0, 0x0, 0xbd, 0x0, 0x0, 0x0, 0x0,
    0x0, 0x1, 0xfc, 0x0, 0x0, 0x0, 0x0, 0x0,
    0x2, 0xf8, 0x0, 0x0, 0x0, 0x2, 0xff, 0xff,
    0xff, 0xff, 0xff, 0xfc, 0x3, 0xff, 0xff, 0xff,
    0xff, 0xff, 0xfc, 0x3, 0xff, 0xff, 0xff, 0xff,
    0xff, 0xfc, 0x0, 0x0, 0x3f, 0x40, 0x0, 0x0,
    0x0, 0x0, 0x0, 0xff, 0x0, 0x0, 0x0, 0x0,
    0x0, 0x2, 0xfc, 0x0, 0x3e, 0x0, 0x0, 0x0,
    0xb, 0xf4, 0x0, 0x3f, 0x0, 0x0, 0x0, 0x1f,
    0xe0, 0x0, 0x7e, 0x0, 0x0, 0x0, 0x7f, 0xc0,
    0x0, 0x7e, 0x0, 0x0, 0x1, 0xff, 0x80, 0x0,
    0xbd, 0x0, 0x0, 0x7, 0xff, 0x47, 0xff, 0xff,
    0xff, 0xd0, 0x1f, 0xff, 0x4b, 0xff, 0xff, 0xff,
    0xd0, 0x7f, 0xff, 0x46, 0xaa, 0xfe, 0xaa, 0x80,
    0x2f, 0x3f, 0x0, 0x0, 0xfc, 0x0, 0x0, 0x4,
    0x3f, 0x0, 0x0, 0xfc, 0x0, 0x0, 0x0, 0x3f,
    0x0, 0x0, 0xfc, 0x0, 0x0, 0x0, 0x3f, 0x0,
    0x1, 0xf8, 0x0, 0x0, 0x0, 0x7e, 0x0, 0x1,
    0xf8, 0x0, 0x0, 0x0, 0x7e, 0x0, 0x1, 0xf8,
    0x0, 0x0, 0x0, 0x7d, 0x0, 0x2, 0xf4, 0x0,
    0x0, 0x0, 0xbd, 0x3f, 0xff, 0xff, 0xff, 0xe0,
    0x0, 0xbd, 0x7f, 0xff, 0xff, 0xff, 0xf0, 0x0,
    0xfc, 0x7f, 0xff, 0xff, 0xff, 0xe0,

    /* U+5750 "坐" */
    0x0, 0x0, 0x0, 0x1, 0x40, 0x0, 0x0, 0x0,
    0x0, 0x0, 0x2f, 0x40, 0x0, 0x0, 0x0, 0x15,
    0x0, 0xfc, 0x1, 0x50, 0x0, 0x0, 0xfc, 0x3,
    0xf0, 0xf, 0x80, 0x0, 0x7, 0xd0, 0xf, 0xc0,
    0x7d, 0x0, 0x0, 0x3f, 0x0, 0x3f, 0x2, 0xf0,
    0x0, 0x0, 0xfd, 0x1, 0xf8, 0xf, 0xc0, 0x0,
    0xb, 0xfc, 0x7, 0xe0, 0xbf, 0x80, 0x0, 0x3f,
    0xf8, 0x2f, 0x43, 0xff, 0x40, 0x2, 0xf7, 0xf0,
    0xbd, 0x2f, 0xbf, 0x0, 0xf, 0xc7, 0xe2, 0xf4,
    0xfc, 0xbd, 0x0, 0xfd, 0xf, 0xcf, 0xcb, 0xd0,
    0xfc, 0x7, 0xf0, 0x2f, 0xbf, 0x7f, 0x2, 0xf8,
    0x2f, 0x40, 0x34, 0xfd, 0xb0, 0x3, 0xd0, 0x0,
    0x0, 0x3, 0xf0, 0x0, 0x0, 0x0, 0x0, 0x0,
    0x1f, 0x80, 0x0, 0x0, 0x0, 0xff, 0xff, 0xff,
    0xff, 0xff, 0x40, 0x7, 0xff, 0xff, 0xff, 0xff,
    0xfd, 0x0, 0x1a, 0xaa, 0xaf, 0xea, 0xaa, 0xa0,
    0x0, 0x0, 0x0, 0x3f, 0x0, 0x0, 0x0, 0x0,
    0x0, 0x0, 0xfc, 0x0, 0x0, 0x0, 0x0, 0x0,
    0x3, 0xf0, 0x0, 0x0, 0x0, 0x0, 0x0, 0xf,
    0xc0, 0x0, 0x0, 0xb, 0xff, 0xff, 0xff, 0xff,
    0xff, 0xfc, 0x3f, 0xff, 0xff, 0xff, 0xff, 0xff,
    0xf0, 0xff, 0xff, 0xff, 0xff, 0xff, 0xff, 0xc0,

    /* U+5782 "垂" */
    0x0, 0x0, 0x0, 0x0, 0x0, 0x0, 0x0, 0x0,
    0x0, 0x1, 0x56, 0xab, 0xf4, 0x0, 0xff, 0xff,
    0xff, 0xff, 0xff, 0x0, 0x1f, 0xff, 0xff, 0xff,
    0xfe, 0xa0, 0x1, 0xaa, 0x55, 0xbe, 0x0, 0x0,
    0x0, 0x0, 0x0, 0x7, 0xe0, 0x0, 0x0, 0x5,
    0x55, 0x55, 0xbe, 0x55, 0x55, 0x40, 0xbf, 0xff,
    0xff, 0xff, 0xff, 0xfc, 0xf, 0xff, 0xff, 0xff,
    0xff, 0xff, 0xc0, 0x1, 0xf4, 0xf, 0xc0, 0x3e,
    0x0, 0x0, 0x1f, 0x40, 0xfc, 0x7, 0xd0, 0x0,
    0x2, 0xf0, 0xf, 0xc0, 0x7d, 0x0, 0x3f, 0xff,
    0xff, 0xff, 0xff, 0xff, 0xe7, 0xff, 0xff, 0xff,
    0xff, 0xff, 0xfe, 0x15, 0x7f, 0x56, 0xf9, 0x5f,
    0xd5, 0x40, 0x3, 0xe0, 0x2f, 0x40, 0xfc, 0x0,
    0x0, 0x3e, 0x3, 0xf0, 0xf, 0x80, 0x0, 0x5b,
    0xe5, 0x7f, 0x55, 0xf9, 0x50, 0x1f, 0xff, 0xff,
    0xff, 0xff, 0xff, 0x1, 0xff, 0xff, 0xff, 0xff,
    0xff, 0xf0, 0x0, 0x0, 0x7, 0xe0, 0x0, 0x0,
    0x0, 0x0, 0x0, 0x7e, 0x0, 0x0, 0x0, 0x0,
    0x0, 0x7, 0xd0, 0x0, 0x0, 0x0, 0x55, 0x55,
    0xbe, 0x55, 0x55, 0x50, 0xf, 0xff, 0xff, 0xff,
    0xff, 0xfe, 0x1, 0xff, 0xff, 0xff, 0xff, 0xff,
    0xd0,

    /* U+57DF "域" */
    0x0, 0x1a, 0x0, 0x0, 0x3, 0xe2, 0x90, 0x0,
    0x2f, 0x0, 0x0, 0x3, 0xe2, 0xe0, 0x0, 0x3f,
    0x0, 0x0, 0x3, 0xe0, 0xf0, 0x0, 0x3f, 0x0,
    0x0, 0x3, 0xe0, 0x50, 0x0, 0x3e, 0x7, 0xff,
    0xff, 0xff, 0xfc, 0x0, 0x3e, 0x7, 0xff, 0xff,
    0xff, 0xfc, 0x0, 0x7e, 0x6, 0xaa, 0xab, 0xfa,
    0xa8, 0xf, 0xff, 0xe0, 0x0, 0x3, 0xe0, 0x0,
    0xf, 0xff, 0xe0, 0x55, 0x43, 0xf0, 0x64, 0x5,
    0xfd, 0x43, 0xff, 0xe3, 0xf0, 0xf4, 0x0, 0xbc,
    0x7, 0xff, 0xf3, 0xf1, 0xf0, 0x0, 0xfc, 0xb,
    0xc1, 0xf2, 0xf2, 0xe0, 0x0, 0xfc, 0xb, 0x82,
    0xf2, 0xf3, 0xd0, 0x0, 0xf8, 0xf, 0x82, 0xe2,
    0xf7, 0xc0, 0x0, 0xf8, 0xf, 0x43, 0xe2, 0xff,
    0x80, 0x0, 0xf4, 0xf, 0x97, 0xd2, 0xff, 0x0,
    0x1, 0xf4, 0xf, 0xff, 0xd1, 0xff, 0x0, 0x1,
    0xf4, 0xf, 0xff, 0xc1, 0xfd, 0x0, 0x2, 0xf6,
    0xc0, 0x0, 0x1, 0xfc, 0x0, 0x7, 0xff, 0xc0,
    0x1, 0x92, 0xf4, 0x0, 0x3f, 0xff, 0x81, 0xbf,
    0xcb, 0xf4, 0x0, 0x7f, 0xe4, 0x7f, 0xff, 0xdf,
    0xf8, 0x0, 0x64, 0x0, 0xbf, 0xe4, 0x7f, 0xfc,
    0x28, 0x0, 0x0, 0xa4, 0x1, 0xfd, 0x7f, 0xf8,
    0x0, 0x0, 0x0, 0x7, 0xf4, 0x3f, 0xf4, 0x0,
    0x0, 0x0, 0x1, 0xd0, 0x1f, 0x80,

    /* U+57FA "基" */
    0x0, 0x0, 0xfc, 0x0, 0x0, 0xbc, 0x0, 0x0,
    0x0, 0xf8, 0x0, 0x0, 0xbc, 0x0, 0x0, 0x7f,
    0xff, 0xff, 0xff, 0xff, 0xf0, 0x0, 0xbf, 0xff,
    0xff, 0xff, 0xff, 0xf0, 0x0, 0x2, 0xf8, 0x0,
    0x1, 0xfc, 0x0, 0x0, 0x2, 0xf4, 0x0, 0x0,
    0xf8, 0x0, 0x0, 0x2, 0xff, 0xff, 0xff, 0xf4,
    0x0, 0x0, 0x3, 0xff, 0xff, 0xff, 0xf4, 0x0,
    0x0, 0x3, 0xf0, 0x0, 0x2, 0xf0, 0x0, 0x0,
    0x3, 0xf5, 0x55, 0x56, 0xf0, 0x0, 0x0, 0x3,
    0xff, 0xff, 0xff, 0xf0, 0x0, 0x0, 0x7, 0xfa,
    0xaa, 0xab, 0xf0, 0x0, 0x0, 0x7, 0xd0, 0x0,
    0x3, 0xf0, 0x0, 0x7, 0xff, 0xff, 0xff, 0xff,
    0xff, 0xf0, 0xb, 0xff, 0xff, 0xff, 0xff, 0xff,
    0xf0, 0x1, 0x57, 0xfd, 0x55, 0x6f, 0xd5, 0x50,
    0x0, 0xf, 0xf0, 0x29, 0xb, 0xf4, 0x0, 0x0,
    0xbf, 0x80, 0x7d, 0x2, 0xfe, 0x0, 0x7, 0xfe,
    0x55, 0xbd, 0x55, 0xbf, 0xd0, 0x7f, 0xf7, 0xff,
    0xff, 0xff, 0xcf, 0xfc, 0x1f, 0x47, 0xff, 0xff,
    0xff, 0xc2, 0xf0, 0x0, 0x0, 0x0, 0xfc, 0x0,
    0x0, 0x0, 0x0, 0x0, 0x0, 0xfc, 0x0, 0x0,
    0x0, 0x1, 0x55, 0x55, 0xfd, 0x55, 0x55, 0x0,
    0x7, 0xff, 0xff, 0xff, 0xff, 0xff, 0x80, 0xb,
    0xff, 0xff, 0xff, 0xff, 0xff, 0x80,

    /* U+5907 "备" */
    0x0, 0x0, 0x1f, 0xc0, 0x0, 0x0, 0x0, 0x0,
    0x0, 0x3f, 0x40, 0x0, 0x0, 0x0, 0x0, 0x0,
    0xff, 0xff, 0xff, 0xfe, 0x0, 0x0, 0x3, 0xff,
    0xff, 0xff, 0xff, 0x40, 0x0, 0xb, 0xf9, 0x55,
    0x56, 0xff, 0x0, 0x0, 0x2f, 0xfd, 0x0, 0x7,
    0xfc, 0x0, 0x0, 0xbf, 0xff, 0xd0, 0x7f, 0xf0,
    0x0, 0x1, 0xfd, 0x1f, 0xfa, 0xff, 0x80, 0x0,
    0x2, 0xa4, 0x2, 0xff, 0xfc, 0x0, 0x0, 0x0,
    0x0, 0x1b, 0xff, 0xfe, 0x40, 0x0, 0x0, 0x6,
    0xff, 0xfa, 0xff, 0xf9, 0x0, 0x1a, 0xff, 0xff,
    0x40, 0x2f, 0xff, 0xf8, 0x2f, 0xff, 0x90, 0x0,
    0x1, 0xbf, 0xfc, 0xf, 0xbf, 0xff, 0xff, 0xff,
    0xfe, 0xb4, 0x0, 0x3f, 0xff, 0xff, 0xff, 0xfe,
    0x0, 0x0, 0x7e, 0xaa, 0xbf, 0xaa, 0xbf, 0x0,
    0x0, 0xbc, 0x0, 0x7d, 0x0, 0x3e, 0x0, 0x0,
    0xbc, 0x0, 0x7d, 0x0, 0x7e, 0x0, 0x0, 0xff,
    0xff, 0xff, 0xff, 0xfe, 0x0, 0x0, 0xff, 0xff,
    0xff, 0xff, 0xfd, 0x0, 0x0, 0xfd, 0x55, 0xfd,
    0x55, 0xfd, 0x0, 0x0, 0xf8, 0x0, 0xfc, 0x0,
    0xfc, 0x0, 0x1, 0xf8, 0x0, 0xfc, 0x0, 0xfc,
    0x0, 0x1, 0xfa, 0xaa, 0xfe, 0xaa, 0xfc, 0x0,
    0x2, 0xff, 0xff, 0xff, 0xff, 0xfc, 0x0, 0x2,
    0xff, 0xff, 0xff, 0xff, 0xf8, 0x0,

    /* U+5916 "外" */
    0x0, 0x1, 0x50, 0x0, 0x6, 0x80, 0x0, 0x0,
    0xf, 0xc0, 0x0, 0x3f, 0x0, 0x0, 0x0, 0x7e,
    0x0, 0x0, 0xfc, 0x0, 0x0, 0x3, 0xf0, 0x0,
    0x3, 0xf0, 0x0, 0x0, 0x1f, 0xff, 0xf8, 0xf,
    0x80, 0x0, 0x0, 0xbf, 0xff, 0xf8, 0x7e, 0x0,
    0x0, 0x3, 0xff, 0xff, 0xe1, 0xf4, 0x0, 0x0,
    0x2f, 0x80, 0x2f, 0x4b, 0xff, 0x0, 0x0, 0xfc,
    0x0, 0xfc, 0x2f, 0xbd, 0x0, 0xb, 0xe0, 0x3,
    0xf0, 0xfc, 0xfc, 0x0, 0x3f, 0x80, 0x1f, 0x83,
    0xf2, 0xf4, 0x1, 0xff, 0xc0, 0xfd, 0xf, 0xc7,
    0xe0, 0xf, 0xff, 0xd7, 0xf0, 0x3e, 0xf, 0xc0,
    0x7e, 0x2f, 0xff, 0x41, 0xf8, 0x2f, 0x80, 0x50,
    0x2f, 0xfc, 0x7, 0xe0, 0x3f, 0x0, 0x0, 0x1f,
    0xd0, 0x1f, 0x40, 0xbd, 0x0, 0x0, 0xbf, 0x0,
    0xbd, 0x1, 0xf8, 0x0, 0x7, 0xf0, 0x2, 0xf0,
    0x0, 0x0, 0x0, 0x3f, 0x80, 0xf, 0xc0, 0x0,
    0x0, 0x3, 0xfc, 0x0, 0x3f, 0x0, 0x0, 0x0,
    0x3f, 0xc0, 0x0, 0xfc, 0x0, 0x0, 0x3, 0xfc,
    0x0, 0x3, 0xe0, 0x0, 0x0, 0x3f, 0xd0, 0x0,
    0x1f, 0x80, 0x0, 0x3, 0xfd, 0x0, 0x0, 0x7d,
    0x0, 0x0, 0x2f, 0xd0, 0x0, 0x2, 0xf4, 0x0,
    0x0, 0x1c, 0x0, 0x0, 0xb, 0xc0, 0x0, 0x0,

    /* U+5934 "头" */
    0x0, 0x0, 0x0, 0x0, 0x15, 0x0, 0x0, 0x0,
    0xa, 0x0, 0x0, 0xfc, 0x0, 0x0, 0x0, 0x3f,
    0xd0, 0x7, 0xe0, 0x0, 0x0, 0x0, 0xff, 0xf8,
    0x1f, 0x80, 0x0, 0x0, 0x0, 0x6f, 0xf4, 0xbd,
    0x0, 0x0, 0x0, 0x0, 0x7, 0xc2, 0xf4, 0x0,
    0x0, 0x2, 0x80, 0x1, 0xf, 0xc0, 0x0, 0x0,
    0xf, 0xe4, 0x0, 0x3f, 0x0, 0x0, 0x0, 0x3f,
    0xfd, 0x1, 0xfc, 0x0, 0x0, 0x0, 0x1f, 0xfc,
    0x7, 0xe0, 0x0, 0x0, 0x0, 0x2, 0xf0, 0x2f,
    0x40, 0x0, 0x0, 0x0, 0x0, 0x80, 0xfc, 0x0,
    0x0, 0x0, 0x0, 0x0, 0x7, 0xf0, 0x0, 0x0,
    0x2f, 0xff, 0xff, 0xff, 0xff, 0xff, 0xe0, 0xbf,
    0xff, 0xff, 0xff, 0xff, 0xff, 0x82, 0xff, 0xff,
    0xff, 0xff, 0xff, 0xfd, 0x0, 0x0, 0x0, 0xbf,
    0x40, 0x0, 0x0, 0x0, 0x0, 0x7, 0xff, 0x80,
    0x0, 0x0, 0x0, 0x0, 0x7f, 0xff, 0xc0, 0x0,
    0x0, 0x0, 0xb, 0xfc, 0x7f, 0xc0, 0x0, 0x0,
    0x1, 0xff, 0xc0, 0x3f, 0xd0, 0x0, 0x0, 0x2f,
    0xf8, 0x0, 0x3f, 0xd0, 0x0, 0xb, 0xff, 0x40,
    0x0, 0x3f, 0xe0, 0x2, 0xff, 0xe0, 0x0, 0x0,
    0x2f, 0xf0, 0x3f, 0xfd, 0x0, 0x0, 0x0, 0x2f,
    0xf0, 0x3f, 0x40, 0x0, 0x0, 0x0, 0x2e, 0x0,
    0x0, 0x0, 0x0, 0x0, 0x0, 0x0, 0x0,

    /* U+5982 "如" */
    0x0, 0x5, 0x40, 0x0, 0x0, 0x0, 0x0, 0x0,
    0x3f, 0x0, 0x0, 0x0, 0x0, 0x0, 0x0, 0xfc,
    0x0, 0x1, 0x55, 0x54, 0x0, 0x3, 0xf0, 0x0,
    0x1f, 0xff, 0xfd, 0x0, 0x1f, 0x80, 0x0, 0xff,
    0xff, 0xf8, 0x2f, 0xff, 0xff, 0x43, 0xf5, 0x57,
    0xe0, 0xbf, 0xff, 0xff, 0xf, 0x80, 0x1f, 0x42,
    0xbf, 0xeb, 0xfc, 0x7e, 0x0, 0x7d, 0x0, 0x7d,
    0x3, 0xe1, 0xf4, 0x2, 0xf4, 0x3, 0xf0, 0x1f,
    0x87, 0xd0, 0xb, 0xc0, 0xf, 0xc0, 0xbd, 0x2f,
    0x0, 0x3f, 0x0, 0x7e, 0x3, 0xf0, 0xbc, 0x0,
    0xfc, 0x2, 0xf0, 0xf, 0x83, 0xf0, 0x3, 0xf0,
    0xf, 0xc0, 0xbd, 0xf, 0xc0, 0xf, 0x80, 0x7d,
    0x3, 0xf0, 0x3e, 0x0, 0x3e, 0x1, 0xfc, 0x2f,
    0x80, 0xf8, 0x1, 0xf4, 0x2, 0xfd, 0xfc, 0x7,
    0xd0, 0x7, 0xd0, 0x2, 0xff, 0xe0, 0x1f, 0x40,
    0x2f, 0x0, 0x1, 0xff, 0x0, 0xbd, 0x0, 0xbc,
    0x0, 0x3, 0xfd, 0x2, 0xf0, 0x3, 0xf0, 0x0,
    0x3f, 0xfd, 0xf, 0xc0, 0xf, 0xc0, 0x3, 0xfd,
    0xfd, 0x3f, 0x0, 0x3f, 0x0, 0x3f, 0xc1, 0xfc,
    0xfe, 0xaa, 0xf8, 0x7, 0xfc, 0x1, 0xd3, 0xff,
    0xff, 0xe0, 0x3f, 0xc0, 0x0, 0xf, 0xff, 0xff,
    0x40, 0x28, 0x0, 0x0, 0x0, 0x0, 0x0, 0x0,
    0x0, 0x0, 0x0, 0x0, 0x0, 0x0, 0x0,

    /* U+59CB "始" */
    0x0, 0xf, 0x80, 0x0, 0xa, 0x40, 0x0, 0x0,
    0x1f, 0x40, 0x0, 0x2f, 0x80, 0x0, 0x0, 0x2f,
    0x40, 0x0, 0x7f, 0x0, 0x0, 0x0, 0x3f, 0x0,
    0x0, 0xfe, 0x0, 0x0, 0x0, 0x3f, 0x0, 0x1,
    0xfc, 0xf, 0xc0, 0xf, 0xff, 0xfe, 0x3, 0xf4,
    0xb, 0xc0, 0xf, 0xff, 0xff, 0xb, 0xf0, 0x7,
    0xd0, 0xa, 0xfe, 0xbf, 0xf, 0xc0, 0x3, 0xe0,
    0x0, 0xfc, 0x3f, 0x2f, 0x80, 0x7, 0xf0, 0x0,
    0xf4, 0x3f, 0x3f, 0xff, 0xff, 0xf4, 0x2, 0xf0,
    0x3e, 0x7f, 0xff, 0xff, 0xf8, 0x3, 0xf0, 0x7d,
    0x3f, 0xfa, 0x95, 0xfc, 0x3, 0xe0, 0xbc, 0x0,
    0x0, 0x0, 0x68, 0x7, 0xd0, 0xf8, 0x0, 0x0,
    0x0, 0x0, 0xb, 0xc1, 0xf4, 0x6, 0xaa, 0xaa,
    0x40, 0xf, 0xd3, 0xf0, 0x2f, 0xff, 0xff, 0xd0,
    0x7, 0xfb, 0xe0, 0x3f, 0xff, 0xff, 0xe0, 0x1,
    0xff, 0xc0, 0x3f, 0x0, 0x7, 0xe0, 0x0, 0x7f,
    0x80, 0x3e, 0x0, 0x7, 0xd0, 0x0, 0x3f, 0xd0,
    0x7e, 0x0, 0xb, 0xd0, 0x0, 0xbf, 0xf0, 0x7d,
    0x0, 0xb, 0xc0, 0x2, 0xfe, 0xfc, 0xbd, 0x0,
    0xf, 0xc0, 0x7, 0xf0, 0xbe, 0xbc, 0x0, 0xf,
    0xc0, 0x1f, 0xd0, 0x38, 0xfe, 0xaa, 0xaf, 0xc0,
    0x7f, 0x80, 0x0, 0xff, 0xff, 0xff, 0xc0, 0x7e,
    0x0, 0x0, 0xff, 0xff, 0xff, 0x80, 0x0, 0x0,
    0x0, 0x0, 0x0, 0x0, 0x0,

    /* U+59FF "姿" */
    0x1, 0x0, 0x0, 0x3f, 0x0, 0x0, 0x0, 0x3e,
    0x0, 0xb, 0xd0, 0x0, 0x0, 0x3, 0xfe, 0x0,
    0xff, 0xff, 0xff, 0xc0, 0x1f, 0xf8, 0x2f, 0xff,
    0xff, 0xfe, 0x0, 0x1f, 0x87, 0xf5, 0x55, 0x5b,
    0xd0, 0x0, 0x14, 0xfc, 0xf, 0x40, 0xfc, 0x0,
    0x0, 0x2f, 0x81, 0xf4, 0x1f, 0x40, 0x3, 0xf1,
    0x50, 0x3f, 0x81, 0xa0, 0x0, 0xfd, 0x0, 0xf,
    0xfe, 0x0, 0x0, 0x1f, 0x80, 0x7, 0xfb, 0xfc,
    0x0, 0x3, 0xf0, 0x7, 0xfe, 0xb, 0xf8, 0x0,
    0xfd, 0xb, 0xff, 0x40, 0x1f, 0xf8, 0x1f, 0x80,
    0xbf, 0x40, 0x0, 0x2f, 0xd1, 0xa0, 0x2, 0xa4,
    0x0, 0x0, 0x78, 0x0, 0x0, 0x3f, 0x80, 0x0,
    0x0, 0x3, 0xff, 0xff, 0xff, 0xff, 0xff, 0xfe,
    0x3f, 0xff, 0xff, 0xff, 0xff, 0xff, 0xd1, 0x55,
    0xff, 0x55, 0x57, 0xfd, 0x54, 0x0, 0x2f, 0xc0,
    0x0, 0xbf, 0x0, 0x0, 0x7, 0xf9, 0x0, 0x2f,
    0xc0, 0x0, 0x0, 0x3f, 0xfe, 0x5f, 0xf0, 0x0,
    0x0, 0x0, 0x6f, 0xff, 0xfc, 0x0, 0x0, 0x0,
    0x0, 0x7f, 0xff, 0xf4, 0x0, 0x0, 0x5b, 0xff,
    0xfe, 0xff, 0xfd, 0x0, 0xbf, 0xff, 0xf8, 0x0,
    0xbf, 0xfe, 0x3, 0xfe, 0x50, 0x0, 0x0, 0x2f,
    0xe0, 0x0, 0x0, 0x0, 0x0, 0x0, 0x18, 0x0,

    /* U+5B57 "字" */
    0x0, 0x0, 0x1, 0x50, 0x0, 0x0, 0x0, 0x0,
    0x0, 0xbe, 0x0, 0x0, 0x0, 0x0, 0x0, 0x1f,
    0xc0, 0x0, 0x0, 0x1f, 0xff, 0xff, 0xff, 0xff,
    0xfc, 0xf, 0xff, 0xff, 0xff, 0xff, 0xff, 0xc7,
    0xfa, 0xaa, 0xaa, 0xaa, 0xaf, 0xf2, 0xf4, 0x0,
    0x0, 0x0, 0x0, 0xfc, 0xfd, 0x0, 0x0, 0x0,
    0x0, 0x7e, 0x3f, 0xf, 0xff, 0xff, 0xfd, 0x1f,
    0x8b, 0xc7, 0xff, 0xff, 0xff, 0xc7, 0xd0, 0x1,
    0xaa, 0xaa, 0xbf, 0xf0, 0x0, 0x0, 0x0, 0x0,
    0x2f, 0xf0, 0x0, 0x0, 0x0, 0x0, 0x3f, 0xe0,
    0x0, 0x0, 0x0, 0x0, 0x3f, 0xd0, 0x0, 0x0,
    0x0, 0x0, 0x2f, 0xd0, 0x0, 0x2, 0xff, 0xff,
    0xff, 0xff, 0xff, 0xff, 0xff, 0xff, 0xff, 0xff,
    0xff, 0xff, 0xaf, 0xff, 0xff, 0xff, 0xff, 0xff,
    0xd0, 0x0, 0x0, 0x3f, 0x0, 0x0, 0x0, 0x0,
    0x0, 0xf, 0xc0, 0x0, 0x0, 0x0, 0x0, 0x7,
    0xe0, 0x0, 0x0, 0x0, 0x0, 0x2, 0xf8, 0x0,
    0x0, 0x0, 0x1, 0xe4, 0xbd, 0x0, 0x0, 0x0,
    0x0, 0x7f, 0xff, 0x40, 0x0, 0x0, 0x0, 0x1f,
    0xff, 0xc0, 0x0, 0x0, 0x0, 0x0, 0x6f, 0xd0,
    0x0, 0x0, 0x0,

    /* U+5B58 "存" */
    0x0, 0x0, 0x0, 0xa8, 0x0, 0x0, 0x0, 0x0,
    0x0, 0x1, 0xfc, 0x0, 0x0, 0x0, 0x0, 0x0,
    0x3, 0xf4, 0x0, 0x0, 0x0, 0x2, 0xff, 0xff,
    0xff, 0xff, 0xff, 0xfc, 0x2, 0xff, 0xff, 0xff,
    0xff, 0xff, 0xfc, 0x2, 0xaa, 0xbf, 0xea, 0xaa,
    0xaa, 0xa8, 0x0, 0x0, 0x3f, 0x40, 0x0, 0x0,
    0x0, 0x0, 0x0, 0xbe, 0x0, 0x0, 0x0, 0x0,
    0x0, 0x1, 0xfc, 0xbf, 0xff, 0xff, 0x80, 0x0,
    0x7, 0xf4, 0xff, 0xff, 0xff, 0xc0, 0x0, 0xf,
    0xe0, 0xaa, 0xaa, 0xff, 0x80, 0x0, 0x3f, 0xc0,
    0x0, 0x2, 0xfe, 0x0, 0x0, 0xff, 0x80, 0x0,
    0xb, 0xf4, 0x0, 0x7, 0xff, 0x80, 0x0, 0x2f,
    0xc0, 0x0, 0x1f, 0xff, 0x80, 0x0, 0x3f, 0x0,
    0x0, 0x7f, 0xef, 0x4f, 0xff, 0xff, 0xff, 0xf8,
    0xe, 0x2f, 0x5f, 0xff, 0xff, 0xff, 0xf4, 0x0,
    0x3f, 0xa, 0xaa, 0xbf, 0xaa, 0xa0, 0x0, 0x3f,
    0x0, 0x0, 0x7d, 0x0, 0x0, 0x0, 0x3f, 0x0,
    0x0, 0x7d, 0x0, 0x0, 0x0, 0x3f, 0x0, 0x0,
    0xbd, 0x0, 0x0, 0x0, 0x3e, 0x0, 0x0, 0xbc,
    0x0, 0x0, 0x0, 0x7e, 0x0, 0x90, 0xfc, 0x0,
    0x0, 0x0, 0x7d, 0x0, 0xff, 0xfc, 0x0, 0x0,
    0x0, 0xbd, 0x0, 0xff, 0xf8, 0x0, 0x0, 0x0,
    0xbc, 0x0, 0x1b, 0xf0, 0x0, 0x0,

    /* U+5B66 "学" */
    0x0, 0x2e, 0x0, 0xf8, 0x0, 0xa9, 0x0, 0x3,
    0xf4, 0xf, 0xc0, 0xf, 0xc0, 0x0, 0x1f, 0x80,
    0xbd, 0x2, 0xf4, 0x0, 0x0, 0xfc, 0x3, 0xf0,
    0x3f, 0x0, 0x0, 0x1, 0x40, 0x15, 0xb, 0xe0,
    0x0, 0x2f, 0xff, 0xff, 0xff, 0xff, 0xf8, 0x7,
    0xff, 0xff, 0xff, 0xff, 0xff, 0xd0, 0xfe, 0xaa,
    0xaa, 0xaa, 0xaa, 0xfd, 0xf, 0xc0, 0x0, 0x0,
    0x0, 0xb, 0xd0, 0xfc, 0x0, 0x0, 0x0, 0x0,
    0xfc, 0xf, 0xcf, 0xff, 0xff, 0xff, 0x4f, 0xc0,
    0x0, 0xff, 0xff, 0xff, 0xfc, 0x0, 0x0, 0xa,
    0xaa, 0xaa, 0xff, 0x40, 0x0, 0x0, 0x0, 0x0,
    0x7f, 0xd0, 0x0, 0x0, 0x0, 0x0, 0x2f, 0xe0,
    0x0, 0x0, 0x0, 0x0, 0xf, 0xf4, 0x0, 0x0,
    0x3f, 0xff, 0xff, 0xff, 0xff, 0xff, 0xd3, 0xff,
    0xff, 0xff, 0xff, 0xff, 0xfd, 0x2a, 0xaa, 0xab,
    0xfe, 0xaa, 0xaa, 0x80, 0x0, 0x0, 0x1f, 0x80,
    0x0, 0x0, 0x0, 0x0, 0x2, 0xf4, 0x0, 0x0,
    0x0, 0x0, 0x0, 0x2f, 0x40, 0x0, 0x0, 0x0,
    0x6, 0x43, 0xf0, 0x0, 0x0, 0x0, 0x0, 0xbf,
    0xff, 0x0, 0x0, 0x0, 0x0, 0xb, 0xff, 0xf0,
    0x0, 0x0, 0x0, 0x0, 0x6, 0xfd, 0x0, 0x0,
    0x0,

    /* U+5B8C "完" */
    0x0, 0x0, 0x0, 0x0, 0x0, 0x0, 0x0, 0x0,
    0x0, 0xf, 0xc0, 0x0, 0x0, 0x0, 0x0, 0x0,
    0xbe, 0x0, 0x0, 0x0, 0xa, 0xaa, 0xaf, 0xfa,
    0xaa, 0xa4, 0x3, 0xff, 0xff, 0xff, 0xff, 0xff,
    0xd0, 0x7f, 0xff, 0xff, 0xff, 0xff, 0xfe, 0xb,
    0xd0, 0x0, 0x0, 0x0, 0xb, 0xe0, 0xfd, 0x0,
    0x0, 0x0, 0x0, 0xbd, 0xf, 0xc0, 0x0, 0x0,
    0x0, 0xb, 0xd0, 0xa8, 0xff, 0xff, 0xff, 0xfd,
    0x68, 0x0, 0xf, 0xff, 0xff, 0xff, 0xc0, 0x0,
    0x0, 0xaa, 0xaa, 0xaa, 0xa8, 0x0, 0x0, 0x0,
    0x0, 0x0, 0x0, 0x0, 0x0, 0x0, 0x0, 0x0,
    0x0, 0x0, 0x0, 0x1a, 0xaa, 0xaa, 0xaa, 0xaa,
    0xaa, 0x42, 0xff, 0xff, 0xff, 0xff, 0xff, 0xf8,
    0x2f, 0xff, 0xff, 0xff, 0xff, 0xff, 0x40, 0x0,
    0x2f, 0x80, 0x3f, 0x0, 0x0, 0x0, 0x3, 0xf0,
    0x3, 0xf0, 0x0, 0x0, 0x0, 0x7f, 0x0, 0x7e,
    0x0, 0x0, 0x0, 0xf, 0xd0, 0x7, 0xe0, 0x0,
    0x0, 0x3, 0xfc, 0x0, 0xbd, 0x0, 0x0, 0x0,
    0xbf, 0x0, 0xb, 0xd0, 0x0, 0x0, 0x2f, 0xd0,
    0x0, 0xfc, 0x0, 0x0, 0xf, 0xf4, 0x0, 0xf,
    0xfa, 0xaf, 0x87, 0xfd, 0x0, 0x0, 0xff, 0xff,
    0xf8, 0x2f, 0x0, 0x0, 0x3, 0xff, 0xfe, 0x40,
    0x40, 0x0, 0x0, 0x0, 0x0, 0x0,

    /* U+5B8F "宏" */
    0x0, 0x0, 0x0, 0x15, 0x0, 0x0, 0x0, 0x0,
    0x0, 0x0, 0xbd, 0x0, 0x0, 0x0, 0x0, 0x0,
    0x1, 0xfc, 0x0, 0x0, 0x0, 0x1f, 0xff, 0xff,
    0xff, 0xff, 0xf8, 0x0, 0xff, 0xff, 0xff, 0xff,
    0xff, 0xf8, 0x7, 0xfa, 0xaa, 0xaa, 0xaa, 0xab,
    0xf0, 0x2f, 0x40, 0xa, 0x80, 0x0, 0x1f, 0x80,
    0xbd, 0x0, 0x7f, 0x0, 0x0, 0x7e, 0x2, 0xf0,
    0x2, 0xf4, 0x0, 0x1, 0xf4, 0x0, 0x0, 0xf,
    0xc0, 0x0, 0x0, 0x0, 0x3f, 0xff, 0xff, 0xff,
    0xff, 0xff, 0x41, 0xff, 0xff, 0xff, 0xff, 0xff,
    0xfc, 0x6, 0xaa, 0xbf, 0xea, 0xaa, 0xaa, 0xa0,
    0x0, 0x0, 0xfc, 0x0, 0x0, 0x0, 0x0, 0x0,
    0xb, 0xe0, 0x0, 0x0, 0x0, 0x0, 0x0, 0x3f,
    0x1, 0xfc, 0x0, 0x0, 0x0, 0x3, 0xf4, 0xf,
    0xd0, 0x0, 0x0, 0x0, 0x2f, 0xc0, 0xbe, 0x0,
    0x0, 0x0, 0x0, 0xfc, 0x7, 0xf0, 0x3f, 0x0,
    0x0, 0xf, 0xd0, 0x3f, 0x0, 0xbd, 0x0, 0x0,
    0xfe, 0x3, 0xf4, 0x1, 0xfc, 0x0, 0xb, 0xf0,
    0x2f, 0x80, 0x3, 0xf0, 0x0, 0xbf, 0x42, 0xfc,
    0x0, 0xb, 0xe0, 0xb, 0xf4, 0x1f, 0xd6, 0xaf,
    0xff, 0xc0, 0x3f, 0x80, 0xff, 0xff, 0xff, 0xff,
    0x80, 0x4, 0x2, 0xff, 0xfe, 0xa5, 0x3f, 0x0,
    0x0, 0x0, 0x0, 0x0, 0x0, 0x0, 0x0,

    /* U+5B9A "定" */
    0x0, 0x0, 0x0, 0x15, 0x0, 0x0, 0x0, 0x0,
    0x0, 0x0, 0xfd, 0x0, 0x0, 0x0, 0x0, 0x0,
    0x2, 0xfc, 0x0, 0x0, 0x0, 0x2f, 0xff, 0xff,
    0xff, 0xff, 0xfc, 0x0, 0xff, 0xff, 0xff, 0xff,
    0xff, 0xf8, 0x7, 0xfa, 0xaa, 0xaa, 0xaa, 0xaf,
    0xe0, 0x2f, 0x40, 0x0, 0x0, 0x0, 0x2f, 0x40,
    0xbd, 0x0, 0x0, 0x0, 0x0, 0xbd, 0x1, 0x50,
    0x0, 0x0, 0x0, 0x1, 0x50, 0x2, 0xff, 0xff,
    0xff, 0xff, 0xff, 0x80, 0xf, 0xff, 0xff, 0xff,
    0xff, 0xfd, 0x0, 0x2a, 0xaa, 0xaf, 0xfa, 0xaa,
    0xa0, 0x0, 0x0, 0x0, 0x2f, 0x40, 0x0, 0x0,
    0x0, 0x15, 0x0, 0xfc, 0x0, 0x0, 0x0, 0x1,
    0xf4, 0x3, 0xf0, 0x0, 0x0, 0x0, 0xb, 0xc0,
    0xf, 0xea, 0xaa, 0x80, 0x0, 0x3f, 0x0, 0x3f,
    0xff, 0xff, 0x0, 0x0, 0xf8, 0x0, 0xff, 0xff,
    0xfc, 0x0, 0xb, 0xe0, 0x7, 0xe0, 0x0, 0x0,
    0x0, 0x3f, 0xd0, 0x1f, 0x80, 0x0, 0x0, 0x1,
    0xff, 0xc0, 0xbd, 0x0, 0x0, 0x0, 0xf, 0xff,
    0xc2, 0xf4, 0x0, 0x0, 0x0, 0x7f, 0x3f, 0xdf,
    0xd0, 0x0, 0x0, 0x3, 0xf4, 0x3f, 0xff, 0xaa,
    0xaa, 0xa8, 0x2f, 0x80, 0x3f, 0xff, 0xff, 0xff,
    0xe0, 0xbc, 0x0, 0x1f, 0xff, 0xff, 0xff, 0x40,
    0x0, 0x0, 0x0, 0x0, 0x0, 0x0, 0x0,

    /* U+5B9E "实" */
    0x0, 0x0, 0x0, 0x15, 0x0, 0x0, 0x0, 0x0,
    0x0, 0x0, 0xfd, 0x0, 0x0, 0x0, 0x0, 0x0,
    0x2, 0xf8, 0x0, 0x0, 0x0, 0x2f, 0xff, 0xff,
    0xff, 0xff, 0xf8, 0x1, 0xff, 0xff, 0xff, 0xff,
    0xff, 0xf4, 0xb, 0xea, 0xaa, 0xaa, 0xaa, 0xaf,
    0xd0, 0x3f, 0x0, 0x0, 0x0, 0x0, 0x2f, 0x40,
    0xfc, 0x3e, 0x0, 0x3f, 0x0, 0xfc, 0x3, 0xf0,
    0xff, 0xe0, 0xfc, 0x3, 0xf0, 0x0, 0x1, 0xbf,
    0xc3, 0xf0, 0x5, 0x0, 0x0, 0x40, 0x1b, 0xf,
    0xc0, 0x0, 0x0, 0x3, 0xe4, 0x0, 0x7e, 0x0,
    0x0, 0x0, 0x1f, 0xff, 0x2, 0xf4, 0x0, 0x0,
    0x0, 0x1b, 0xfc, 0xf, 0xd0, 0x0, 0x0, 0x0,
    0x1, 0xb0, 0x3f, 0x0, 0x0, 0x0, 0x0, 0x0,
    0x2, 0xfc, 0x0, 0x0, 0xb, 0xff, 0xff, 0xff,
    0xff, 0xff, 0xf4, 0x2f, 0xff, 0xff, 0xff, 0xff,
    0xff, 0xd0, 0x6a, 0xaa, 0xaf, 0xfa, 0xaa, 0xaa,
    0x0, 0x0, 0x0, 0xbf, 0xf4, 0x0, 0x0, 0x0,
    0x0, 0xf, 0xff, 0xfd, 0x0, 0x0, 0x0, 0x2,
    0xff, 0x47, 0xfe, 0x0, 0x0, 0x0, 0xbf, 0xf0,
    0x2, 0xff, 0x40, 0x0, 0x6f, 0xfd, 0x0, 0x1,
    0xff, 0xd0, 0x2f, 0xff, 0x40, 0x0, 0x0, 0xbf,
    0xe0, 0x3f, 0xd0, 0x0, 0x0, 0x0, 0x7f, 0x0,
    0x20, 0x0, 0x0, 0x0, 0x0, 0x10, 0x0,

    /* U+5BB9 "容" */
    0x0, 0x0, 0x0, 0x3f, 0x40, 0x0, 0x0, 0x0,
    0x0, 0x0, 0x2f, 0x80, 0x0, 0x0, 0x0, 0x6a,
    0xaa, 0xbf, 0xea, 0xaa, 0x90, 0x1, 0xff, 0xff,
    0xff, 0xff, 0xff, 0xf8, 0x2, 0xff, 0xff, 0xff,
    0xff, 0xff, 0xfc, 0x3, 0xf0, 0x0, 0x0, 0x0,
    0x1, 0xf8, 0x3, 0xf0, 0x15, 0x40, 0x15, 0x1,
    0xf8, 0x3, 0xf0, 0xbf, 0x0, 0x2f, 0xc1, 0xf8,
    0x1, 0x53, 0xfc, 0x0, 0x7, 0xf4, 0x50, 0x0,
    0x1f, 0xe0, 0x0, 0x1, 0xfd, 0x0, 0x0, 0x7f,
    0x47, 0xff, 0xf4, 0x7f, 0x80, 0x1, 0xa9, 0x2f,
    0xff, 0xfe, 0xa, 0x90, 0x0, 0x0, 0xff, 0xaa,
    0xbf, 0x80, 0x0, 0x0, 0x7, 0xfc, 0x0, 0xf,
    0xf0, 0x0, 0x0, 0x2f, 0xe0, 0x0, 0x3, 0xfc,
    0x0, 0x0, 0xff, 0x80, 0x0, 0x0, 0xff, 0x0,
    0x7, 0xff, 0xaa, 0xaa, 0xaa, 0xff, 0xc0, 0x1f,
    0xff, 0xff, 0xff, 0xff, 0xff, 0xf0, 0x2b, 0xaf,
    0xff, 0xff, 0xff, 0xfb, 0xf8, 0x0, 0x3f, 0x0,
    0x0, 0x2, 0xf4, 0x0, 0x0, 0x3f, 0x0, 0x0,
    0x2, 0xf4, 0x0, 0x0, 0x3f, 0x0, 0x0, 0x3,
    0xf0, 0x0, 0x0, 0x3f, 0x0, 0x0, 0x3, 0xf0,
    0x0, 0x0, 0x7f, 0xaa, 0xaa, 0xab, 0xf0, 0x0,
    0x0, 0x7f, 0xff, 0xff, 0xff, 0xf0, 0x0, 0x0,
    0xbf, 0xff, 0xff, 0xff, 0xf0, 0x0,

    /* U+5BF9 "对" */
    0x0, 0x0, 0x0, 0x0, 0x0, 0x6, 0x80, 0x0,
    0x0, 0x0, 0x0, 0x0, 0xf, 0xc0, 0x2, 0xaa,
    0xaa, 0x0, 0x0, 0xf, 0xc0, 0x3, 0xff, 0xff,
    0xc0, 0x0, 0xf, 0xc0, 0x7, 0xff, 0xff, 0xc0,
    0x0, 0xf, 0x80, 0x0, 0x0, 0xf, 0xca, 0xaa,
    0xaf, 0xe9, 0x0, 0x0, 0xf, 0xcf, 0xff, 0xff,
    0xfd, 0x2, 0xd0, 0x1f, 0x9f, 0xff, 0xff, 0xfd,
    0x3, 0xf0, 0x2f, 0x40, 0x0, 0x2f, 0x40, 0x1,
    0xf4, 0x3f, 0x0, 0x0, 0x2f, 0x0, 0x0, 0xfc,
    0x3f, 0x5, 0x40, 0x2f, 0x0, 0x0, 0xbd, 0xbd,
    0xb, 0xc0, 0x3f, 0x0, 0x0, 0x3f, 0xfc, 0x7,
    0xc0, 0x3f, 0x0, 0x0, 0x2f, 0xf8, 0x3, 0xd0,
    0x3f, 0x0, 0x0, 0xf, 0xf0, 0x3, 0xe0, 0x3e,
    0x0, 0x0, 0xb, 0xe0, 0x3, 0xf0, 0x3e, 0x0,
    0x0, 0xf, 0xf0, 0x2, 0xf0, 0x7d, 0x0, 0x0,
    0x1f, 0xf4, 0x1, 0xf4, 0x7d, 0x0, 0x0, 0x3f,
    0xfc, 0x0, 0x0, 0xbc, 0x0, 0x0, 0xfe, 0xbd,
    0x0, 0x0, 0xbc, 0x0, 0x2, 0xfc, 0x3f, 0x0,
    0x0, 0xfc, 0x0, 0x7, 0xf0, 0x2f, 0x40, 0x0,
    0xfc, 0x0, 0xf, 0xd0, 0xf, 0xc3, 0x90, 0xfc,
    0x0, 0x3f, 0x80, 0x5, 0x3, 0xff, 0xf8, 0x0,
    0x2e, 0x0, 0x0, 0x7, 0xff, 0xf4, 0x0, 0x0,
    0x0, 0x0, 0x0, 0x6f, 0xe0, 0x0,

    /* U+5C1D "尝" */
    0x0, 0x0, 0x0, 0x15, 0x0, 0x0, 0x0, 0x1,
    0xf8, 0x3, 0xf0, 0xb, 0xc0, 0x0, 0xf, 0xc0,
    0x3f, 0x0, 0xfc, 0x0, 0x0, 0xbd, 0x3, 0xf0,
    0x2f, 0x40, 0x0, 0x7, 0xf0, 0x7f, 0x3, 0xf0,
    0x0, 0x2f, 0xff, 0xff, 0xff, 0xff, 0xf8, 0xb,
    0xff, 0xff, 0xff, 0xff, 0xff, 0xd0, 0xfe, 0xaa,
    0xaa, 0xaa, 0xaa, 0xfe, 0xf, 0xc0, 0x0, 0x0,
    0x0, 0xb, 0xd0, 0xfc, 0x0, 0x0, 0x0, 0x0,
    0xbd, 0xf, 0xcb, 0xff, 0xff, 0xff, 0xcb, 0xd0,
    0xa4, 0xff, 0xff, 0xff, 0xfc, 0x68, 0x0, 0xa,
    0xaa, 0xaa, 0xaa, 0x40, 0x0, 0x0, 0x0, 0x0,
    0x0, 0x0, 0x0, 0x0, 0x0, 0x0, 0x0, 0x0,
    0x0, 0x2, 0xaa, 0xaa, 0xaa, 0xaa, 0xaa, 0xa8,
    0x3f, 0xff, 0xff, 0xff, 0xff, 0xff, 0xc3, 0xff,
    0xff, 0xff, 0xff, 0xff, 0xfc, 0x0, 0x2, 0xfc,
    0x0, 0x0, 0x0, 0x0, 0x0, 0x7f, 0x0, 0x6,
    0x90, 0x0, 0x0, 0x1f, 0xd0, 0x0, 0x3f, 0x0,
    0x0, 0x7, 0xf8, 0x0, 0x2, 0xf8, 0x0, 0x1,
    0xfe, 0x0, 0x5, 0xbf, 0xc0, 0x0, 0x3f, 0xff,
    0xff, 0xff, 0xfe, 0x0, 0x3, 0xff, 0xff, 0xff,
    0xff, 0xf4, 0x0, 0x2f, 0xff, 0xa9, 0x40, 0x1f,
    0xc0, 0x0, 0x0, 0x0, 0x0, 0x0, 0x0, 0x0,

    /* U+5C40 "局" */
    0x0, 0x1f, 0xff, 0xff, 0xff, 0xff, 0xc0, 0x3,
    0xff, 0xff, 0xff, 0xff, 0xfe, 0x0, 0x3f, 0xaa,
    0xaa, 0xaa, 0xab, 0xe0, 0x7, 0xf0, 0x0, 0x0,
    0x0, 0x7e, 0x0, 0x7e, 0x0, 0x0, 0x0, 0x7,
    0xd0, 0xb, 0xfa, 0xaa, 0xaa, 0xaa, 0xfd, 0x0,
    0xbf, 0xff, 0xff, 0xff, 0xff, 0xc0, 0xf, 0xff,
    0xff, 0xff, 0xff, 0xfc, 0x0, 0xfc, 0x0, 0x0,
    0x0, 0x0, 0x0, 0xf, 0xd5, 0x55, 0x55, 0x55,
    0x40, 0x0, 0xff, 0xff, 0xff, 0xff, 0xff, 0xd0,
    0x1f, 0xff, 0xff, 0xff, 0xff, 0xff, 0x1, 0xf8,
    0x0, 0x0, 0x0, 0x7, 0xf0, 0x2f, 0x40, 0x0,
    0x0, 0x0, 0x7e, 0x2, 0xf4, 0x3f, 0xff, 0xfc,
    0x7, 0xe0, 0x3f, 0xb, 0xff, 0xff, 0xe0, 0xbd,
    0x3, 0xf0, 0xbc, 0x0, 0x3e, 0xb, 0xd0, 0x7e,
    0xf, 0xc0, 0x3, 0xd0, 0xfc, 0xb, 0xe0, 0xf8,
    0x0, 0x7d, 0xf, 0xc0, 0xfd, 0xf, 0xff, 0xff,
    0xc0, 0xfc, 0xf, 0xc0, 0xff, 0xff, 0xfc, 0xf,
    0xc2, 0xf8, 0x0, 0x0, 0x0, 0x1, 0xf8, 0x3f,
    0x40, 0x0, 0x0, 0x3f, 0xbf, 0x47, 0xf0, 0x0,
    0x0, 0x3, 0xff, 0xf4, 0x6d, 0x0, 0x0, 0x0,
    0x1b, 0xfe, 0x0,

    /* U+5C45 "居" */
    0x0, 0xf, 0xff, 0xff, 0xff, 0xff, 0xe0, 0x0,
    0xff, 0xff, 0xff, 0xff, 0xff, 0xc0, 0x3, 0xfa,
    0xaa, 0xaa, 0xaa, 0xbf, 0x0, 0xf, 0xc0, 0x0,
    0x0, 0x0, 0xfc, 0x0, 0x3f, 0x0, 0x0, 0x0,
    0x3, 0xf0, 0x1, 0xfd, 0x55, 0x55, 0x55, 0x6f,
    0xc0, 0x7, 0xff, 0xff, 0xff, 0xff, 0xfe, 0x0,
    0x2f, 0xff, 0xff, 0xff, 0xff, 0xf8, 0x0, 0xbd,
    0x0, 0x1, 0xa4, 0x0, 0x0, 0x3, 0xf4, 0x0,
    0xb, 0xd0, 0x0, 0x0, 0xf, 0xe5, 0x55, 0x7f,
    0x95, 0x55, 0x40, 0x3f, 0xff, 0xff, 0xff, 0xff,
    0xfe, 0x0, 0xff, 0xff, 0xff, 0xff, 0xff, 0xf4,
    0x7, 0xf0, 0x0, 0xf, 0xc0, 0x0, 0x0, 0x1f,
    0x80, 0x0, 0x3f, 0x0, 0x0, 0x0, 0xbe, 0x1,
    0x55, 0xfd, 0x55, 0x0, 0x3, 0xf4, 0x7f, 0xff,
    0xff, 0xff, 0x0, 0xf, 0xc3, 0xff, 0xff, 0xff,
    0xfd, 0x0, 0x7f, 0xf, 0xc0, 0x0, 0x2, 0xf4,
    0x2, 0xf8, 0x3f, 0x0, 0x0, 0xb, 0xc0, 0xf,
    0xd0, 0xf8, 0x0, 0x0, 0x2f, 0x0, 0x7f, 0x7,
    0xe0, 0x0, 0x0, 0xfc, 0x2, 0xf8, 0x1f, 0x95,
    0x55, 0x57, 0xf0, 0xf, 0xc0, 0xbf, 0xff, 0xff,
    0xff, 0xc0, 0xbf, 0x2, 0xff, 0xff, 0xff, 0xfe,
    0x0, 0x10, 0x0, 0x0, 0x0, 0x0, 0x0, 0x0,

    /* U+5C4F "屏" */
    0x0, 0x5, 0x55, 0x55, 0x55, 0x55, 0x40, 0x0,
    0xbf, 0xff, 0xff, 0xff, 0xff, 0xc0, 0x3, 0xff,
    0xff, 0xff, 0xff, 0xff, 0x40, 0xf, 0xc0, 0x0,
    0x0, 0x0, 0xbc, 0x0, 0x3f, 0x0, 0x0, 0x0,
    0x3, 0xf0, 0x1, 0xff, 0xff, 0xff, 0xff, 0xff,
    0xc0, 0x7, 0xff, 0xff, 0xff, 0xff, 0xff, 0x0,
    0x2f, 0x95, 0x55, 0x55, 0x55, 0x54, 0x0, 0xbc,
    0x2, 0xa0, 0x0, 0x68, 0x0, 0x3, 0xf0, 0xb,
    0xc0, 0x3, 0xf0, 0x0, 0xf, 0xc0, 0x1f, 0x80,
    0x1f, 0x40, 0x0, 0x3f, 0x2f, 0xff, 0xff, 0xff,
    0xfc, 0x0, 0xf8, 0xbf, 0xff, 0xff, 0xff, 0xe0,
    0x7, 0xe1, 0xab, 0xfa, 0xaf, 0xea, 0x40, 0x2f,
    0x40, 0x1f, 0x40, 0x3e, 0x0, 0x0, 0xbd, 0x0,
    0xbc, 0x1, 0xf4, 0x0, 0x3, 0xf3, 0xff, 0xff,
    0xff, 0xff, 0xf4, 0xf, 0xcf, 0xff, 0xff, 0xff,
    0xff, 0xc0, 0x7e, 0x2a, 0xff, 0xaa, 0xfe, 0xaa,
    0x2, 0xf4, 0x2, 0xf4, 0x3, 0xf0, 0x0, 0xf,
    0xc0, 0xf, 0xc0, 0xf, 0xc0, 0x0, 0x7e, 0x0,
    0xbe, 0x0, 0x3e, 0x0, 0x3, 0xf4, 0x7, 0xf0,
    0x0, 0xf8, 0x0, 0x2f, 0xc0, 0x7f, 0x40, 0x7,
    0xe0, 0x0, 0x2d, 0x2, 0xf4, 0x0, 0x1f, 0x40,
    0x0, 0x0, 0x0, 0x0, 0x0, 0x0, 0x0, 0x0,

    /* U+5C55 "展" */
    0x0, 0x1f, 0xff, 0xff, 0xff, 0xff, 0xd0, 0x0,
    0xff, 0xff, 0xff, 0xff, 0xff, 0xc0, 0x7, 0xfa,
    0xaa, 0xaa, 0xaa, 0xbf, 0x0, 0x1f, 0x80, 0x0,
    0x0, 0x0, 0xfc, 0x0, 0xbe, 0x55, 0x55, 0x55,
    0x57, 0xf0, 0x2, 0xff, 0xff, 0xff, 0xff, 0xff,
    0xc0, 0xf, 0xff, 0xff, 0xff, 0xff, 0xfe, 0x0,
    0x3f, 0x0, 0x7d, 0x1, 0xf8, 0x0, 0x0, 0xfc,
    0x2, 0xf0, 0x7, 0xd0, 0x0, 0x3, 0xf1, 0x5f,
    0xd5, 0x6f, 0x95, 0x0, 0x1f, 0x9f, 0xff, 0xff,
    0xff, 0xfd, 0x0, 0x7e, 0x7f, 0xff, 0xff, 0xff,
    0xf4, 0x2, 0xf4, 0x3, 0xe0, 0xb, 0xc0, 0x0,
    0xb, 0xd0, 0xf, 0x80, 0x3f, 0x0, 0x0, 0x3f,
    0xff, 0xff, 0xff, 0xff, 0xff, 0x40, 0xff, 0xff,
    0xff, 0xff, 0xff, 0xfc, 0x3, 0xf5, 0x7f, 0x5f,
    0x95, 0x55, 0x50, 0x1f, 0x80, 0xf8, 0x2f, 0x40,
    0xbe, 0x0, 0xbd, 0x7, 0xd0, 0x2f, 0x4f, 0xe0,
    0x3, 0xf0, 0x1f, 0x40, 0x3f, 0xfe, 0x0, 0xf,
    0xc0, 0xbc, 0x0, 0x3f, 0xd0, 0x0, 0xbe, 0x2,
    0xf0, 0x6c, 0x2f, 0xd0, 0x3, 0xf0, 0xf, 0xff,
    0xf0, 0x2f, 0xf4, 0x1f, 0xc0, 0x3f, 0xff, 0x80,
    0x1f, 0xfc, 0x2d, 0x0, 0x7e, 0x50, 0x0, 0x7,
    0xc0, 0x0, 0x0, 0x0, 0x0, 0x0, 0x0, 0x0,

    /* U+5DE6 "左" */
    0x0, 0x0, 0x0, 0x69, 0x0, 0x0, 0x0, 0x0,
    0x0, 0x3, 0xf0, 0x0, 0x0, 0x0, 0x0, 0x0,
    0x1f, 0xc0, 0x0, 0x0, 0x0, 0x0, 0x0, 0xbe,
    0x0, 0x0, 0x0, 0x1, 0xff, 0xff, 0xff, 0xff,
    0xff, 0xf8, 0xb, 0xff, 0xff, 0xff, 0xff, 0xff,
    0xd0, 0x2f, 0xff, 0xff, 0xff, 0xff, 0xff, 0x40,
    0x0, 0x7, 0xf0, 0x0, 0x0, 0x0, 0x0, 0x0,
    0x3f, 0x40, 0x0, 0x0, 0x0, 0x0, 0x1, 0xfc,
    0x0, 0x0, 0x0, 0x0, 0x0, 0xf, 0xd0, 0x0,
    0x0, 0x0, 0x0, 0x0, 0xbf, 0x0, 0x0, 0x0,
    0x0, 0x0, 0x3, 0xff, 0xff, 0xff, 0xff, 0x80,
    0x0, 0x3f, 0xff, 0xff, 0xff, 0xfd, 0x0, 0x1,
    0xfe, 0xaa, 0xff, 0xaa, 0xa4, 0x0, 0xf, 0xd0,
    0x3, 0xf4, 0x0, 0x0, 0x0, 0xff, 0x0, 0xf,
    0xc0, 0x0, 0x0, 0xb, 0xf0, 0x0, 0x3f, 0x0,
    0x0, 0x0, 0xbf, 0x40, 0x0, 0xfc, 0x0, 0x0,
    0xb, 0xf8, 0x0, 0x3, 0xf0, 0x0, 0x0, 0x2f,
    0x80, 0x0, 0x1f, 0xc0, 0x0, 0x0, 0x4, 0x0,
    0x0, 0x7e, 0x0, 0x0, 0x0, 0x0, 0x0, 0x1,
    0xf8, 0x0, 0x0, 0x0, 0x3f, 0xff, 0xff, 0xff,
    0xff, 0xf8, 0x0, 0xff, 0xff, 0xff, 0xff, 0xff,
    0xe0, 0x7, 0xff, 0xff, 0xff, 0xff, 0xff, 0x80,

    /* U+5DF2 "已" */
    0x0, 0x0, 0x0, 0x0, 0x0, 0x0, 0x3f, 0xff,
    0xff, 0xff, 0xff, 0x1, 0xff, 0xff, 0xff, 0xff,
    0xfe, 0x6, 0xaa, 0xaa, 0xaa, 0xab, 0xf8, 0x0,
    0x0, 0x0, 0x0, 0xb, 0xe0, 0x0, 0x0, 0x0,
    0x0, 0x3f, 0x40, 0x0, 0x0, 0x0, 0x0, 0xfd,
    0x2, 0xf4, 0x0, 0x0, 0x3, 0xf0, 0xf, 0xc0,
    0x0, 0x0, 0xf, 0xc0, 0x3f, 0x0, 0x0, 0x0,
    0x7f, 0x0, 0xff, 0xff, 0xff, 0xff, 0xf8, 0x3,
    0xff, 0xff, 0xff, 0xff, 0xe0, 0x1f, 0xff, 0xff,
    0xff, 0xff, 0x40, 0x7e, 0x0, 0x0, 0x0, 0x0,
    0x2, 0xf8, 0x0, 0x0, 0x0, 0x0, 0xb, 0xd0,
    0x0, 0x0, 0x0, 0x0, 0x3f, 0x40, 0x0, 0x0,
    0x0, 0x0, 0xfc, 0x0, 0x0, 0x0, 0x0, 0x3,
    0xf0, 0x0, 0x0, 0x0, 0x0, 0xf, 0xc0, 0x0,
    0x0, 0x0, 0x0, 0x3f, 0x0, 0x0, 0x0, 0x0,
    0x1, 0xfc, 0x0, 0x0, 0x0, 0x16, 0xd7, 0xff,
    0xff, 0xff, 0xff, 0xff, 0x4f, 0xff, 0xff, 0xff,
    0xff, 0xfc, 0x1f, 0xff, 0xff, 0xff, 0xfa, 0x40,

    /* U+5E26 "带" */
    0x0, 0x5, 0x0, 0xa4, 0x6, 0x40, 0x0, 0x2,
    0xf4, 0xf, 0x80, 0xfc, 0x0, 0x0, 0x2f, 0x1,
    0xf4, 0xf, 0xc0, 0x3, 0xff, 0xff, 0xff, 0xff,
    0xff, 0xfc, 0x3f, 0xff, 0xff, 0xff, 0xff, 0xff,
    0xc2, 0xab, 0xfa, 0xbf, 0xaa, 0xfa, 0xa8, 0x0,
    0x3e, 0x3, 0xf0, 0x2f, 0x40, 0x0, 0x2, 0x90,
    0x2a, 0x1, 0xa0, 0x0, 0x5, 0x55, 0x55, 0x55,
    0x55, 0x54, 0x3, 0xff, 0xff, 0xff, 0xff, 0xff,
    0xf0, 0x3f, 0xff, 0xff, 0xff, 0xff, 0xff, 0x7,
    0xd0, 0x0, 0x15, 0x0, 0x2, 0xf0, 0x7d, 0x0,
    0x3, 0xe0, 0x0, 0x3f, 0xb, 0xc0, 0x0, 0x7d,
    0x0, 0x3, 0xf0, 0x1, 0xff, 0xff, 0xff, 0xff,
    0x40, 0x0, 0x3f, 0xff, 0xff, 0xff, 0xfc, 0x0,
    0x7, 0xe5, 0x5f, 0xe5, 0x5b, 0xd0, 0x0, 0xbc,
    0x0, 0xbc, 0x0, 0xbc, 0x0, 0xb, 0xc0, 0xf,
    0xc0, 0xb, 0xc0, 0x0, 0xfc, 0x0, 0xfc, 0x0,
    0xbc, 0x0, 0xf, 0xc0, 0xf, 0xc0, 0xf, 0xc0,
    0x0, 0xf8, 0x0, 0xf8, 0x3e, 0xfc, 0x0, 0xf,
    0x80, 0xf, 0x87, 0xff, 0x80, 0x0, 0xf4, 0x1,
    0xf4, 0x2f, 0xe0, 0x0, 0x0, 0x0, 0x1f, 0x40,
    0x0, 0x0, 0x0, 0x0, 0x2, 0xf0, 0x0, 0x0,
    0x0,

    /* U+5E27 "帧" */
    0x0, 0xa, 0x40, 0x0, 0xa, 0x40, 0x0, 0x0,
    0x3e, 0x0, 0x0, 0x3e, 0x0, 0x0, 0x0, 0xf4,
    0x0, 0x1, 0xf8, 0x0, 0x0, 0x3, 0xd0, 0x0,
    0x7, 0xff, 0xfd, 0x6, 0xff, 0xf8, 0x0, 0x1f,
    0xff, 0xf0, 0x3f, 0xff, 0xfc, 0x0, 0xbe, 0x55,
    0x41, 0xfb, 0xfb, 0xf0, 0x2, 0xf0, 0x0, 0xb,
    0xcb, 0xcf, 0xc2, 0xaf, 0xea, 0x80, 0x2f, 0x3e,
    0x3e, 0x3f, 0xff, 0xff, 0xc0, 0xf8, 0xf8, 0xf8,
    0xff, 0xff, 0xff, 0x3, 0xe3, 0xe3, 0xd7, 0xd0,
    0x0, 0x7c, 0xf, 0x4f, 0x4f, 0x5f, 0x6, 0x82,
    0xf0, 0x3d, 0x3d, 0x7c, 0xbc, 0x2f, 0xb, 0xc0,
    0xf5, 0xf1, 0xf2, 0xf0, 0xfc, 0x3f, 0x7, 0xc7,
    0xcb, 0xcb, 0xc3, 0xe0, 0xf8, 0x1f, 0x2f, 0x2f,
    0x3e, 0xf, 0x83, 0xe0, 0xbc, 0xbc, 0xbc, 0xf8,
    0x7d, 0xf, 0x42, 0xf3, 0xe3, 0xe3, 0xd3, 0xf0,
    0x7d, 0xf, 0x8f, 0xbf, 0x4f, 0x5f, 0xc1, 0xf0,
    0x3e, 0x3e, 0xfc, 0x14, 0xff, 0xd6, 0x80, 0x50,
    0xf5, 0x40, 0xb, 0xff, 0xd0, 0x0, 0x7, 0xc0,
    0x0, 0xbf, 0x1f, 0xd0, 0x0, 0x1f, 0x0, 0xb,
    0xf4, 0x1f, 0xd0, 0x0, 0x7c, 0x0, 0xff, 0x40,
    0x1f, 0xd0, 0x2, 0xf0, 0x2f, 0xf0, 0x0, 0x1f,
    0xd0, 0xb, 0xc0, 0x2e, 0x0, 0x0, 0x2d, 0x0,
    0x0, 0x0, 0x0, 0x0, 0x0, 0x0, 0x0,

    /* U+5E38 "常" */
    0x0, 0x0, 0x0, 0xf8, 0x0, 0x0, 0x0, 0xf,
    0xc0, 0x7e, 0x2, 0xf4, 0x0, 0x2, 0xf4, 0x1f,
    0x80, 0xfc, 0x0, 0x5, 0xbf, 0x5b, 0xe5, 0xbf,
    0x50, 0xf, 0xff, 0xff, 0xff, 0xff, 0xff, 0x4b,
    0xff, 0xff, 0xff, 0xff, 0xff, 0xf3, 0xf4, 0x0,
    0x0, 0x0, 0x1, 0xfc, 0xfc, 0x0, 0x0, 0x0,
    0x0, 0x7e, 0x3f, 0x3f, 0xff, 0xff, 0xff, 0x5f,
    0x8a, 0x9f, 0xff, 0xff, 0xff, 0xf6, 0x90, 0xb,
    0xd0, 0x0, 0x0, 0xf8, 0x0, 0x2, 0xf4, 0x0,
    0x0, 0x3e, 0x0, 0x0, 0xff, 0xff, 0xff, 0xff,
    0x40, 0x0, 0x3f, 0xff, 0xff, 0xff, 0xd0, 0x0,
    0x0, 0x0, 0x7f, 0x0, 0x0, 0x0, 0x0, 0x0,
    0x1f, 0x80, 0x0, 0x0, 0x7, 0xff, 0xff, 0xff,
    0xff, 0xd0, 0x3, 0xff, 0xff, 0xff, 0xff, 0xfc,
    0x0, 0xfd, 0x55, 0xfe, 0x55, 0x7f, 0x0, 0x7e,
    0x0, 0x3f, 0x0, 0xf, 0xc0, 0x1f, 0x80, 0xf,
    0xc0, 0x3, 0xf0, 0xb, 0xd0, 0x3, 0xf0, 0x54,
    0xfc, 0x2, 0xf4, 0x0, 0xfc, 0x3f, 0xfe, 0x0,
    0xfc, 0x0, 0x7e, 0xf, 0xff, 0x0, 0x5, 0x0,
    0x1f, 0x80, 0x5, 0x0, 0x0, 0x0, 0xb, 0xd0,
    0x0, 0x0, 0x0,

    /* U+5E55 "幕" */
    0x0, 0x0, 0x1a, 0x0, 0x6, 0x80, 0x0, 0x0,
    0x0, 0x3f, 0x0, 0xb, 0xc0, 0x0, 0x3, 0xff,
    0xff, 0xff, 0xff, 0xff, 0xfc, 0x3, 0xff, 0xff,
    0xff, 0xff, 0xff, 0xfc, 0x0, 0x0, 0x3d, 0x0,
    0xb, 0x80, 0x0, 0x0, 0xa, 0xaa, 0xaa, 0xaa,
    0xaa, 0x0, 0x0, 0x2f, 0xff, 0xff, 0xff, 0xff,
    0x80, 0x0, 0x3f, 0x0, 0x0, 0x0, 0xf, 0x80,
    0x0, 0x3f, 0xff, 0xff, 0xff, 0xff, 0x80, 0x0,
    0x3f, 0xaa, 0xaa, 0xaa, 0xbf, 0x40, 0x0, 0x3d,
    0x0, 0x0, 0x0, 0x2f, 0x0, 0x0, 0x7f, 0xff,
    0xff, 0xff, 0xff, 0x0, 0x0, 0x7f, 0xff, 0xff,
    0xff, 0xff, 0x0, 0x0, 0x0, 0xb, 0xe0, 0x0,
    0x0, 0x0, 0xf, 0xff, 0xff, 0xff, 0xff, 0xff,
    0xf4, 0xf, 0xff, 0xff, 0xff, 0xff, 0xff, 0xf4,
    0x0, 0x7, 0xf8, 0x0, 0x1f, 0xd0, 0x0, 0x0,
    0x2f, 0xd0, 0x7d, 0x7, 0xf8, 0x0, 0x2, 0xff,
    0x95, 0xbd, 0x56, 0xff, 0x40, 0x2f, 0xff, 0xff,
    0xff, 0xff, 0xff, 0xf4, 0x3f, 0xbf, 0xff, 0xff,
    0xff, 0xff, 0xf0, 0x8, 0x3e, 0x0, 0xfc, 0x0,
    0xf8, 0x40, 0x0, 0x3e, 0x0, 0xf8, 0x0, 0xf8,
    0x0, 0x0, 0x3d, 0x0, 0xf8, 0x65, 0xf4, 0x0,
    0x0, 0x7d, 0x0, 0xf4, 0xbf, 0xf0, 0x0, 0x0,
    0x0, 0x1, 0xf4, 0x1f, 0xd0, 0x0,

    /* U+5E72 "干" */
    0x0, 0x0, 0x0, 0x0, 0x0, 0x0, 0x0, 0x1f,
    0xff, 0xff, 0xff, 0xff, 0xf8, 0x1, 0xff, 0xff,
    0xff, 0xff, 0xff, 0x40, 0x1f, 0xff, 0xff, 0xff,
    0xff, 0xf4, 0x0, 0x0, 0x0, 0x7e, 0x0, 0x0,
    0x0, 0x0, 0x0, 0xb, 0xe0, 0x0, 0x0, 0x0,
    0x0, 0x0, 0xbd, 0x0, 0x0, 0x0, 0x0, 0x0,
    0xf, 0xd0, 0x0, 0x0, 0x0, 0x0, 0x0, 0xfc,
    0x0, 0x0, 0x0, 0x0, 0x0, 0xf, 0xc0, 0x0,
    0x0, 0x3f, 0xff, 0xff, 0xff, 0xff, 0xff, 0xe3,
    0xff, 0xff, 0xff, 0xff, 0xff, 0xfe, 0x3f, 0xff,
    0xff, 0xff, 0xff, 0xff, 0xd0, 0x0, 0x0, 0x1f,
    0x80, 0x0, 0x0, 0x0, 0x0, 0x2, 0xf8, 0x0,
    0x0, 0x0, 0x0, 0x0, 0x2f, 0x40, 0x0, 0x0,
    0x0, 0x0, 0x3, 0xf4, 0x0, 0x0, 0x0, 0x0,
    0x0, 0x3f, 0x0, 0x0, 0x0, 0x0, 0x0, 0x3,
    0xf0, 0x0, 0x0, 0x0, 0x0, 0x0, 0x3f, 0x0,
    0x0, 0x0, 0x0, 0x0, 0x3, 0xf0, 0x0, 0x0,
    0x0, 0x0, 0x0, 0x7f, 0x0, 0x0, 0x0, 0x0,
    0x0, 0x7, 0xe0, 0x0, 0x0, 0x0, 0x0, 0x0,
    0xbe, 0x0, 0x0, 0x0, 0x0, 0x0, 0xb, 0xd0,
    0x0, 0x0, 0x0,

    /* U+5E73 "平" */
    0x0, 0x0, 0x0, 0x0, 0x0, 0x0, 0x0, 0x3f,
    0xff, 0xff, 0xff, 0xff, 0xfe, 0x3, 0xff, 0xff,
    0xff, 0xff, 0xff, 0xd0, 0x2a, 0xaa, 0xaf, 0xfa,
    0xaa, 0xa8, 0x0, 0x0, 0x0, 0x7e, 0x0, 0x0,
    0x0, 0x3, 0xf0, 0xb, 0xe0, 0xf, 0xc0, 0x0,
    0x2f, 0x0, 0xbd, 0x1, 0xf8, 0x0, 0x2, 0xf4,
    0xf, 0xd0, 0x3f, 0x0, 0x0, 0x1f, 0x80, 0xfc,
    0x3, 0xe0, 0x0, 0x1, 0xf8, 0xf, 0xc0, 0xbd,
    0x0, 0x0, 0xf, 0xc0, 0xfc, 0xf, 0xc0, 0x0,
    0x0, 0x0, 0x1f, 0xc0, 0x0, 0x0, 0x2a, 0xaa,
    0xab, 0xfe, 0xaa, 0xaa, 0x97, 0xff, 0xff, 0xff,
    0xff, 0xff, 0xfd, 0x7f, 0xff, 0xff, 0xff, 0xff,
    0xff, 0xd0, 0x0, 0x0, 0x3f, 0x40, 0x0, 0x0,
    0x0, 0x0, 0x3, 0xf0, 0x0, 0x0, 0x0, 0x0,
    0x0, 0x3f, 0x0, 0x0, 0x0, 0x0, 0x0, 0x3,
    0xf0, 0x0, 0x0, 0x0, 0x0, 0x0, 0x7f, 0x0,
    0x0, 0x0, 0x0, 0x0, 0x7, 0xe0, 0x0, 0x0,
    0x0, 0x0, 0x0, 0xbe, 0x0, 0x0, 0x0, 0x0,
    0x0, 0xb, 0xd0, 0x0, 0x0, 0x0, 0x0, 0x0,
    0xfd, 0x0, 0x0, 0x0, 0x0, 0x0, 0xf, 0xc0,
    0x0, 0x0, 0x0,

    /* U+5EA6 "度" */
    0x0, 0x0, 0x0, 0x0, 0x0, 0x0, 0x0, 0x0,
    0x0, 0x0, 0x3, 0xf0, 0x0, 0x0, 0x0, 0x0,
    0x0, 0x3, 0xf4, 0x0, 0x0, 0x0, 0xf, 0xff,
    0xff, 0xff, 0xff, 0xfc, 0x0, 0x3f, 0xff, 0xff,
    0xff, 0xff, 0xfc, 0x0, 0x3f, 0xaa, 0xaa, 0xaa,
    0xaa, 0xa8, 0x0, 0x7e, 0x0, 0xa4, 0x0, 0x68,
    0x0, 0x0, 0x7e, 0x1, 0xf4, 0x0, 0xbd, 0x0,
    0x0, 0xbe, 0xff, 0xff, 0xff, 0xff, 0xf4, 0x0,
    0xbd, 0xff, 0xff, 0xff, 0xff, 0xf0, 0x0, 0xfd,
    0x57, 0xf5, 0x55, 0xfd, 0x50, 0x0, 0xfc, 0x3,
    0xf0, 0x0, 0xf8, 0x0, 0x0, 0xfc, 0x3, 0xff,
    0xff, 0xf8, 0x0, 0x0, 0xfc, 0x3, 0xff, 0xff,
    0xf8, 0x0, 0x0, 0xfc, 0x1, 0x55, 0x55, 0x50,
    0x0, 0x1, 0xf8, 0x15, 0x55, 0x55, 0x50, 0x0,
    0x2, 0xf8, 0x7f, 0xff, 0xff, 0xfe, 0x0, 0x2,
    0xf4, 0xbf, 0xff, 0xff, 0xff, 0x0, 0x3, 0xf0,
    0xf, 0xd0, 0x1, 0xfe, 0x0, 0x3, 0xf0, 0x3,
    0xf4, 0x7, 0xfc, 0x0, 0x7, 0xe0, 0x0, 0xfd,
    0x2f, 0xe0, 0x0, 0xb, 0xd0, 0x0, 0x3f, 0xff,
    0x40, 0x0, 0xf, 0xc0, 0x0, 0x2f, 0xfd, 0x0,
    0x0, 0x1f, 0xc0, 0x7, 0xff, 0xff, 0x90, 0x0,
    0x3f, 0x46, 0xff, 0xfd, 0x2f, 0xfe, 0x40, 0x7f,
    0xf, 0xff, 0x80, 0x2, 0xff, 0xf0, 0x7e, 0x7,
    0xe0, 0x0, 0x0, 0x1f, 0xd0, 0x0, 0x0, 0x0,
    0x0, 0x0, 0x0, 0x0,

    /* U+5EFA "建" */
    0x0, 0x0, 0x0, 0x0, 0x1f, 0x40, 0x0, 0x1,
    0x55, 0x50, 0x0, 0x2f, 0x0, 0x0, 0x3, 0xff,
    0xf8, 0x7f, 0xff, 0xff, 0xc0, 0x3, 0xff, 0xf8,
    0x7f, 0xff, 0xff, 0xf0, 0x0, 0x7, 0xf0, 0x15,
    0x7f, 0x57, 0xf0, 0x0, 0xf, 0xe0, 0x0, 0x3f,
    0x3, 0xf0, 0x0, 0x2f, 0xc3, 0xff, 0xff, 0xff,
    0xfc, 0x0, 0x7f, 0x7, 0xff, 0xff, 0xff, 0xfc,
    0x0, 0xfc, 0x1, 0x55, 0xbe, 0x5b, 0xe4, 0x3,
    0xf9, 0x40, 0x0, 0x7d, 0x7, 0xd0, 0xb, 0xff,
    0xf0, 0xff, 0xff, 0xff, 0xc0, 0xb, 0xff, 0xf0,
    0xff, 0xff, 0xff, 0xc0, 0x0, 0x2, 0xf0, 0x55,
    0xfd, 0x55, 0x40, 0x5, 0x3, 0xf0, 0x0, 0xfc,
    0x0, 0x0, 0x1f, 0x43, 0xe3, 0xff, 0xff, 0xff,
    0xc0, 0xf, 0x87, 0xd3, 0xff, 0xff, 0xff, 0xc0,
    0xb, 0xcb, 0xc0, 0x0, 0xf8, 0x0, 0x0, 0x7,
    0xef, 0x80, 0x1, 0xf8, 0x0, 0x0, 0x3, 0xff,
    0xf, 0xff, 0xff, 0xff, 0xf0, 0x1, 0xfe, 0x1f,
    0xff, 0xff, 0xff, 0xe0, 0x0, 0xfe, 0x0, 0x2,
    0xf4, 0x0, 0x0, 0x2, 0xff, 0xc0, 0x2, 0xf0,
    0x0, 0x0, 0x3, 0xff, 0xf9, 0x1, 0xa0, 0x0,
    0x0, 0xf, 0xd2, 0xff, 0xfa, 0xaa, 0xaa, 0xa0,
    0x3f, 0x80, 0x7f, 0xff, 0xff, 0xff, 0xf0, 0x7e,
    0x0, 0x1, 0xbf, 0xff, 0xff, 0xf0, 0x4, 0x0,
    0x0, 0x0, 0x0, 0x0, 0x0,

    /* U+5F00 "开" */
    0x0, 0x0, 0x0, 0x0, 0x0, 0x0, 0x0, 0x2f,
    0xff, 0xff, 0xff, 0xff, 0xfc, 0x3, 0xff, 0xff,
    0xff, 0xff, 0xff, 0xc0, 0x2f, 0xff, 0xff, 0xff,
    0xff, 0xf8, 0x0, 0x2, 0xf4, 0x0, 0x3f, 0x0,
    0x0, 0x0, 0x3f, 0x40, 0x7, 0xf0, 0x0, 0x0,
    0x3, 0xf0, 0x0, 0x7e, 0x0, 0x0, 0x0, 0x3f,
    0x0, 0x7, 0xe0, 0x0, 0x0, 0x3, 0xf0, 0x0,
    0xbe, 0x0, 0x0, 0x0, 0x7f, 0x0, 0xb, 0xd0,
    0x0, 0x3f, 0xff, 0xff, 0xff, 0xff, 0xff, 0xe3,
    0xff, 0xff, 0xff, 0xff, 0xff, 0xfe, 0x7f, 0xff,
    0xff, 0xff, 0xff, 0xff, 0xd0, 0x0, 0xfd, 0x0,
    0xf, 0xc0, 0x0, 0x0, 0xf, 0xc0, 0x0, 0xfc,
    0x0, 0x0, 0x1, 0xfc, 0x0, 0xf, 0xc0, 0x0,
    0x0, 0x2f, 0x80, 0x1, 0xfc, 0x0, 0x0, 0x3,
    0xf0, 0x0, 0x1f, 0x80, 0x0, 0x0, 0x7f, 0x0,
    0x2, 0xf8, 0x0, 0x0, 0xf, 0xd0, 0x0, 0x2f,
    0x40, 0x0, 0x1, 0xfc, 0x0, 0x2, 0xf4, 0x0,
    0x0, 0x3f, 0x40, 0x0, 0x3f, 0x40, 0x0, 0xf,
    0xf0, 0x0, 0x3, 0xf0, 0x0, 0x2, 0xfc, 0x0,
    0x0, 0x3f, 0x0, 0x0, 0xb, 0x40, 0x0, 0x3,
    0xf0, 0x0, 0x0, 0x0, 0x0, 0x0, 0x0, 0x0,
    0x0,

    /* U+5F0F "式" */
    0x0, 0x0, 0x0, 0x0, 0x0, 0x0, 0x0, 0x0,
    0x0, 0x0, 0x3, 0xf0, 0x50, 0x0, 0x0, 0x0,
    0x0, 0xf, 0xc3, 0xe0, 0x0, 0x0, 0x0, 0x0,
    0x3f, 0xf, 0xc0, 0x0, 0x0, 0x0, 0x0, 0xfc,
    0x1f, 0x40, 0x0, 0x0, 0x0, 0x3, 0xf0, 0x14,
    0x0, 0x7f, 0xff, 0xff, 0xff, 0xff, 0xff, 0x42,
    0xff, 0xff, 0xff, 0xff, 0xff, 0xfd, 0xb, 0xff,
    0xff, 0xff, 0xff, 0xff, 0xf0, 0x0, 0x0, 0x0,
    0x3, 0xf0, 0x0, 0x0, 0x0, 0x0, 0x0, 0xf,
    0xc0, 0x0, 0x0, 0x0, 0x0, 0x0, 0x2f, 0x0,
    0x0, 0x3, 0xff, 0xff, 0xfc, 0xbc, 0x0, 0x0,
    0xf, 0xff, 0xff, 0xe2, 0xf4, 0x0, 0x0, 0x2a,
    0xbf, 0xaa, 0x4b, 0xd0, 0x0, 0x0, 0x0, 0xfc,
    0x0, 0x1f, 0x40, 0x0, 0x0, 0x3, 0xf0, 0x0,
    0x7e, 0x0, 0x0, 0x0, 0xf, 0xc0, 0x1, 0xf8,
    0x0, 0x0, 0x0, 0x3f, 0x0, 0x3, 0xe0, 0x0,
    0x0, 0x1, 0xf8, 0x0, 0xf, 0xc0, 0x0, 0x0,
    0x7, 0xe0, 0x0, 0x3f, 0x0, 0x0, 0x0, 0x2f,
    0x9b, 0xf0, 0xbd, 0x0, 0x0, 0x1, 0xff, 0xff,
    0xc1, 0xf8, 0x5, 0xb, 0xff, 0xff, 0xf9, 0x3,
    0xf5, 0xb4, 0x3f, 0xff, 0x90, 0x0, 0xb, 0xff,
    0xd0, 0xe9, 0x0, 0x0, 0x0, 0xf, 0xff, 0x0,
    0x0, 0x0, 0x0, 0x0, 0x1f, 0x90, 0x0,

    /* U+5F15 "引" */
    0x0, 0x0, 0x0, 0x0, 0x0, 0x14, 0x6, 0xaa,
    0xaa, 0x40, 0x0, 0xfc, 0xf, 0xff, 0xff, 0xf0,
    0x0, 0xfc, 0xf, 0xff, 0xff, 0xf0, 0x0, 0xfc,
    0x0, 0x0, 0x3, 0xf0, 0x0, 0xfc, 0x0, 0x0,
    0x3, 0xe0, 0x0, 0xf8, 0x0, 0x0, 0x7, 0xe0,
    0x1, 0xf8, 0x0, 0x0, 0xb, 0xd0, 0x1, 0xf4,
    0xf, 0xff, 0xff, 0xd0, 0x2, 0xf4, 0x2f, 0xff,
    0xff, 0xc0, 0x2, 0xf4, 0x2f, 0xaa, 0xaa, 0x80,
    0x2, 0xf0, 0x3f, 0x0, 0x0, 0x0, 0x3, 0xf0,
    0x3e, 0x0, 0x0, 0x0, 0x3, 0xf0, 0x3e, 0x0,
    0x0, 0x0, 0x3, 0xf0, 0x7f, 0xff, 0xff, 0x0,
    0x3, 0xe0, 0x3f, 0xff, 0xff, 0x80, 0x7, 0xe0,
    0x1a, 0xaa, 0xaf, 0x80, 0x7, 0xe0, 0x0, 0x0,
    0xf, 0x80, 0xb, 0xd0, 0x0, 0x0, 0x1f, 0x80,
    0xb, 0xd0, 0x0, 0x0, 0x1f, 0x40, 0xb, 0xc0,
    0x0, 0x0, 0x2f, 0x40, 0xf, 0xc0, 0x0, 0x0,
    0x3f, 0x0, 0xf, 0xc0, 0xa, 0x40, 0x3f, 0x0,
    0xf, 0xc0, 0xf, 0xff, 0xff, 0x0, 0xf, 0xc0,
    0xf, 0xff, 0xfe, 0x0, 0x1f, 0x80, 0x0, 0x6f,
    0xf8, 0x0, 0x1f, 0x80, 0x0, 0x0, 0x0, 0x0,
    0x0, 0x0,

    /* U+5F53 "当" */
    0x0, 0x0, 0x0, 0xa4, 0x0, 0x0, 0x0, 0x0,
    0x1, 0xf8, 0x0, 0x0, 0x3, 0xf0, 0x2, 0xf8,
    0x0, 0xfc, 0x3, 0xf0, 0x2, 0xf4, 0x2, 0xf8,
    0x1, 0xf8, 0x3, 0xf4, 0x3, 0xf0, 0x0, 0xfc,
    0x3, 0xf0, 0x7, 0xe0, 0x0, 0xbd, 0x3, 0xf0,
    0xf, 0xc0, 0x0, 0x3f, 0x3, 0xf0, 0x1f, 0xc0,
    0x0, 0x0, 0x7, 0xf0, 0x0, 0x0, 0xa, 0xaa,
    0xaf, 0xfa, 0xaa, 0xa0, 0x1f, 0xff, 0xff, 0xff,
    0xff, 0xfc, 0x1f, 0xff, 0xff, 0xff, 0xff, 0xfc,
    0x0, 0x0, 0x0, 0x0, 0x0, 0xfc, 0x0, 0x0,
    0x0, 0x0, 0x0, 0xfc, 0x0, 0x0, 0x0, 0x0,
    0x0, 0xf8, 0x0, 0x0, 0x0, 0x0, 0x1, 0xf8,
    0xb, 0xff, 0xff, 0xff, 0xff, 0xf8, 0xb, 0xff,
    0xff, 0xff, 0xff, 0xf4, 0x6, 0xaa, 0xaa, 0xaa,
    0xab, 0xf4, 0x0, 0x0, 0x0, 0x0, 0x3, 0xf0,
    0x0, 0x0, 0x0, 0x0, 0x3, 0xf0, 0x0, 0x0,
    0x0, 0x0, 0x3, 0xf0, 0x0, 0x0, 0x0, 0x0,
    0x3, 0xf0, 0x6a, 0xaa, 0xaa, 0xaa, 0xaf, 0xe0,
    0xbf, 0xff, 0xff, 0xff, 0xff, 0xe0, 0xff, 0xff,
    0xff, 0xff, 0xff, 0xe0,

    /* U+5F62 "形" */
    0x0, 0x0, 0x0, 0x0, 0x0, 0x1, 0x54, 0x1,
    0xaa, 0xaa, 0xaa, 0x40, 0x7, 0xf0, 0x3, 0xff,
    0xff, 0xff, 0xc0, 0x1f, 0xd0, 0x3, 0xff, 0xff,
    0xff, 0x80, 0x3f, 0x80, 0x0, 0x2f, 0x2, 0xf4,
    0x0, 0xfe, 0x0, 0x0, 0x2f, 0x2, 0xf0, 0x7,
    0xfc, 0x0, 0x0, 0x3f, 0x2, 0xf0, 0x1f, 0xf0,
    0x0, 0x0, 0x3f, 0x3, 0xf0, 0xbf, 0xc0, 0x0,
    0x0, 0x3e, 0x3, 0xf0, 0x7e, 0x3, 0xf8, 0x0,
    0x3e, 0x3, 0xf0, 0x4, 0xb, 0xf0, 0x0, 0x7e,
    0x3, 0xe0, 0x0, 0x2f, 0xc0, 0x1f, 0xff, 0xff,
    0xff, 0x80, 0xbf, 0x0, 0x1f, 0xff, 0xff, 0xff,
    0x82, 0xfd, 0x0, 0x1a, 0xfe, 0xaf, 0xea, 0x4f,
    0xf4, 0x0, 0x0, 0xbc, 0xb, 0xc0, 0x3f, 0xc0,
    0x0, 0x0, 0xfc, 0xb, 0xc1, 0xff, 0x1, 0xa8,
    0x0, 0xf8, 0xf, 0xc0, 0xbc, 0x3, 0xf4, 0x1,
    0xf4, 0xf, 0xc0, 0x0, 0xf, 0xe0, 0x2, 0xf0,
    0xf, 0x80, 0x0, 0x3f, 0xc0, 0x3, 0xf0, 0xf,
    0x80, 0x0, 0xff, 0x0, 0x3, 0xe0, 0x1f, 0x40,
    0x3, 0xfc, 0x0, 0xb, 0xd0, 0x1f, 0x40, 0x1f,
    0xf0, 0x0, 0xf, 0xc0, 0x1f, 0x40, 0x7f, 0xc0,
    0x0, 0x2f, 0x40, 0x2f, 0x3, 0xfe, 0x0, 0x0,
    0x3f, 0x0, 0x2f, 0x1f, 0xf4, 0x0, 0x0, 0x2d,
    0x0, 0x3f, 0x7, 0xc0, 0x0, 0x0, 0x0, 0x0,
    0x0, 0x0, 0x0, 0x0, 0x0,

    /* U+5F84 "径" */
    0x0, 0x0, 0x54, 0x0, 0x0, 0x0, 0x0, 0x0,
    0x2, 0xfc, 0x6a, 0xaa, 0xa9, 0x40, 0x0, 0xb,
    0xf0, 0xbf, 0xff, 0xff, 0xf0, 0x0, 0x1f, 0xd0,
    0xff, 0xff, 0xff, 0xf0, 0x0, 0x3f, 0x80, 0x0,
    0x0, 0x2f, 0xd0, 0x0, 0xfe, 0x0, 0x0, 0x0,
    0xbf, 0x40, 0x3, 0xfc, 0x0, 0x0, 0x3, 0xfe,
    0x0, 0xb, 0xf1, 0xfc, 0x0, 0x1f, 0xf4, 0x0,
    0x2f, 0xc3, 0xf0, 0x0, 0xbf, 0xf4, 0x0, 0x15,
    0xf, 0xd0, 0xb, 0xff, 0xfe, 0x0, 0x0, 0x2f,
    0x80, 0x7f, 0xf4, 0x7f, 0xc0, 0x0, 0x7f, 0x47,
    0xff, 0x40, 0xf, 0xf8, 0x0, 0xff, 0x7, 0xf4,
    0x0, 0x2, 0xf8, 0x3, 0xff, 0x0, 0x40, 0x0,
    0x0, 0x40, 0xf, 0xff, 0x2, 0xaa, 0xaa, 0xaa,
    0x90, 0x3f, 0xbf, 0x3, 0xff, 0xff, 0xff, 0xe0,
    0x15, 0x3e, 0x3, 0xff, 0xff, 0xff, 0xd0, 0x0,
    0x3e, 0x0, 0x0, 0x7e, 0x0, 0x0, 0x0, 0x7e,
    0x0, 0x0, 0xbe, 0x0, 0x0, 0x0, 0x7d, 0x0,
    0x0, 0xbd, 0x0, 0x0, 0x0, 0xbd, 0x0, 0x0,
    0xbd, 0x0, 0x0, 0x0, 0xbc, 0x0, 0x0, 0xfc,
    0x0, 0x0, 0x0, 0xfc, 0x0, 0x0, 0xfc, 0x0,
    0x0, 0x0, 0xfc, 0x2a, 0xaa, 0xfe, 0xaa, 0xa0,
    0x0, 0xfc, 0x3f, 0xff, 0xff, 0xff, 0xf4, 0x0,
    0xf8, 0x7f, 0xff, 0xff, 0xff, 0xf0,

    /* U+5F85 "待" */
    0x0, 0x0, 0x54, 0x0, 0x6, 0x40, 0x0, 0x0,
    0x2, 0xfc, 0x0, 0xf, 0xc0, 0x0, 0x0, 0xb,
    0xf0, 0x0, 0xf, 0x80, 0x0, 0x0, 0x1f, 0xd0,
    0xaa, 0xaf, 0xea, 0xa4, 0x0, 0x3f, 0x80, 0xff,
    0xff, 0xff, 0xf4, 0x0, 0xfe, 0x0, 0xff, 0xff,
    0xff, 0xf4, 0x3, 0xfc, 0x0, 0x0, 0x2f, 0x0,
    0x0, 0xb, 0xf1, 0xfc, 0x0, 0x3f, 0x0, 0x0,
    0x2f, 0xc3, 0xf0, 0x0, 0x3f, 0x0, 0x0, 0x15,
    0xf, 0xd7, 0xff, 0xff, 0xff, 0xfc, 0x0, 0x2f,
    0x8b, 0xff, 0xff, 0xff, 0xfc, 0x0, 0x7f, 0x46,
    0xaa, 0xaa, 0xbf, 0xa8, 0x0, 0xff, 0x0, 0x0,
    0x0, 0x7d, 0x0, 0x3, 0xff, 0x0, 0x0, 0x0,
    0xbd, 0x0, 0xf, 0xff, 0x6, 0xaa, 0xaa, 0xfe,
    0xa4, 0x2f, 0xff, 0xb, 0xff, 0xff, 0xff, 0xf4,
    0x2a, 0x3e, 0xf, 0xff, 0xff, 0xff, 0xf0, 0x0,
    0x3e, 0x0, 0x0, 0x0, 0xfc, 0x0, 0x0, 0x7e,
    0x0, 0xf8, 0x0, 0xfc, 0x0, 0x0, 0x7d, 0x0,
    0xbc, 0x0, 0xfc, 0x0, 0x0, 0xbd, 0x0, 0x3e,
    0x1, 0xf8, 0x0, 0x0, 0xbc, 0x0, 0x2f, 0x1,
    0xf8, 0x0, 0x0, 0xfc, 0x0, 0x0, 0x1, 0xf4,
    0x0, 0x0, 0xfc, 0x0, 0x7, 0xe7, 0xf4, 0x0,
    0x0, 0xfc, 0x0, 0x7, 0xff, 0xf0, 0x0, 0x0,
    0xf8, 0x0, 0x2, 0xff, 0xe0, 0x0, 0x0, 0x0,
    0x0, 0x0, 0x0, 0x0, 0x0,

    /* U+5FD7 "志" */
    0x0, 0x0, 0x0, 0xf, 0xc0, 0x0, 0x0, 0x0,
    0x0, 0x0, 0x3f, 0x0, 0x0, 0x0, 0x0, 0x0,
    0x0, 0xfc, 0x0, 0x0, 0x0, 0x2a, 0xaa, 0xab,
    0xfa, 0xaa, 0xa9, 0x1, 0xff, 0xff, 0xff, 0xff,
    0xff, 0xf4, 0x7, 0xff, 0xff, 0xff, 0xff, 0xff,
    0xd0, 0x0, 0x0, 0x2, 0xf4, 0x0, 0x0, 0x0,
    0x0, 0x0, 0xf, 0xd0, 0x0, 0x0, 0x0, 0x0,
    0x0, 0x3f, 0x0, 0x0, 0x0, 0x0, 0x0, 0x0,
    0xfc, 0x0, 0x0, 0x0, 0x2, 0xaa, 0xab, 0xfa,
    0xaa, 0xa0, 0x0, 0xf, 0xff, 0xff, 0xff, 0xff,
    0xc0, 0x0, 0x3f, 0xff, 0xff, 0xff, 0xff, 0x0,
    0x0, 0x0, 0x0, 0x0, 0x0, 0x0, 0x0, 0x0,
    0x0, 0x0, 0x0, 0x0, 0x0, 0x0, 0x0, 0x0,
    0xf, 0xc0, 0x14, 0x0, 0x1, 0xf4, 0xbc, 0x1f,
    0x40, 0xfc, 0x0, 0xf, 0xc3, 0xf0, 0x3e, 0x1,
    0xf4, 0x0, 0x7e, 0xf, 0xc0, 0xfc, 0x3, 0xf0,
    0x2, 0xf4, 0x3f, 0x2, 0xf4, 0xf, 0xc0, 0xf,
    0xc0, 0xfc, 0x1, 0x40, 0x1f, 0x80, 0x7e, 0x7,
    0xe0, 0x0, 0x0, 0x3f, 0x3, 0xf0, 0x1f, 0x80,
    0x0, 0x14, 0xfd, 0x0, 0x0, 0x7f, 0xaa, 0xbf,
    0xd0, 0x0, 0x0, 0x0, 0xff, 0xff, 0xff, 0x40,
    0x0, 0x0, 0x1, 0xff, 0xff, 0xe4, 0x0, 0x0,

    /* U+6001 "态" */
    0x0, 0x0, 0x0, 0x6, 0x90, 0x0, 0x0, 0x0,
    0x0, 0x0, 0xf, 0xd0, 0x0, 0x0, 0x0, 0x0,
    0x0, 0x1f, 0xc0, 0x0, 0x0, 0x0, 0xaa, 0xaa,
    0xbf, 0xea, 0xaa, 0xa4, 0x1, 0xff, 0xff, 0xff,
    0xff, 0xff, 0xf8, 0x1, 0xff, 0xff, 0xff, 0xff,
    0xff, 0xf4, 0x0, 0x0, 0x3, 0xff, 0xf4, 0x0,
    0x0, 0x0, 0x0, 0xb, 0xf0, 0xfd, 0x0, 0x0,
    0x0, 0x0, 0x2f, 0xd0, 0x7f, 0x0, 0x0, 0x0,
    0x0, 0xbf, 0xd0, 0x2f, 0xd0, 0x0, 0x0, 0x7,
    0xff, 0xf4, 0xb, 0xf8, 0x0, 0x0, 0x2f, 0xf4,
    0xf8, 0x3, 0xff, 0x0, 0x2, 0xff, 0xd0, 0xfc,
    0x0, 0xbf, 0xe0, 0x1f, 0xff, 0x0, 0x7d, 0x0,
    0x2f, 0xfc, 0xb, 0xf4, 0x0, 0x0, 0x0, 0x7,
    0xf0, 0x1, 0x40, 0x0, 0x29, 0x0, 0x0, 0x40,
    0x1, 0xf8, 0xbd, 0x2f, 0x0, 0x7d, 0x0, 0x2,
    0xf0, 0xbc, 0x1f, 0x80, 0x3f, 0x0, 0x3, 0xf0,
    0xfc, 0xf, 0xc0, 0x2f, 0x0, 0xb, 0xd0, 0xfc,
    0xb, 0xc0, 0x1f, 0x80, 0xf, 0xc0, 0xfc, 0x2,
    0x90, 0xf, 0xc0, 0x1f, 0x80, 0xf8, 0x0, 0x0,
    0xb, 0xd0, 0x3f, 0x1, 0xf8, 0x0, 0x1, 0x47,
    0xe0, 0x0, 0x1, 0xfe, 0xaa, 0xff, 0x80, 0x0,
    0x0, 0x0, 0xff, 0xff, 0xff, 0x40, 0x0, 0x0,
    0x0, 0x7f, 0xff, 0xf9, 0x0, 0x0,

    /* U+603B "总" */
    0x0, 0x0, 0x7e, 0x0, 0x2, 0xf0, 0x0, 0x0,
    0x0, 0xfc, 0x0, 0x1f, 0xc0, 0x0, 0x0, 0x2,
    0xf4, 0x0, 0xfc, 0x0, 0x0, 0x0, 0x6b, 0xfa,
    0xab, 0xfa, 0x40, 0x0, 0xf, 0xff, 0xff, 0xff,
    0xff, 0x40, 0x0, 0xbf, 0xff, 0xff, 0xff, 0xff,
    0x0, 0x3, 0xf0, 0x0, 0x0, 0x1, 0xf8, 0x0,
    0xf, 0xc0, 0x0, 0x0, 0x7, 0xe0, 0x0, 0x3f,
    0x0, 0x0, 0x0, 0x2f, 0x80, 0x0, 0xfc, 0x0,
    0x0, 0x0, 0xbd, 0x0, 0x7, 0xe0, 0x0, 0x0,
    0x3, 0xf4, 0x0, 0x1f, 0xea, 0xaa, 0xaa, 0xaf,
    0xc0, 0x0, 0xbf, 0xff, 0xff, 0xff, 0xff, 0x0,
    0x2, 0xff, 0xff, 0xff, 0xff, 0xfc, 0x0, 0x0,
    0x0, 0x0, 0x0, 0x0, 0x0, 0x0, 0x0, 0x0,
    0xa, 0x40, 0x0, 0x0, 0x1, 0xa4, 0xfc, 0x2f,
    0x0, 0xbd, 0x0, 0xf, 0xc3, 0xf0, 0x7d, 0x1,
    0xf8, 0x0, 0x3f, 0xf, 0xc0, 0xf8, 0x3, 0xf0,
    0x2, 0xf4, 0x3e, 0x3, 0xf0, 0xb, 0xd0, 0xf,
    0xc1, 0xf8, 0x7, 0xd0, 0x1f, 0xc0, 0x7e, 0x7,
    0xd0, 0x0, 0x0, 0x3f, 0x2, 0xf4, 0x2f, 0x40,
    0x0, 0x14, 0xbe, 0xf, 0xc0, 0xbf, 0xaa, 0xff,
    0xe1, 0xfc, 0x0, 0x1, 0xff, 0xff, 0xff, 0x40,
    0x0, 0x0, 0x2, 0xff, 0xff, 0xe8, 0x0, 0x0,

    /* U+606F "息" */
    0x0, 0x0, 0x0, 0x3f, 0x0, 0x0, 0x0, 0x0,
    0x0, 0x1, 0xfc, 0x0, 0x0, 0x0, 0x0, 0x7f,
    0xff, 0xff, 0xff, 0xf4, 0x0, 0x3, 0xff, 0xff,
    0xff, 0xff, 0xf0, 0x0, 0x1f, 0x95, 0x55, 0x55,
    0x5f, 0xc0, 0x0, 0x7d, 0x0, 0x0, 0x0, 0x3f,
    0x0, 0x2, 0xff, 0xff, 0xff, 0xff, 0xfc, 0x0,
    0xb, 0xff, 0xff, 0xff, 0xff, 0xe0, 0x0, 0x3f,
    0x0, 0x0, 0x0, 0x2f, 0x80, 0x0, 0xfc, 0x0,
    0x0, 0x0, 0xbd, 0x0, 0x3, 0xff, 0xff, 0xff,
    0xff, 0xf4, 0x0, 0xf, 0xff, 0xff, 0xff, 0xff,
    0xc0, 0x0, 0x7e, 0x0, 0x0, 0x0, 0x3f, 0x0,
    0x1, 0xf4, 0x0, 0x0, 0x0, 0xfc, 0x0, 0xb,
    0xff, 0xff, 0xff, 0xff, 0xe0, 0x0, 0x2f, 0xff,
    0xff, 0xff, 0xff, 0x80, 0x0, 0x55, 0x55, 0x55,
    0x55, 0x54, 0x0, 0x0, 0x2, 0xa0, 0xa8, 0x0,
    0x0, 0x0, 0x3f, 0xf, 0xc2, 0xf0, 0x3, 0xe0,
    0x1, 0xf8, 0x7e, 0x7, 0xe0, 0xf, 0xc0, 0xf,
    0xc1, 0xf8, 0xf, 0xc0, 0x1f, 0x80, 0x7f, 0xb,
    0xd0, 0x1a, 0x40, 0x3f, 0x2, 0xf4, 0x2f, 0x40,
    0x0, 0x14, 0xbe, 0xf, 0xc0, 0xff, 0xaa, 0xbf,
    0xe0, 0xfc, 0x0, 0x2, 0xff, 0xff, 0xff, 0x80,
    0x0, 0x0, 0x3, 0xff, 0xff, 0xe8, 0x0, 0x0,

    /* U+624B "手" */
    0x0, 0x0, 0x0, 0x0, 0x0, 0x0, 0x0, 0x0,
    0x0, 0x0, 0x55, 0xab, 0xf4, 0x1, 0xff, 0xff,
    0xff, 0xff, 0xff, 0x0, 0x2f, 0xff, 0xff, 0xff,
    0xff, 0xa0, 0x2, 0xfe, 0xaa, 0xbe, 0x0, 0x0,
    0x0, 0x0, 0x0, 0xb, 0xe0, 0x0, 0x0, 0x0,
    0x0, 0x0, 0xbd, 0x0, 0x0, 0x0, 0x0, 0x0,
    0xb, 0xd0, 0x0, 0x0, 0x1, 0xaa, 0xaa, 0xfe,
    0xaa, 0xaa, 0x0, 0x2f, 0xff, 0xff, 0xff, 0xff,
    0xe0, 0x2, 0xff, 0xff, 0xff, 0xff, 0xfe, 0x0,
    0x0, 0x0, 0xf, 0xc0, 0x0, 0x0, 0x0, 0x0,
    0x0, 0xfc, 0x0, 0x0, 0x0, 0x0, 0x0, 0x1f,
    0xc0, 0x0, 0x0, 0x2a, 0xaa, 0xab, 0xfe, 0xaa,
    0xaa, 0x97, 0xff, 0xff, 0xff, 0xff, 0xff, 0xfd,
    0x7f, 0xff, 0xff, 0xff, 0xff, 0xff, 0xd0, 0x0,
    0x0, 0x2f, 0x40, 0x0, 0x0, 0x0, 0x0, 0x3,
    0xf4, 0x0, 0x0, 0x0, 0x0, 0x0, 0x3f, 0x0,
    0x0, 0x0, 0x0, 0x0, 0x3, 0xf0, 0x0, 0x0,
    0x0, 0x0, 0x0, 0x3f, 0x0, 0x0, 0x0, 0x0,
    0x1f, 0x97, 0xf0, 0x0, 0x0, 0x0, 0x1, 0xff,
    0xff, 0x0, 0x0, 0x0, 0x0, 0x1f, 0xff, 0xe0,
    0x0, 0x0, 0x0, 0x0, 0x1a, 0xf8, 0x0, 0x0,
    0x0,

    /* U+6267 "执" */
    0x0, 0x2, 0xa0, 0x0, 0x29, 0x0, 0x0, 0x0,
    0xf, 0x80, 0x1, 0xf4, 0x0, 0x0, 0x0, 0x7e,
    0x0, 0xb, 0xd0, 0x0, 0x0, 0x1, 0xf4, 0x0,
    0x2f, 0x0, 0x0, 0x0, 0xb, 0xd0, 0x0, 0xbc,
    0x0, 0x0, 0xf, 0xff, 0xf9, 0xff, 0xff, 0xfc,
    0x0, 0x7f, 0xff, 0xe7, 0xff, 0xff, 0xf8, 0x1,
    0xff, 0xff, 0x5a, 0xbf, 0xab, 0xf0, 0x0, 0xf,
    0xc0, 0x0, 0xf8, 0xf, 0x80, 0x0, 0x3e, 0x0,
    0x7, 0xd0, 0x3e, 0x0, 0x0, 0xf8, 0x0, 0x1f,
    0x41, 0xf8, 0x0, 0x7, 0xd6, 0x20, 0xbc, 0x7,
    0xd0, 0x0, 0x1f, 0xfc, 0xf7, 0xf0, 0x2f, 0x40,
    0x6, 0xff, 0xf3, 0xff, 0x80, 0xbc, 0x1, 0xff,
    0xfe, 0x3, 0xfd, 0x2, 0xf0, 0x7, 0xff, 0xc0,
    0x3, 0xfc, 0xf, 0xc0, 0x19, 0x3f, 0x0, 0xf,
    0xfd, 0x3f, 0x0, 0x0, 0xf8, 0x0, 0x7f, 0xfc,
    0xfc, 0x0, 0x3, 0xe0, 0x3, 0xf1, 0xf3, 0xe0,
    0x0, 0x1f, 0x80, 0x1f, 0x81, 0xcf, 0x80, 0x0,
    0x7d, 0x0, 0xfc, 0x0, 0x7d, 0x0, 0x2, 0xf4,
    0xb, 0xe0, 0x1, 0xf4, 0x2, 0x4b, 0xc0, 0x7f,
    0x0, 0x7, 0xd6, 0xcf, 0xff, 0x3, 0xf4, 0x0,
    0x2f, 0xfe, 0x3f, 0xfc, 0x3f, 0x80, 0x0, 0xbf,
    0xf8, 0x2f, 0xc0, 0xbc, 0x0, 0x0, 0xf9, 0x0,
    0x0, 0x0, 0x0, 0x0, 0x0, 0x0, 0x0,

    /* U+6269 "扩" */
    0x0, 0x2, 0x90, 0x0, 0x1, 0x50, 0x0, 0x0,
    0x7, 0xd0, 0x0, 0x3, 0xf0, 0x0, 0x0, 0x7,
    0xd0, 0x0, 0x2, 0xf4, 0x0, 0x0, 0xb, 0xc0,
    0x0, 0x56, 0xfd, 0x54, 0x0, 0xb, 0xc0, 0xf,
    0xff, 0xff, 0xfc, 0x7, 0xff, 0xff, 0x2f, 0xff,
    0xff, 0xfc, 0x7, 0xff, 0xff, 0x3f, 0x55, 0x55,
    0x54, 0x6, 0xaf, 0xe9, 0x3f, 0x0, 0x0, 0x0,
    0x0, 0xf, 0x80, 0x3f, 0x0, 0x0, 0x0, 0x0,
    0x1f, 0x40, 0x3f, 0x0, 0x0, 0x0, 0x0, 0x1f,
    0x40, 0x3e, 0x0, 0x0, 0x0, 0x0, 0x2f, 0x18,
    0x7e, 0x0, 0x0, 0x0, 0x0, 0x2f, 0xfc, 0x7d,
    0x0, 0x0, 0x0, 0x6, 0xff, 0xfc, 0xbc, 0x0,
    0x0, 0x0, 0x1f, 0xff, 0x90, 0xfc, 0x0, 0x0,
    0x0, 0x1f, 0xfe, 0x0, 0xfc, 0x0, 0x0, 0x0,
    0x14, 0x3e, 0x0, 0xf8, 0x0, 0x0, 0x0, 0x0,
    0x3e, 0x1, 0xf8, 0x0, 0x0, 0x0, 0x0, 0x7d,
    0x2, 0xf4, 0x0, 0x0, 0x0, 0x0, 0x7d, 0x3,
    0xf0, 0x0, 0x0, 0x0, 0x0, 0xbc, 0x7, 0xe0,
    0x0, 0x0, 0x0, 0x0, 0xbc, 0xb, 0xd0, 0x0,
    0x0, 0x0, 0x10, 0xfc, 0xf, 0xc0, 0x0, 0x0,
    0x0, 0x3f, 0xfc, 0x1f, 0x80, 0x0, 0x0, 0x0,
    0x3f, 0xf8, 0x3f, 0x40, 0x0, 0x0, 0x0, 0x1b,
    0xe0, 0x2f, 0x0, 0x0, 0x0, 0x0, 0x0, 0x0,
    0x0, 0x0, 0x0, 0x0, 0x0,

    /* U+6301 "持" */
    0x0, 0x6, 0x80, 0x0, 0x6, 0x90, 0x0, 0x0,
    0xb, 0xc0, 0x0, 0xb, 0xd0, 0x0, 0x0, 0xb,
    0xc0, 0x0, 0xb, 0xc0, 0x0, 0x0, 0xf, 0xc0,
    0x2a, 0xaf, 0xea, 0xa4, 0x0, 0xf, 0xc0, 0x3f,
    0xff, 0xff, 0xf4, 0xb, 0xff, 0xfe, 0x7f, 0xff,
    0xff, 0xf4, 0xb, 0xff, 0xfd, 0x0, 0xf, 0x80,
    0x0, 0x6, 0xaf, 0xe8, 0x0, 0xf, 0x80, 0x0,
    0x0, 0x1f, 0x40, 0x0, 0x1f, 0x40, 0x0, 0x0,
    0x2f, 0x42, 0xff, 0xff, 0xff, 0xfd, 0x0, 0x2f,
    0x3, 0xff, 0xff, 0xff, 0xfc, 0x0, 0x3f, 0x15,
    0xaa, 0xaa, 0xbf, 0xa8, 0x0, 0x3f, 0xf4, 0x0,
    0x0, 0x3f, 0x0, 0x6, 0xff, 0xf4, 0x0, 0x0,
    0x3e, 0x0, 0x2f, 0xff, 0xd2, 0xaa, 0xaa, 0xbf,
    0xa4, 0x2f, 0xfe, 0x3, 0xff, 0xff, 0xff, 0xf8,
    0x29, 0x7d, 0x3, 0xff, 0xff, 0xff, 0xf4, 0x0,
    0x7d, 0x0, 0x0, 0x0, 0xbc, 0x0, 0x0, 0xbc,
    0x0, 0x3e, 0x0, 0xbc, 0x0, 0x0, 0xbc, 0x0,
    0x2f, 0x0, 0xfc, 0x0, 0x0, 0xfc, 0x0, 0x1f,
    0x40, 0xfc, 0x0, 0x0, 0xfc, 0x0, 0xf, 0xc0,
    0xfc, 0x0, 0x10, 0xfc, 0x0, 0x0, 0x0, 0xf8,
    0x0, 0x3f, 0xf8, 0x0, 0x3, 0xe6, 0xf8, 0x0,
    0x3f, 0xf4, 0x0, 0x3, 0xff, 0xf4, 0x0, 0x1b,
    0xe0, 0x0, 0x1, 0xaf, 0xe0, 0x0,

    /* U+6362 "换" */
    0x0, 0x6, 0x80, 0x1, 0xa4, 0x0, 0x0, 0x0,
    0xf, 0xc0, 0x3, 0xf0, 0x0, 0x0, 0x0, 0xf,
    0xc0, 0xb, 0xfa, 0xa9, 0x0, 0x0, 0xf, 0x80,
    0xf, 0xff, 0xff, 0x40, 0x0, 0xf, 0x80, 0x3f,
    0xff, 0xff, 0x40, 0xb, 0xff, 0xfc, 0x7f, 0x0,
    0x3f, 0x0, 0xf, 0xff, 0xfc, 0xfc, 0x0, 0xfc,
    0x0, 0x5, 0x7f, 0x96, 0xfd, 0x56, 0xfd, 0x40,
    0x0, 0x2f, 0x7, 0xff, 0xff, 0xff, 0xe0, 0x0,
    0x3f, 0x0, 0xff, 0xff, 0xff, 0xf0, 0x0, 0x3f,
    0x0, 0xf8, 0x1f, 0x43, 0xf0, 0x0, 0x3f, 0x60,
    0xf8, 0x2f, 0x3, 0xf0, 0x0, 0x3f, 0xf0, 0xf4,
    0x2f, 0x3, 0xe0, 0x6, 0xff, 0xf1, 0xf4, 0x2f,
    0x3, 0xe0, 0x2f, 0xff, 0x41, 0xf0, 0x3f, 0x3,
    0xd0, 0x2f, 0xfc, 0xb, 0xfa, 0xbf, 0xaf, 0xf8,
    0x29, 0xbc, 0x1f, 0xff, 0xff, 0xff, 0xfd, 0x0,
    0xfc, 0x1f, 0xff, 0xff, 0xff, 0xfc, 0x0, 0xfc,
    0x0, 0x1, 0xff, 0x40, 0x0, 0x0, 0xfc, 0x0,
    0x3, 0xff, 0xc0, 0x0, 0x0, 0xf8, 0x0, 0xf,
    0xd3, 0xf0, 0x0, 0x1, 0xf8, 0x0, 0x3f, 0x81,
    0xfc, 0x0, 0x11, 0xf4, 0x1, 0xfe, 0x0, 0xbf,
    0x40, 0x7f, 0xf4, 0xf, 0xf8, 0x0, 0x2f, 0xe0,
    0x7f, 0xf0, 0xbf, 0xd0, 0x0, 0xb, 0xfc, 0x2f,
    0xd0, 0x3e, 0x0, 0x0, 0x1, 0xf4, 0x0, 0x0,
    0x0, 0x0, 0x0, 0x0, 0x0,

    /* U+636E "据" */
    0x0, 0xb, 0xc0, 0x0, 0x0, 0x0, 0x0, 0x0,
    0xf, 0xc0, 0x7f, 0xff, 0xff, 0xf4, 0x0, 0xf,
    0xc0, 0xff, 0xff, 0xff, 0xfc, 0x0, 0xf, 0x80,
    0xfe, 0xaa, 0xaa, 0xfc, 0x0, 0xf, 0x80, 0xf8,
    0x0, 0x0, 0xfc, 0x7, 0xff, 0xfd, 0xf4, 0x0,
    0x0, 0xf8, 0xb, 0xff, 0xf9, 0xf9, 0x55, 0x56,
    0xf8, 0x6, 0xbf, 0xa6, 0xff, 0xff, 0xff, 0xf4,
    0x0, 0x2f, 0x2, 0xff, 0xff, 0xff, 0xf4, 0x0,
    0x2f, 0x3, 0xf0, 0x1, 0x50, 0x0, 0x0, 0x3f,
    0x3, 0xf0, 0x3, 0xe0, 0x0, 0x0, 0x3f, 0x73,
    0xe0, 0x3, 0xe0, 0x0, 0x0, 0x3f, 0xf3, 0xff,
    0xff, 0xff, 0xfc, 0x6, 0xff, 0xf7, 0xff, 0xff,
    0xff, 0xfc, 0x1f, 0xff, 0x47, 0xe5, 0x5b, 0xe5,
    0x54, 0x2f, 0xfd, 0xb, 0xc0, 0xb, 0xc0, 0x0,
    0x24, 0xbc, 0xb, 0xc0, 0xf, 0xc0, 0x0, 0x0,
    0xbc, 0xf, 0xc7, 0xff, 0xff, 0xc0, 0x0, 0xfc,
    0xf, 0x8f, 0xff, 0xff, 0xd0, 0x0, 0xfc, 0x1f,
    0x4f, 0x80, 0xb, 0xd0, 0x0, 0xf8, 0x2f, 0x1f,
    0x40, 0x7, 0xc0, 0x0, 0xf8, 0x3f, 0x1f, 0x40,
    0xb, 0xc0, 0x1, 0xf4, 0x7d, 0x1f, 0x0, 0xb,
    0xc0, 0x3e, 0xf4, 0xfc, 0x2f, 0x55, 0x5f, 0xc0,
    0x3f, 0xf1, 0xf8, 0x2f, 0xff, 0xff, 0xc0, 0x2b,
    0xe1, 0xf0, 0x3f, 0xff, 0xff, 0x80, 0x0, 0x0,
    0x0, 0x0, 0x0, 0x0, 0x0,

    /* U+63A5 "接" */
    0x0, 0x6, 0x80, 0x0, 0x1a, 0x0, 0x0, 0x0,
    0xf, 0xc0, 0x0, 0x2f, 0x40, 0x0, 0x0, 0xf,
    0xc0, 0x0, 0x1f, 0xc0, 0x0, 0x0, 0xf, 0xc0,
    0xff, 0xff, 0xff, 0xf8, 0x0, 0xf, 0x80, 0xff,
    0xff, 0xff, 0xf8, 0xb, 0xff, 0xfc, 0x55, 0x55,
    0x55, 0x50, 0xb, 0xff, 0xfc, 0xf, 0x80, 0x1f,
    0x80, 0xa, 0xbf, 0xe8, 0xf, 0xc0, 0x2f, 0x0,
    0x0, 0x2f, 0x40, 0xb, 0xc0, 0x3e, 0x0, 0x0,
    0x2f, 0x3, 0xff, 0xff, 0xff, 0xfd, 0x0, 0x2f,
    0x3, 0xff, 0xff, 0xff, 0xfc, 0x0, 0x3f, 0x16,
    0xaa, 0xaa, 0xaa, 0xa8, 0x0, 0x3f, 0xf0, 0x0,
    0xa4, 0x0, 0x0, 0x1, 0xbf, 0xf0, 0x2, 0xf4,
    0x0, 0x0, 0x1f, 0xff, 0xd5, 0x57, 0xf5, 0x55,
    0x54, 0x1f, 0xfe, 0xb, 0xff, 0xff, 0xff, 0xfc,
    0x2d, 0xbd, 0xb, 0xff, 0xff, 0xff, 0xf8, 0x0,
    0xbd, 0x0, 0x3f, 0x0, 0x7e, 0x0, 0x0, 0xbc,
    0x0, 0xbe, 0x0, 0xfc, 0x0, 0x0, 0xbc, 0x0,
    0xfe, 0x3, 0xf8, 0x0, 0x0, 0xfc, 0x0, 0xbf,
    0xef, 0xe0, 0x0, 0x0, 0xfc, 0x0, 0xb, 0xff,
    0xc0, 0x0, 0x10, 0xfc, 0x0, 0xb, 0xff, 0xf4,
    0x0, 0x3f, 0xf8, 0x6, 0xff, 0xf7, 0xff, 0x80,
    0x3f, 0xf8, 0x3f, 0xfe, 0x40, 0x7f, 0xf0, 0x1b,
    0xe0, 0x1f, 0x90, 0x0, 0x7, 0xc0, 0x0, 0x0,
    0x0, 0x0, 0x0, 0x0, 0x0,

    /* U+63A7 "控" */
    0x0, 0xa, 0x40, 0x0, 0x2a, 0x0, 0x0, 0x0,
    0xf, 0x80, 0x0, 0x1f, 0x40, 0x0, 0x0, 0x1f,
    0x40, 0x0, 0x1f, 0xc0, 0x0, 0x0, 0x1f, 0x40,
    0xff, 0xff, 0xff, 0xf8, 0x0, 0x1f, 0x42, 0xff,
    0xff, 0xff, 0xfc, 0xf, 0xff, 0xfb, 0xf5, 0x55,
    0x55, 0xbd, 0xf, 0xff, 0xf7, 0xf0, 0x0, 0x0,
    0xbc, 0xa, 0xbf, 0xa7, 0xe0, 0x20, 0x90, 0xbc,
    0x0, 0x3f, 0x2, 0x92, 0xf0, 0xf8, 0x68, 0x0,
    0x3e, 0x0, 0x2f, 0xf0, 0xff, 0x40, 0x0, 0x3e,
    0x1, 0xff, 0x80, 0x2f, 0xf0, 0x0, 0x3e, 0x12,
    0xf8, 0x0, 0x7, 0xf4, 0x0, 0x7f, 0xf3, 0x80,
    0x0, 0x0, 0xb4, 0x1, 0xff, 0xf0, 0x0, 0x0,
    0x0, 0x0, 0x2f, 0xff, 0xd0, 0xaa, 0xaa, 0xaa,
    0x80, 0x3f, 0xfc, 0x1, 0xff, 0xff, 0xff, 0xc0,
    0x39, 0xfc, 0x2, 0xff, 0xff, 0xff, 0xc0, 0x0,
    0xfc, 0x0, 0x0, 0x7e, 0x0, 0x0, 0x0, 0xfc,
    0x0, 0x0, 0x7e, 0x0, 0x0, 0x0, 0xf8, 0x0,
    0x0, 0xbd, 0x0, 0x0, 0x0, 0xf8, 0x0, 0x0,
    0xbd, 0x0, 0x0, 0x1, 0xf8, 0x0, 0x0, 0xfc,
    0x0, 0x0, 0x1, 0xf4, 0x0, 0x0, 0xfc, 0x0,
    0x0, 0x3f, 0xf4, 0x1a, 0xaa, 0xfe, 0xaa, 0xa0,
    0x3f, 0xf0, 0x2f, 0xff, 0xff, 0xff, 0xf0, 0x2f,
    0xd0, 0x3f, 0xff, 0xff, 0xff, 0xf0, 0x0, 0x0,
    0x0, 0x0, 0x0, 0x0, 0x0,

    /* U+63CF "描" */
    0x0, 0x6, 0x80, 0x2, 0x90, 0xa, 0x0, 0x0,
    0xb, 0xc0, 0x3, 0xe0, 0x1f, 0x40, 0x0, 0xf,
    0xc0, 0x3, 0xd0, 0x2f, 0x0, 0x0, 0xf, 0xc0,
    0xab, 0xea, 0xbf, 0xa9, 0x0, 0xf, 0x81, 0xff,
    0xff, 0xff, 0xfe, 0x7, 0xff, 0xf9, 0xff, 0xff,
    0xff, 0xfd, 0xb, 0xff, 0xf8, 0xb, 0xc0, 0x3e,
    0x0, 0x6, 0xbf, 0xe4, 0xf, 0xc0, 0x3e, 0x0,
    0x0, 0x2f, 0x0, 0xb, 0x80, 0x3d, 0x0, 0x0,
    0x2f, 0x0, 0x1a, 0xaa, 0xaa, 0x40, 0x0, 0x3f,
    0x0, 0xff, 0xff, 0xff, 0xf0, 0x0, 0x3f, 0x62,
    0xff, 0xff, 0xff, 0xf0, 0x0, 0x3f, 0xf2, 0xf0,
    0x2f, 0x2, 0xf0, 0x2, 0xff, 0xf3, 0xf0, 0x2f,
    0x2, 0xf0, 0x1f, 0xff, 0x83, 0xe0, 0x3e, 0x3,
    0xf0, 0x2f, 0xfd, 0x3, 0xe0, 0x3e, 0x3, 0xf0,
    0x18, 0x7d, 0x3, 0xff, 0xff, 0xff, 0xe0, 0x0,
    0xbc, 0x7, 0xff, 0xff, 0xff, 0xe0, 0x0, 0xbc,
    0x7, 0xe5, 0xbe, 0x5b, 0xd0, 0x0, 0xfc, 0xb,
    0xc0, 0x7c, 0x7, 0xd0, 0x0, 0xfc, 0xb, 0xc0,
    0xbc, 0xb, 0xd0, 0x0, 0xfc, 0xf, 0xc0, 0xbc,
    0xb, 0xc0, 0x0, 0xf8, 0xf, 0xc0, 0xfc, 0xf,
    0xc0, 0x35, 0xf8, 0xf, 0xea, 0xfe, 0xaf, 0xc0,
    0x3f, 0xf4, 0xf, 0xff, 0xff, 0xff, 0xc0, 0x3f,
    0xf0, 0x1f, 0xff, 0xff, 0xff, 0x80, 0x6, 0x80,
    0x0, 0x0, 0x0, 0x0, 0x0,

    /* U+63D0 "提" */
    0x0, 0x1f, 0x0, 0x0, 0x0, 0x0, 0x0, 0x1,
    0xf0, 0x2, 0xff, 0xff, 0xf8, 0x0, 0x2f, 0x0,
    0xbf, 0xff, 0xff, 0xd0, 0x2, 0xf0, 0xf, 0xd5,
    0x55, 0xbe, 0x0, 0x3f, 0x0, 0xf8, 0x0, 0xb,
    0xd1, 0xff, 0xff, 0x4f, 0xff, 0xff, 0xfd, 0x1f,
    0xff, 0xf4, 0xff, 0xff, 0xff, 0xc1, 0xab, 0xfa,
    0x1f, 0x40, 0x0, 0xfc, 0x0, 0x7d, 0x1, 0xf0,
    0x0, 0xf, 0xc0, 0x7, 0xc0, 0x2f, 0xff, 0xff,
    0xfc, 0x0, 0xbc, 0x2, 0xff, 0xff, 0xff, 0x80,
    0xb, 0xc5, 0x15, 0x55, 0x55, 0x50, 0x0, 0xff,
    0xe0, 0x0, 0x0, 0x0, 0x1, 0xbf, 0xfd, 0xbf,
    0xff, 0xff, 0xff, 0x7f, 0xfe, 0x4f, 0xff, 0xff,
    0xff, 0xeb, 0xff, 0x80, 0x0, 0x7, 0xe0, 0x0,
    0x61, 0xf4, 0x1, 0x90, 0x7d, 0x0, 0x0, 0x1f,
    0x40, 0x3e, 0xb, 0xd0, 0x0, 0x2, 0xf0, 0x7,
    0xd0, 0xbf, 0xff, 0x40, 0x2f, 0x0, 0xbc, 0xf,
    0xff, 0xf4, 0x3, 0xf0, 0xf, 0xd0, 0xfc, 0x0,
    0x0, 0x3f, 0x2, 0xff, 0xf, 0xc0, 0x0, 0x43,
    0xe0, 0x3f, 0xfe, 0xf8, 0x0, 0xf, 0xfe, 0xf,
    0xc7, 0xff, 0xea, 0xa9, 0xff, 0xd2, 0xf4, 0xf,
    0xff, 0xff, 0xd6, 0xf8, 0x2f, 0x0, 0x1b, 0xff,
    0xfc, 0x0, 0x0, 0x0, 0x0, 0x0, 0x0, 0x0,

    /* U+641C "搜" */
    0x0, 0xb, 0x80, 0x0, 0xb, 0x80, 0x0, 0x0,
    0xf, 0x80, 0x0, 0x4f, 0xc0, 0x0, 0x0, 0xf,
    0x80, 0x7f, 0xcf, 0x8f, 0xf0, 0x0, 0x1f, 0x40,
    0xff, 0xcf, 0x9f, 0xfc, 0x0, 0x1f, 0x41, 0xf5,
    0xf, 0x45, 0xfc, 0xb, 0xff, 0xf6, 0xf0, 0x1f,
    0x40, 0xfc, 0xf, 0xff, 0xf6, 0xf5, 0x1f, 0x5,
    0xf8, 0xa, 0xbf, 0xa3, 0xff, 0x6f, 0x3f, 0xf8,
    0x0, 0x3f, 0x3, 0xff, 0x6f, 0x3f, 0xf4, 0x0,
    0x3f, 0x3, 0xe0, 0x3f, 0x1, 0xf4, 0x0, 0x3e,
    0x3, 0xd0, 0x3e, 0x1, 0xf4, 0x0, 0x3e, 0x67,
    0xff, 0xff, 0xff, 0xf0, 0x0, 0x7f, 0xf7, 0xff,
    0xff, 0xff, 0xf0, 0x7, 0xff, 0xe5, 0x55, 0xbe,
    0x55, 0x50, 0x2f, 0xff, 0x40, 0x0, 0x7c, 0x0,
    0x0, 0x2f, 0xfc, 0xf, 0xff, 0xff, 0xff, 0x80,
    0x14, 0xfc, 0xf, 0xff, 0xff, 0xff, 0xd0, 0x0,
    0xfc, 0x6, 0xfd, 0x55, 0x6f, 0xc0, 0x0, 0xf8,
    0x0, 0xbe, 0x0, 0x3f, 0x80, 0x0, 0xf8, 0x0,
    0x3f, 0x82, 0xfe, 0x0, 0x0, 0xf4, 0x0, 0xb,
    0xff, 0xf8, 0x0, 0x1, 0xf4, 0x0, 0x3, 0xff,
    0xd0, 0x0, 0x12, 0xf0, 0x0, 0x6f, 0xff, 0xe0,
    0x0, 0x7f, 0xf0, 0x1b, 0xff, 0xeb, 0xff, 0x40,
    0xbf, 0xf0, 0xff, 0xfd, 0x0, 0xbf, 0xf8, 0x2f,
    0xd0, 0x3f, 0x40, 0x0, 0xb, 0xf0, 0x0, 0x0,
    0x0, 0x0, 0x0, 0x0, 0x40,

    /* U+6444 "摄" */
    0x0, 0xa, 0x40, 0x0, 0x0, 0x0, 0x0, 0x0,
    0xf, 0x83, 0xff, 0xff, 0xff, 0xfc, 0x0, 0x1f,
    0x43, 0xff, 0xff, 0xff, 0xfc, 0x0, 0x1f, 0x41,
    0xbe, 0x55, 0x5f, 0xd4, 0x0, 0x2f, 0x0, 0x7d,
    0x0, 0xf, 0x80, 0x6, 0xbf, 0xa0, 0x7f, 0xff,
    0xff, 0x80, 0xf, 0xff, 0xf0, 0xbf, 0xff, 0xff,
    0x40, 0xf, 0xff, 0xf0, 0xbc, 0x0, 0x1f, 0x40,
    0x0, 0x3e, 0x0, 0xff, 0xff, 0xff, 0x0, 0x0,
    0x3e, 0x0, 0xff, 0xff, 0xff, 0x0, 0x0, 0x7d,
    0x0, 0xf8, 0x0, 0x3f, 0x54, 0x0, 0x7e, 0x8f,
    0xff, 0xff, 0xff, 0xf8, 0x0, 0xbf, 0xcf, 0xff,
    0xff, 0xff, 0xf4, 0x6, 0xff, 0xc5, 0x55, 0x0,
    0x3e, 0x0, 0x3f, 0xfe, 0x0, 0x0, 0x0, 0x0,
    0x0, 0x3f, 0xfc, 0x3f, 0xff, 0x6f, 0xff, 0xf0,
    0x34, 0xf8, 0x3f, 0xff, 0xef, 0xff, 0xf4, 0x0,
    0xf8, 0x0, 0xf, 0x8f, 0x42, 0xf0, 0x1, 0xf4,
    0x2e, 0x1f, 0xb, 0x83, 0xe0, 0x1, 0xf4, 0x1f,
    0xbe, 0x3, 0xcf, 0xc0, 0x2, 0xf4, 0x7, 0xfc,
    0x2, 0xff, 0x40, 0x2, 0xf0, 0x3, 0xf4, 0x0,
    0xfe, 0x0, 0x13, 0xf0, 0xf, 0xfc, 0x3, 0xfe,
    0x0, 0x7f, 0xf0, 0x7f, 0xbf, 0x2f, 0xff, 0xc0,
    0x7f, 0xe3, 0xfd, 0x1a, 0xff, 0x47, 0xf4, 0x1f,
    0xc2, 0xf0, 0x1, 0xf8, 0x0, 0xfc, 0x0, 0x0,
    0x0, 0x0, 0x10, 0x0, 0x10,

    /* U+6491 "撑" */
    0x0, 0xa, 0x40, 0x0, 0xf, 0x80, 0x0, 0x0,
    0xf, 0x80, 0x3d, 0xf, 0x82, 0xf0, 0x0, 0x1f,
    0x40, 0x2f, 0xf, 0x83, 0xd0, 0x0, 0x1f, 0x40,
    0xbf, 0xff, 0xff, 0xf4, 0x0, 0x2f, 0x43, 0xff,
    0xff, 0xff, 0xfc, 0xb, 0xff, 0xf3, 0xe5, 0x55,
    0x55, 0xbc, 0xb, 0xff, 0xf3, 0xd0, 0x0, 0x0,
    0x7c, 0xb, 0xff, 0xf3, 0xff, 0xff, 0xff, 0xfc,
    0x0, 0x3f, 0x1, 0xbf, 0xff, 0xff, 0xd4, 0x0,
    0x3e, 0x0, 0x7c, 0x0, 0xb, 0xc0, 0x0, 0x3e,
    0x0, 0xbf, 0xff, 0xff, 0x80, 0x0, 0x7d, 0x60,
    0xbf, 0xff, 0xff, 0x80, 0x0, 0x7f, 0xf0, 0x0,
    0x0, 0x0, 0x0, 0x1, 0xff, 0xe2, 0xab, 0xff,
    0xff, 0xe0, 0x1f, 0xfe, 0x43, 0xff, 0xff, 0xff,
    0xd0, 0x2f, 0xfc, 0x1, 0x54, 0x3f, 0x0, 0x0,
    0x29, 0xfc, 0x0, 0x0, 0x3f, 0x0, 0x0, 0x0,
    0xf8, 0x3, 0xff, 0xff, 0xff, 0xd0, 0x0, 0xf8,
    0x3, 0xff, 0xff, 0xff, 0xc0, 0x1, 0xf4, 0x0,
    0x0, 0x7d, 0x0, 0x0, 0x1, 0xf4, 0x3f, 0xff,
    0xff, 0xff, 0xf4, 0x2, 0xf0, 0x3f, 0xff, 0xff,
    0xff, 0xf4, 0x12, 0xf0, 0x0, 0x0, 0xbc, 0x0,
    0x0, 0x7f, 0xf0, 0x0, 0x50, 0xfc, 0x0, 0x0,
    0x7f, 0xf0, 0x0, 0xbf, 0xfc, 0x0, 0x0, 0x1b,
    0xc0, 0x0, 0x7f, 0xf4, 0x0, 0x0, 0x0, 0x0,
    0x0, 0x1, 0x50, 0x0, 0x0,

    /* U+652F "支" */
    0x0, 0x0, 0x0, 0x1a, 0x40, 0x0, 0x0, 0x0,
    0x0, 0x0, 0xbe, 0x0, 0x0, 0x0, 0x0, 0x0,
    0x2, 0xf8, 0x0, 0x0, 0x0, 0x0, 0x0, 0xf,
    0xe0, 0x0, 0x0, 0x3, 0xff, 0xff, 0xff, 0xff,
    0xff, 0xf8, 0xf, 0xff, 0xff, 0xff, 0xff, 0xff,
    0xe0, 0x3f, 0xff, 0xff, 0xff, 0xff, 0xff, 0x40,
    0x0, 0x0, 0xf, 0xc0, 0x0, 0x0, 0x0, 0x0,
    0x0, 0x7f, 0x0, 0x0, 0x0, 0x0, 0x0, 0x1,
    0xfc, 0x0, 0x0, 0x0, 0xf, 0xff, 0xff, 0xff,
    0xff, 0x80, 0x0, 0x3f, 0xff, 0xff, 0xff, 0xff,
    0xc0, 0x0, 0xff, 0xff, 0xff, 0xff, 0xfe, 0x0,
    0x0, 0x3f, 0x40, 0x0, 0x7, 0xf4, 0x0, 0x0,
    0x7f, 0x0, 0x0, 0x7f, 0x80, 0x0, 0x0, 0xbf,
    0x0, 0x7, 0xfc, 0x0, 0x0, 0x0, 0xff, 0x0,
    0x7f, 0xc0, 0x0, 0x0, 0x0, 0xff, 0xb, 0xfc,
    0x0, 0x0, 0x0, 0x0, 0xff, 0xff, 0xc0, 0x0,
    0x0, 0x0, 0x0, 0xff, 0xf8, 0x0, 0x0, 0x0,
    0x0, 0xb, 0xff, 0xd0, 0x0, 0x0, 0x0, 0x6,
    0xff, 0xff, 0xf4, 0x0, 0x0, 0x2, 0xff, 0xf8,
    0x3f, 0xfd, 0x0, 0x2, 0xff, 0xfe, 0x0, 0x1f,
    0xff, 0x90, 0x3f, 0xff, 0x40, 0x0, 0x7, 0xff,
    0xf0, 0x3f, 0x40, 0x0, 0x0, 0x1, 0xbf, 0x0,
    0x0, 0x0, 0x0, 0x0, 0x0, 0x14, 0x0,

    /* U+653E "放" */
    0x0, 0x2, 0xf0, 0x0, 0xa, 0x80, 0x0, 0x0,
    0x2, 0xf4, 0x0, 0xf, 0x80, 0x0, 0x0, 0x1,
    0xf4, 0x0, 0x1f, 0x40, 0x0, 0x6, 0xaa, 0xfe,
    0xa8, 0x3f, 0x95, 0x55, 0xb, 0xff, 0xff, 0xfc,
    0x3f, 0xff, 0xfe, 0xb, 0xff, 0xff, 0xf8, 0x7f,
    0xff, 0xfd, 0x0, 0x3f, 0x0, 0x0, 0xfc, 0x3,
    0xf0, 0x0, 0x3e, 0x0, 0x0, 0xf8, 0x3, 0xe0,
    0x0, 0x3e, 0x0, 0x2, 0xf4, 0x7, 0xd0, 0x0,
    0x3f, 0xaa, 0x43, 0xf8, 0xb, 0xc0, 0x0, 0x7f,
    0xff, 0xc7, 0xfc, 0xf, 0xc0, 0x0, 0x7f, 0xff,
    0xcb, 0xfc, 0x1f, 0x80, 0x0, 0xbc, 0xb, 0xcf,
    0xfe, 0x2f, 0x0, 0x0, 0xfc, 0xb, 0xdf, 0x7f,
    0x3f, 0x0, 0x0, 0xfc, 0xf, 0xc0, 0x1f, 0xfd,
    0x0, 0x0, 0xf8, 0xf, 0xc0, 0xf, 0xfc, 0x0,
    0x1, 0xf4, 0xf, 0x80, 0xb, 0xf4, 0x0, 0x2,
    0xf0, 0xf, 0x80, 0x7, 0xf0, 0x0, 0x3, 0xf0,
    0xf, 0x40, 0xf, 0xf0, 0x0, 0x3, 0xe0, 0x1f,
    0x40, 0x1f, 0xfc, 0x0, 0x7, 0xd0, 0x1f, 0x0,
    0x3f, 0xfd, 0x0, 0xf, 0xc0, 0x2f, 0x0, 0xfd,
    0x3f, 0x0, 0xf, 0xc4, 0x2f, 0x3, 0xf8, 0x2f,
    0xc0, 0x2f, 0x4f, 0xfe, 0xb, 0xf0, 0xf, 0xe0,
    0x3f, 0xf, 0xfe, 0x2f, 0xc0, 0x7, 0xf4, 0xbd,
    0x6, 0xf8, 0x7f, 0x0, 0x2, 0xf8, 0x4, 0x0,
    0x0, 0x4, 0x0, 0x0, 0x40,

    /* U+6548 "效" */
    0x0, 0x2, 0xa0, 0x0, 0xa, 0x80, 0x0, 0x0,
    0x3, 0xf0, 0x0, 0x1f, 0x80, 0x0, 0x0, 0x2,
    0xf4, 0x0, 0x3f, 0x0, 0x0, 0x1, 0x56, 0xf9,
    0x54, 0x3f, 0x0, 0x0, 0x7, 0xff, 0xff, 0xfc,
    0x7f, 0xff, 0xfe, 0xb, 0xff, 0xff, 0xfc, 0xff,
    0xff, 0xfe, 0x0, 0x0, 0x0, 0x0, 0xff, 0xff,
    0xfd, 0x0, 0x7e, 0x1f, 0x41, 0xf8, 0x3, 0xe0,
    0x0, 0xfc, 0xf, 0xc3, 0xf0, 0xb, 0xd0, 0x2,
    0xf4, 0x7, 0xd3, 0xf0, 0xf, 0xc0, 0x7, 0xf0,
    0x3, 0xfb, 0xf4, 0xf, 0x80, 0xf, 0xd0, 0x2,
    0xff, 0xfc, 0x1f, 0x40, 0x1, 0x50, 0x5, 0x5f,
    0xfc, 0x3f, 0x0, 0x1, 0xf4, 0x1f, 0x6f, 0x7d,
    0x7e, 0x0, 0x0, 0xfc, 0x3f, 0x15, 0x3f, 0xbd,
    0x0, 0x0, 0x3f, 0x7e, 0x0, 0x1f, 0xfc, 0x0,
    0x0, 0x1f, 0xfc, 0x0, 0xf, 0xf4, 0x0, 0x0,
    0xf, 0xf4, 0x0, 0xb, 0xf0, 0x0, 0x0, 0x7,
    0xf0, 0x0, 0xf, 0xf0, 0x0, 0x0, 0xf, 0xf4,
    0x0, 0x2f, 0xf4, 0x0, 0x0, 0x3f, 0xfc, 0x0,
    0x7f, 0xfc, 0x0, 0x0, 0xfe, 0x7e, 0x0, 0xfd,
    0x7e, 0x0, 0x3, 0xfc, 0x3f, 0x3, 0xf8, 0x3f,
    0x40, 0xf, 0xf0, 0x1f, 0x8f, 0xe0, 0xf, 0xd0,
    0x7f, 0xc0, 0x9, 0x3f, 0xc0, 0xb, 0xf0, 0x2e,
    0x0, 0x0, 0xbf, 0x0, 0x3, 0xf4, 0x0, 0x0,
    0x0, 0x0, 0x0, 0x0, 0x0,

    /* U+6570 "数" */
    0x0, 0x0, 0x14, 0x0, 0x5, 0x40, 0x0, 0x2,
    0xe0, 0xbc, 0x29, 0xf, 0xc0, 0x0, 0x1, 0xf4,
    0xfc, 0x7c, 0xf, 0x80, 0x0, 0x0, 0xf8, 0xfc,
    0xf8, 0x2f, 0x40, 0x0, 0x0, 0x68, 0xf9, 0xa0,
    0x3f, 0xaa, 0xaa, 0x5, 0x56, 0xfd, 0x54, 0x3f,
    0xff, 0xfe, 0xb, 0xff, 0xff, 0xfc, 0xbf, 0xff,
    0xfe, 0xf, 0xff, 0xff, 0xfc, 0xfc, 0x3, 0xe0,
    0x0, 0xf, 0xfd, 0x1, 0xf8, 0x7, 0xd0, 0x0,
    0x7f, 0xff, 0xc2, 0xf8, 0xb, 0xd0, 0x2, 0xff,
    0xf7, 0xf7, 0xfc, 0xf, 0xc0, 0x1f, 0xe3, 0xf0,
    0xfb, 0xfd, 0xf, 0x80, 0x3f, 0x43, 0xd0, 0xf,
    0xfe, 0x1f, 0x40, 0x8, 0xa, 0x80, 0x1f, 0x7f,
    0x3f, 0x0, 0x0, 0x1f, 0x80, 0x5, 0x1f, 0x7e,
    0x0, 0x1f, 0xff, 0xff, 0xe0, 0xf, 0xfd, 0x0,
    0x1f, 0xff, 0xff, 0xf0, 0xb, 0xfc, 0x0, 0x6,
    0xfd, 0x5b, 0xf0, 0x3, 0xf4, 0x0, 0x2, 0xf4,
    0xb, 0xe0, 0x3, 0xf0, 0x0, 0x7, 0xf0, 0x2f,
    0xc0, 0xf, 0xf8, 0x0, 0x7, 0xfd, 0xbf, 0x0,
    0x2f, 0xfc, 0x0, 0x0, 0xbf, 0xfc, 0x0, 0x7f,
    0x7e, 0x0, 0x0, 0x3f, 0xfd, 0x0, 0xfd, 0x3f,
    0x40, 0x7, 0xff, 0xff, 0xc3, 0xf8, 0xf, 0xc0,
    0x7f, 0xf8, 0x1f, 0xcf, 0xe0, 0xb, 0xe0, 0x3f,
    0x40, 0x2, 0x1f, 0xc0, 0x3, 0xf4, 0x0, 0x0,
    0x0, 0x1, 0x0, 0x0, 0x40,

    /* U+6587 "文" */
    0x0, 0x0, 0x0, 0x29, 0x0, 0x0, 0x0, 0x0,
    0x0, 0x0, 0x3f, 0x0, 0x0, 0x0, 0x0, 0x0,
    0x0, 0x2f, 0x80, 0x0, 0x0, 0x0, 0x0, 0x0,
    0x1f, 0xc0, 0x0, 0x0, 0x2, 0xff, 0xff, 0xff,
    0xff, 0xff, 0xfc, 0x3, 0xff, 0xff, 0xff, 0xff,
    0xff, 0xfc, 0x2, 0xaf, 0xfa, 0xaa, 0xaa, 0xfe,
    0xa8, 0x0, 0x3, 0xf0, 0x0, 0x1, 0xfc, 0x0,
    0x0, 0x2, 0xf8, 0x0, 0x3, 0xf4, 0x0, 0x0,
    0x0, 0xfc, 0x0, 0x7, 0xf0, 0x0, 0x0, 0x0,
    0xbe, 0x0, 0xf, 0xd0, 0x0, 0x0, 0x0, 0x3f,
    0x0, 0x1f, 0xc0, 0x0, 0x0, 0x0, 0x2f, 0xc0,
    0x3f, 0x40, 0x0, 0x0, 0x0, 0xf, 0xd0, 0xfe,
    0x0, 0x0, 0x0, 0x0, 0x7, 0xf2, 0xfc, 0x0,
    0x0, 0x0, 0x0, 0x3, 0xff, 0xf0, 0x0, 0x0,
    0x0, 0x0, 0x0, 0xff, 0xd0, 0x0, 0x0, 0x0,
    0x0, 0x0, 0xff, 0xc0, 0x0, 0x0, 0x0, 0x0,
    0x3, 0xff, 0xe0, 0x0, 0x0, 0x0, 0x0, 0x1f,
    0xff, 0xf8, 0x0, 0x0, 0x0, 0x0, 0xbf, 0xd2,
    0xff, 0x0, 0x0, 0x0, 0x7, 0xff, 0x40, 0xbf,
    0xd0, 0x0, 0x0, 0x7f, 0xf8, 0x0, 0x1f, 0xf8,
    0x0, 0x7, 0xff, 0xd0, 0x0, 0x7, 0xff, 0x40,
    0x3f, 0xfd, 0x0, 0x0, 0x0, 0xbf, 0xf0, 0xf,
    0xd0, 0x0, 0x0, 0x0, 0x1f, 0xd0, 0x1, 0x0,
    0x0, 0x0, 0x0, 0x1, 0x0,

    /* U+659C "斜" */
    0x0, 0x1, 0xaa, 0x0, 0x0, 0x3, 0xe0, 0x0,
    0xb, 0xff, 0xc0, 0x0, 0x3, 0xe0, 0x0, 0x1f,
    0xff, 0xd0, 0x0, 0x7, 0xe0, 0x0, 0x3f, 0x3,
    0xf0, 0x74, 0x7, 0xd0, 0x0, 0xbd, 0x1, 0xf4,
    0xbe, 0x7, 0xd0, 0x1, 0xfc, 0x0, 0xfc, 0x7f,
    0xcb, 0xc0, 0x3, 0xf0, 0x0, 0x7d, 0xb, 0xcb,
    0xc0, 0xf, 0xfa, 0xaa, 0xbf, 0x1, 0xcf, 0xc0,
    0x2f, 0xff, 0xff, 0xfe, 0x0, 0xf, 0xc0, 0x6,
    0x7f, 0xff, 0xd0, 0x40, 0xf, 0x80, 0x0, 0x1,
    0xf0, 0x0, 0xf4, 0xf, 0x80, 0x0, 0x2, 0xf0,
    0x1, 0xff, 0x1f, 0x40, 0x5, 0x57, 0xf5, 0x50,
    0x7f, 0x5f, 0x40, 0xb, 0xff, 0xff, 0xf4, 0xb,
    0x1f, 0x0, 0xf, 0xff, 0xff, 0xf4, 0x0, 0x2f,
    0x0, 0x0, 0x3, 0xe0, 0x0, 0x0, 0x2f, 0xfc,
    0x1, 0x43, 0xe1, 0x40, 0x5b, 0xff, 0xfc, 0x7,
    0xc7, 0xd3, 0xc3, 0xff, 0xff, 0xe4, 0xf, 0xc7,
    0xd3, 0xd3, 0xff, 0xfe, 0x0, 0xf, 0x47, 0xc3,
    0xe2, 0x90, 0x3e, 0x0, 0x2f, 0xb, 0xc2, 0xe0,
    0x0, 0x7d, 0x0, 0x3f, 0xb, 0xc2, 0xf0, 0x0,
    0x7d, 0x0, 0x3d, 0xf, 0xc1, 0xf0, 0x0, 0xbc,
    0x0, 0x1, 0xff, 0xc0, 0x0, 0x0, 0xbc, 0x0,
    0x1, 0xff, 0x80, 0x0, 0x0, 0xfc, 0x0, 0x0,
    0xbe, 0x0, 0x0, 0x0, 0xfc, 0x0,

    /* U+65AD "断" */
    0x0, 0x0, 0xa, 0x0, 0x0, 0x0, 0x0, 0x5,
    0x0, 0x7c, 0x0, 0x0, 0x6f, 0xc0, 0xbd, 0xe1,
    0xf2, 0xd2, 0xff, 0xff, 0x3, 0xf7, 0xcb, 0xcf,
    0x2f, 0xff, 0xf8, 0xf, 0xcf, 0x2e, 0x7c, 0xff,
    0x94, 0x0, 0x3f, 0x3c, 0xfa, 0xe3, 0xf0, 0x0,
    0x0, 0xf8, 0xb7, 0xef, 0xf, 0xc0, 0x0, 0x3,
    0xe0, 0xf, 0x40, 0x3e, 0x0, 0x0, 0x1f, 0x45,
    0x7d, 0x50, 0xf8, 0x0, 0x0, 0x7d, 0xff, 0xff,
    0xe7, 0xff, 0xff, 0xd2, 0xf7, 0xff, 0xff, 0x5f,
    0xff, 0xff, 0xb, 0xc0, 0x7f, 0x0, 0xbf, 0xff,
    0xfc, 0x2f, 0x2, 0xfe, 0x2, 0xf0, 0x2f, 0x0,
    0xfc, 0x1f, 0xfc, 0xf, 0xc0, 0xfc, 0x3, 0xf0,
    0xff, 0xfc, 0x3f, 0x3, 0xf0, 0xf, 0x8b, 0xfe,
    0xf8, 0xfc, 0xf, 0x80, 0x3e, 0x7e, 0xf5, 0xf7,
    0xe0, 0x3e, 0x1, 0xfb, 0xf3, 0xc3, 0x5f, 0x41,
    0xf4, 0x7, 0xff, 0x1f, 0x0, 0xbd, 0x7, 0xd0,
    0x1f, 0x54, 0x7c, 0x2, 0xf0, 0x2f, 0x0, 0xbc,
    0x2, 0xf0, 0xf, 0xc0, 0xbc, 0x2, 0xf0, 0x6,
    0x40, 0x7e, 0x2, 0xf0, 0xf, 0xff, 0xff, 0xfa,
    0xf4, 0xf, 0xc0, 0x3f, 0xff, 0xff, 0xef, 0xc0,
    0x3f, 0x0, 0x3f, 0xff, 0xff, 0xff, 0x0, 0xf8,
    0x0, 0x0, 0x0, 0x1, 0xb4, 0x3, 0xe0, 0x0,
    0x0, 0x0, 0x0, 0x0, 0x0, 0x0, 0x0,

    /* U+65B0 "新" */
    0x0, 0x1, 0xa0, 0x0, 0x0, 0x0, 0x0, 0x0,
    0x2, 0xf4, 0x0, 0x0, 0x1, 0xbc, 0x0, 0x1,
    0xf8, 0x0, 0x6, 0xff, 0xfc, 0x3, 0xff, 0xff,
    0xfc, 0x3f, 0xff, 0xf8, 0x3, 0xff, 0xff, 0xfc,
    0x3f, 0xe9, 0x0, 0x1, 0x55, 0x55, 0x54, 0x7e,
    0x0, 0x0, 0x0, 0x7c, 0x3, 0xd0, 0x7d, 0x0,
    0x0, 0x0, 0x3c, 0x7, 0xc0, 0xbd, 0x0, 0x0,
    0x0, 0x3d, 0xf, 0x80, 0xbc, 0x0, 0x0, 0xf,
    0xff, 0xff, 0xfc, 0xfe, 0xaa, 0xa8, 0xf, 0xff,
    0xff, 0xfc, 0xff, 0xff, 0xfc, 0xa, 0xab, 0xfa,
    0xa8, 0xff, 0xff, 0xfc, 0x0, 0x3, 0xf0, 0x0,
    0xf8, 0xf, 0x80, 0x0, 0x3, 0xe0, 0x1, 0xf8,
    0xf, 0x40, 0xf, 0xff, 0xff, 0xf1, 0xf4, 0x1f,
    0x40, 0xf, 0xff, 0xff, 0xf1, 0xf4, 0x1f, 0x40,
    0xa, 0xab, 0xea, 0x92, 0xf0, 0x2f, 0x0, 0x0,
    0x7, 0xd0, 0x3, 0xf0, 0x2f, 0x0, 0xb, 0xcb,
    0xcb, 0xc3, 0xf0, 0x3f, 0x0, 0xf, 0x8b, 0xc7,
    0xc3, 0xe0, 0x3f, 0x0, 0x1f, 0xf, 0xc3, 0xd7,
    0xd0, 0x3e, 0x0, 0x3e, 0xf, 0xc3, 0xeb, 0xc0,
    0x3e, 0x0, 0x7d, 0xf, 0xc2, 0xff, 0x80, 0x3e,
    0x0, 0x69, 0x5f, 0x80, 0x2f, 0x40, 0x7d, 0x0,
    0x2, 0xff, 0x40, 0x3f, 0x0, 0x7d, 0x0, 0x2,
    0xff, 0x0, 0x7d, 0x0, 0xbc, 0x0, 0x0, 0x0,
    0x0, 0x0, 0x0, 0x0, 0x0,

    /* U+65B9 "方" */
    0x0, 0x0, 0x0, 0x54, 0x0, 0x0, 0x0, 0x0,
    0x0, 0x7, 0xf0, 0x0, 0x0, 0x0, 0x0, 0x0,
    0xf, 0xd0, 0x0, 0x0, 0x0, 0x0, 0x0, 0x2f,
    0xc0, 0x0, 0x0, 0xf, 0xff, 0xff, 0xff, 0xff,
    0xff, 0xf4, 0x7f, 0xff, 0xff, 0xff, 0xff, 0xff,
    0xc1, 0xff, 0xff, 0xff, 0xff, 0xff, 0xff, 0x0,
    0x0, 0x3f, 0x40, 0x0, 0x0, 0x0, 0x0, 0x0,
    0xfc, 0x0, 0x0, 0x0, 0x0, 0x0, 0x3, 0xf0,
    0x0, 0x0, 0x0, 0x0, 0x0, 0xf, 0xc0, 0x0,
    0x0, 0x0, 0x0, 0x0, 0x7f, 0xff, 0xff, 0xf8,
    0x0, 0x0, 0x2, 0xff, 0xff, 0xff, 0xf8, 0x0,
    0x0, 0xf, 0xfa, 0xaa, 0xaf, 0xe0, 0x0, 0x0,
    0x3f, 0x0, 0x0, 0x1f, 0x80, 0x0, 0x2, 0xf8,
    0x0, 0x0, 0xbd, 0x0, 0x0, 0xf, 0xd0, 0x0,
    0x2, 0xf4, 0x0, 0x0, 0x7f, 0x0, 0x0, 0xf,
    0xc0, 0x0, 0x3, 0xf8, 0x0, 0x0, 0x3f, 0x0,
    0x0, 0x1f, 0xc0, 0x0, 0x0, 0xfc, 0x0, 0x0,
    0xfe, 0x0, 0x0, 0x7, 0xe0, 0x0, 0xf, 0xf0,
    0x0, 0x0, 0x2f, 0x80, 0x0, 0x7f, 0x40, 0x3f,
    0x90, 0xbd, 0x0, 0x7, 0xf8, 0x0, 0xff, 0xff,
    0xf0, 0x0, 0x3f, 0xc0, 0x2, 0xff, 0xff, 0xc0,
    0x0, 0x6c, 0x0, 0x0, 0x1b, 0xfc, 0x0, 0x0,

    /* U+65F6 "时" */
    0x0, 0x0, 0x0, 0x0, 0x0, 0x1a, 0x0, 0x0,
    0x0, 0x0, 0x0, 0x0, 0xfc, 0x0, 0x2f, 0xff,
    0xc0, 0x0, 0x3, 0xf0, 0x0, 0xff, 0xff, 0x40,
    0x0, 0xf, 0x80, 0x7, 0xe5, 0xbd, 0x0, 0x0,
    0x3e, 0x0, 0x2f, 0x1, 0xf5, 0xaa, 0xab, 0xfe,
    0x80, 0xbc, 0x7, 0xcf, 0xff, 0xff, 0xff, 0x3,
    0xf0, 0x2f, 0x3f, 0xff, 0xff, 0xfc, 0xf, 0x80,
    0xbc, 0x0, 0x0, 0xbc, 0x0, 0x3e, 0x2, 0xf0,
    0x0, 0x3, 0xf0, 0x0, 0xf4, 0xf, 0x82, 0x90,
    0xf, 0xc0, 0x7, 0xff, 0xfe, 0xf, 0xc0, 0x3f,
    0x0, 0x1f, 0xff, 0xf8, 0x2f, 0x0, 0xf8, 0x0,
    0xbe, 0x5b, 0xd0, 0x7c, 0x3, 0xe0, 0x2, 0xf0,
    0x1f, 0x40, 0xf4, 0x1f, 0x80, 0xf, 0xc0, 0x7c,
    0x3, 0xe0, 0x7d, 0x0, 0x3e, 0x2, 0xf0, 0xf,
    0xc2, 0xf4, 0x0, 0xf8, 0xb, 0xc0, 0x2f, 0xb,
    0xc0, 0x3, 0xd0, 0x3f, 0x0, 0x0, 0x2f, 0x0,
    0xf, 0x40, 0xf8, 0x0, 0x0, 0xfc, 0x0, 0x7c,
    0x3, 0xe0, 0x0, 0x3, 0xf0, 0x1, 0xfa, 0xaf,
    0x40, 0x0, 0xf, 0x80, 0xb, 0xff, 0xfd, 0x2,
    0xd0, 0x3e, 0x0, 0x2f, 0xff, 0xf0, 0xf, 0xff,
    0xf4, 0x0, 0x0, 0x0, 0x0, 0x2f, 0xff, 0xc0,
    0x0, 0x0, 0x0, 0x0, 0x6, 0xfe, 0x0, 0x0,

    /* U+662F "是" */
    0x0, 0x2, 0xff, 0xff, 0xff, 0xfe, 0x0, 0x0,
    0x2f, 0xff, 0xff, 0xff, 0xfd, 0x0, 0x0, 0xfd,
    0x55, 0x55, 0x56, 0xf8, 0x0, 0x3, 0xf0, 0x0,
    0x0, 0xb, 0xd0, 0x0, 0xf, 0xff, 0xff, 0xff,
    0xff, 0x40, 0x0, 0x3f, 0xff, 0xff, 0xff, 0xfc,
    0x0, 0x1, 0xf8, 0x0, 0x0, 0x3, 0xf0, 0x0,
    0x7, 0xd0, 0x0, 0x0, 0xf, 0xc0, 0x0, 0x2f,
    0xff, 0xff, 0xff, 0xff, 0x0, 0x0, 0xbf, 0xff,
    0xff, 0xff, 0xf8, 0x0, 0x1, 0x55, 0x55, 0x55,
    0x55, 0x50, 0x0, 0x0, 0x0, 0x0, 0x0, 0x0,
    0x0, 0xb, 0xff, 0xff, 0xff, 0xff, 0xff, 0xf4,
    0x3f, 0xff, 0xff, 0xff, 0xff, 0xff, 0xd0, 0x6a,
    0xaa, 0xab, 0xfa, 0xaa, 0xaa, 0x0, 0x1, 0x40,
    0xf, 0xc0, 0x0, 0x0, 0x0, 0x3f, 0x0, 0x7f,
    0x0, 0x0, 0x0, 0x0, 0xfc, 0x1, 0xff, 0xff,
    0xfc, 0x0, 0x7, 0xe0, 0x7, 0xff, 0xff, 0xf0,
    0x0, 0x3f, 0xd0, 0x2f, 0x95, 0x55, 0x40, 0x1,
    0xff, 0xd0, 0xbd, 0x0, 0x0, 0x0, 0xf, 0xef,
    0xe7, 0xf4, 0x0, 0x0, 0x0, 0xfe, 0x1f, 0xff,
    0xea, 0xaa, 0xaa, 0xb, 0xf0, 0xf, 0xff, 0xff,
    0xff, 0xfc, 0x7f, 0x0, 0x6, 0xff, 0xff, 0xff,
    0xe0, 0x14, 0x0, 0x0, 0x0, 0x0, 0x0, 0x0,

    /* U+663E "显" */
    0x0, 0x2, 0xaa, 0xaa, 0xaa, 0xaa, 0x0, 0x0,
    0x3f, 0xff, 0xff, 0xff, 0xff, 0x0, 0x0, 0xff,
    0xff, 0xff, 0xff, 0xfc, 0x0, 0x7, 0xd0, 0x0,
    0x0, 0x2, 0xf0, 0x0, 0x1f, 0x40, 0x0, 0x0,
    0xf, 0xc0, 0x0, 0xbf, 0xff, 0xff, 0xff, 0xff,
    0x0, 0x2, 0xff, 0xff, 0xff, 0xff, 0xfc, 0x0,
    0xf, 0xd5, 0x55, 0x55, 0x5b, 0xe0, 0x0, 0x3f,
    0x0, 0x0, 0x0, 0x1f, 0x80, 0x0, 0xfc, 0x0,
    0x0, 0x0, 0xbd, 0x0, 0x3, 0xff, 0xff, 0xff,
    0xff, 0xf4, 0x0, 0x1f, 0xff, 0xff, 0xff, 0xff,
    0xc0, 0x0, 0x2a, 0xaf, 0xea, 0xfe, 0xaa, 0x0,
    0x1, 0x40, 0x7e, 0x7, 0xe0, 0x14, 0x0, 0x1f,
    0x81, 0xf4, 0x1f, 0x41, 0xf4, 0x0, 0x3f, 0xb,
    0xd0, 0xbd, 0xf, 0xc0, 0x0, 0xfc, 0x2f, 0x2,
    0xf0, 0x7e, 0x0, 0x2, 0xf4, 0xfc, 0xf, 0xc3,
    0xf0, 0x0, 0x7, 0xe3, 0xf0, 0x3f, 0x1f, 0x80,
    0x0, 0xf, 0xcf, 0xc0, 0xfc, 0xfc, 0x0, 0x0,
    0x0, 0x3f, 0x3, 0xe0, 0x0, 0x0, 0x0, 0x0,
    0xf8, 0x1f, 0x80, 0x0, 0x2, 0xaa, 0xaf, 0xfa,
    0xff, 0xaa, 0xaa, 0xf, 0xff, 0xff, 0xff, 0xff,
    0xff, 0xfc, 0x3f, 0xff, 0xff, 0xff, 0xff, 0xff,
    0xf0,

    /* U+6682 "暂" */
    0x0, 0xf, 0x80, 0x0, 0x0, 0x0, 0x10, 0x0,
    0xbc, 0x0, 0x0, 0x56, 0xbf, 0xc0, 0xff, 0xff,
    0xff, 0xf, 0xff, 0xfe, 0x7, 0xff, 0xff, 0xfc,
    0xbf, 0xf9, 0x40, 0x2, 0xf8, 0x50, 0x3, 0xf0,
    0x0, 0x0, 0xf, 0xc7, 0xc0, 0xf, 0x80, 0x0,
    0x0, 0xbd, 0x2f, 0x0, 0x3f, 0x55, 0x55, 0x3,
    0xff, 0xff, 0xf4, 0xff, 0xff, 0xfc, 0xb, 0xff,
    0xff, 0xc7, 0xfa, 0xff, 0xa0, 0x0, 0xf, 0x80,
    0x2f, 0x1, 0xf4, 0x0, 0x0, 0x7f, 0xac, 0xfc,
    0x7, 0xc0, 0xf, 0xff, 0xff, 0xf3, 0xe0, 0x1f,
    0x0, 0x3f, 0xff, 0xfa, 0x6f, 0x0, 0xbc, 0x0,
    0x40, 0x1f, 0x0, 0xfc, 0x2, 0xf0, 0x0, 0x0,
    0x14, 0x0, 0x0, 0x0, 0x0, 0x0, 0x1f, 0xff,
    0xff, 0xff, 0xfd, 0x0, 0x1, 0xff, 0xff, 0xff,
    0xff, 0xfc, 0x0, 0xb, 0xea, 0xaa, 0xaa, 0xab,
    0xf0, 0x0, 0x2f, 0x0, 0x0, 0x0, 0xf, 0xc0,
    0x0, 0xfd, 0x55, 0x55, 0x55, 0x7e, 0x0, 0x3,
    0xff, 0xff, 0xff, 0xff, 0xf8, 0x0, 0xf, 0xff,
    0xff, 0xff, 0xff, 0xd0, 0x0, 0x3e, 0x0, 0x0,
    0x0, 0x2f, 0x40, 0x1, 0xfd, 0x55, 0x55, 0x55,
    0xfd, 0x0, 0x7, 0xff, 0xff, 0xff, 0xff, 0xf0,
    0x0, 0x2f, 0xff, 0xff, 0xff, 0xff, 0xc0, 0x0,

    /* U+66F4 "更" */
    0x1, 0xaa, 0xaa, 0xaa, 0xaa, 0xaa, 0xa8, 0xb,
    0xff, 0xff, 0xff, 0xff, 0xff, 0xf0, 0x2f, 0xff,
    0xff, 0xff, 0xff, 0xff, 0x80, 0x0, 0x0, 0x7,
    0xe0, 0x0, 0x0, 0x0, 0x0, 0x0, 0x2f, 0x80,
    0x0, 0x0, 0x0, 0x7f, 0xff, 0xff, 0xff, 0xfd,
    0x0, 0x3, 0xff, 0xff, 0xff, 0xff, 0xfc, 0x0,
    0xf, 0x95, 0x5f, 0xd5, 0x57, 0xf0, 0x0, 0x7d,
    0x0, 0x3f, 0x0, 0xf, 0x80, 0x2, 0xff, 0xff,
    0xff, 0xff, 0xfe, 0x0, 0xb, 0xff, 0xff, 0xff,
    0xff, 0xf4, 0x0, 0x3f, 0x55, 0x6f, 0x95, 0x5f,
    0xd0, 0x0, 0xfc, 0x0, 0x7d, 0x0, 0x2f, 0x0,
    0x3, 0xf5, 0x56, 0xf9, 0x55, 0xfc, 0x0, 0xf,
    0xff, 0xff, 0xff, 0xff, 0xf0, 0x0, 0x7f, 0xff,
    0xff, 0xff, 0xff, 0xc0, 0x0, 0x0, 0x1, 0xf8,
    0x0, 0x0, 0x0, 0x1, 0xfe, 0xf, 0xd0, 0x0,
    0x0, 0x0, 0x1, 0xff, 0xbf, 0x0, 0x0, 0x0,
    0x0, 0x0, 0xbf, 0xf4, 0x0, 0x0, 0x0, 0x0,
    0x0, 0xff, 0xf9, 0x0, 0x0, 0x0, 0x0, 0x2f,
    0xff, 0xff, 0x90, 0x0, 0x0, 0x1b, 0xff, 0x46,
    0xff, 0xff, 0x94, 0xf, 0xff, 0xe0, 0x0, 0x6f,
    0xff, 0xfe, 0x2f, 0xf4, 0x0, 0x0, 0x6, 0xbf,
    0xf0, 0x24, 0x0, 0x0, 0x0, 0x0, 0x1, 0x0,

    /* U+6700 "最" */
    0x0, 0x0, 0x0, 0x0, 0x0, 0x0, 0x0, 0x0,
    0x2f, 0xff, 0xff, 0xff, 0xfd, 0x0, 0x1, 0xff,
    0xff, 0xff, 0xff, 0xfc, 0x0, 0xb, 0xd0, 0x0,
    0x0, 0x3, 0xf0, 0x0, 0x2f, 0xff, 0xff, 0xff,
    0xff, 0xc0, 0x0, 0xff, 0xff, 0xff, 0xff, 0xfe,
    0x0, 0x3, 0xf0, 0x0, 0x0, 0x1, 0xf8, 0x0,
    0xf, 0xff, 0xff, 0xff, 0xff, 0xd0, 0x0, 0x3f,
    0xff, 0xff, 0xff, 0xff, 0x40, 0x0, 0x0, 0x0,
    0x0, 0x0, 0x0, 0x0, 0x55, 0x55, 0x55, 0x55,
    0x55, 0x55, 0x43, 0xff, 0xff, 0xff, 0xff, 0xff,
    0xfe, 0xf, 0xff, 0xff, 0xff, 0xff, 0xff, 0xf4,
    0x7, 0xd0, 0xf, 0x80, 0x0, 0x0, 0x0, 0x1f,
    0x95, 0x7e, 0x2a, 0xaa, 0x94, 0x0, 0xbf, 0xff,
    0xf5, 0xff, 0xff, 0xf4, 0x2, 0xff, 0xff, 0xd7,
    0xff, 0xff, 0xd0, 0xf, 0xc0, 0x1f, 0x7, 0xc0,
    0x3f, 0x0, 0x3f, 0xff, 0xfc, 0xf, 0xc3, 0xf0,
    0x0, 0xff, 0xff, 0xf0, 0x1f, 0xbf, 0x40, 0x3,
    0xe0, 0xf, 0xc0, 0x2f, 0xf8, 0x0, 0x1f, 0x96,
    0xbf, 0xf0, 0x7f, 0xc0, 0x3, 0xff, 0xff, 0xff,
    0x8b, 0xff, 0xc0, 0xf, 0xff, 0xeb, 0xe1, 0xff,
    0x6f, 0xe0, 0x14, 0x0, 0x1f, 0x6f, 0xe0, 0x1f,
    0xf0, 0x0, 0x0, 0x7c, 0x1d, 0x0, 0xb, 0x40,
    0x0, 0x0, 0x0, 0x0, 0x0, 0x0, 0x0,

    /* U+6709 "有" */
    0x0, 0x0, 0x0, 0x69, 0x0, 0x0, 0x0, 0x0,
    0x0, 0x0, 0xfd, 0x0, 0x0, 0x0, 0x0, 0x0,
    0x0, 0xfc, 0x0, 0x0, 0x0, 0x2, 0xff, 0xff,
    0xff, 0xff, 0xff, 0xfc, 0x3, 0xff, 0xff, 0xff,
    0xff, 0xff, 0xfc, 0x2, 0xff, 0xff, 0xff, 0xff,
    0xff, 0xf8, 0x0, 0x0, 0x2f, 0xc0, 0x0, 0x0,
    0x0, 0x0, 0x0, 0x7f, 0x0, 0x0, 0x0, 0x0,
    0x0, 0x1, 0xff, 0xff, 0xff, 0xfd, 0x0, 0x0,
    0x7, 0xff, 0xff, 0xff, 0xff, 0x0, 0x0, 0x1f,
    0xfa, 0xaa, 0xaa, 0xbf, 0x0, 0x0, 0xbf, 0xf0,
    0x0, 0x0, 0x3f, 0x0, 0x2, 0xff, 0xe0, 0x0,
    0x0, 0x3f, 0x0, 0x1f, 0xff, 0xff, 0xff, 0xff,
    0xff, 0x0, 0x2f, 0xd7, 0xff, 0xff, 0xff, 0xfe,
    0x0, 0x2, 0xb, 0xe5, 0x55, 0x55, 0xbe, 0x0,
    0x0, 0xb, 0xc0, 0x0, 0x0, 0x7e, 0x0, 0x0,
    0xf, 0xc0, 0x0, 0x0, 0xbd, 0x0, 0x0, 0xf,
    0xff, 0xff, 0xff, 0xfd, 0x0, 0x0, 0xf, 0xff,
    0xff, 0xff, 0xfc, 0x0, 0x0, 0xf, 0xd5, 0x55,
    0x55, 0xfc, 0x0, 0x0, 0x1f, 0x80, 0x0, 0x0,
    0xfc, 0x0, 0x0, 0x1f, 0x80, 0x0, 0x0, 0xfc,
    0x0, 0x0, 0x2f, 0x40, 0x2, 0xff, 0xfc, 0x0,
    0x0, 0x2f, 0x40, 0x3, 0xff, 0xf8, 0x0, 0x0,
    0x2f, 0x0, 0x1, 0xaf, 0xe0, 0x0,

    /* U+672A "未" */
    0x0, 0x0, 0x0, 0x6, 0x90, 0x0, 0x0, 0x0,
    0x0, 0x0, 0x3f, 0x40, 0x0, 0x0, 0x0, 0x0,
    0x0, 0xfc, 0x0, 0x0, 0x0, 0x0, 0x0, 0x3,
    0xf0, 0x0, 0x0, 0x0, 0x2f, 0xff, 0xff, 0xff,
    0xff, 0xd0, 0x0, 0xff, 0xff, 0xff, 0xff, 0xff,
    0x80, 0x3, 0xff, 0xff, 0xff, 0xff, 0xfd, 0x0,
    0x0, 0x0, 0xb, 0xe0, 0x0, 0x0, 0x0, 0x0,
    0x0, 0x2f, 0x40, 0x0, 0x0, 0x0, 0x0, 0x0,
    0xfd, 0x0, 0x0, 0x0, 0x0, 0x0, 0x3, 0xf0,
    0x0, 0x0, 0x1, 0xff, 0xff, 0xff, 0xff, 0xff,
    0xfe, 0x7, 0xff, 0xff, 0xff, 0xff, 0xff, 0xf8,
    0x1f, 0xff, 0xff, 0xff, 0xff, 0xff, 0xd0, 0x0,
    0x0, 0x7f, 0xfd, 0x0, 0x0, 0x0, 0x0, 0x3,
    0xff, 0xfc, 0x0, 0x0, 0x0, 0x0, 0x3f, 0xfe,
    0xfc, 0x0, 0x0, 0x0, 0x7, 0xf7, 0xf5, 0xfc,
    0x0, 0x0, 0x0, 0x7f, 0x8f, 0xc2, 0xfc, 0x0,
    0x0, 0xb, 0xf4, 0x3f, 0x3, 0xfc, 0x0, 0x0,
    0xff, 0x40, 0xfc, 0x3, 0xfd, 0x0, 0x2f, 0xf0,
    0x7, 0xf0, 0x3, 0xfe, 0x7, 0xfe, 0x0, 0x1f,
    0x80, 0x3, 0xff, 0xb, 0xd0, 0x0, 0xbe, 0x0,
    0x2, 0xf8, 0x0, 0x0, 0x2, 0xf4, 0x0, 0x1,
    0x0, 0x0, 0x0, 0xf, 0xd0, 0x0, 0x0, 0x0,

    /* U+672C "本" */
    0x0, 0x0, 0x0, 0xb, 0xd0, 0x0, 0x0, 0x0,
    0x0, 0x0, 0xf, 0xc0, 0x0, 0x0, 0x0, 0x0,
    0x0, 0xf, 0xc0, 0x0, 0x0, 0x0, 0x0, 0x0,
    0xf, 0xc0, 0x0, 0x0, 0x0, 0x0, 0x0, 0xf,
    0xc0, 0x0, 0x0, 0x1, 0xff, 0xff, 0xff, 0xff,
    0xff, 0xfc, 0x2, 0xff, 0xff, 0xff, 0xff, 0xff,
    0xfc, 0x2, 0xff, 0xff, 0xff, 0xff, 0xff, 0xf8,
    0x0, 0x0, 0x7, 0xff, 0xfc, 0x0, 0x0, 0x0,
    0x0, 0xf, 0xff, 0xbd, 0x0, 0x0, 0x0, 0x0,
    0x2f, 0xbf, 0x3f, 0x0, 0x0, 0x0, 0x0, 0x3f,
    0x3f, 0x1f, 0x0, 0x0, 0x0, 0x0, 0xfd, 0x3f,
    0xf, 0xc0, 0x0, 0x0, 0x2, 0xf8, 0x3f, 0xb,
    0xd0, 0x0, 0x0, 0x7, 0xf0, 0x7e, 0x3, 0xf0,
    0x0, 0x0, 0x1f, 0xd0, 0x7e, 0x2, 0xf8, 0x0,
    0x0, 0x7f, 0x80, 0xbd, 0x0, 0xfc, 0x0, 0x0,
    0xfe, 0x0, 0xbd, 0x0, 0x7f, 0x0, 0x3, 0xfc,
    0xaa, 0xff, 0xa9, 0x3f, 0x80, 0x1f, 0xf0, 0xff,
    0xff, 0xfd, 0xf, 0xe0, 0x7f, 0xc1, 0xff, 0xff,
    0xfd, 0x7, 0xf4, 0x1f, 0x0, 0x0, 0xfc, 0x0,
    0x2, 0xf4, 0x0, 0x0, 0x1, 0xfc, 0x0, 0x0,
    0x0, 0x0, 0x0, 0x1, 0xf8, 0x0, 0x0, 0x0,
    0x0, 0x0, 0x1, 0xf8, 0x0, 0x0, 0x0, 0x0,
    0x0, 0x2, 0xf4, 0x0, 0x0, 0x0,

    /* U+6761 "条" */
    0x0, 0x0, 0x2f, 0x40, 0x0, 0x0, 0x0, 0x0,
    0x2, 0xfc, 0x0, 0x0, 0x0, 0x0, 0x0, 0x1f,
    0xff, 0xff, 0xff, 0xd0, 0x0, 0x1, 0xff, 0xff,
    0xff, 0xff, 0xc0, 0x0, 0xf, 0xe5, 0x55, 0x55,
    0xff, 0x0, 0x0, 0xff, 0xe0, 0x0, 0xf, 0xf0,
    0x0, 0xf, 0xff, 0xf4, 0x2, 0xff, 0x0, 0x0,
    0xff, 0xb, 0xfd, 0x7f, 0xe0, 0x0, 0x6, 0xa0,
    0x7, 0xff, 0xfd, 0x0, 0x0, 0x0, 0x0, 0x6f,
    0xff, 0xf9, 0x0, 0x0, 0x1, 0xbf, 0xff, 0xaf,
    0xff, 0xa4, 0x3, 0xff, 0xff, 0x90, 0x7, 0xff,
    0xfe, 0xb, 0xfe, 0x40, 0x2f, 0x0, 0x6f, 0xf0,
    0x9, 0x0, 0x0, 0xfc, 0x0, 0x1, 0x40, 0x2a,
    0xaa, 0xab, 0xfa, 0xaa, 0xa9, 0x1, 0xff, 0xff,
    0xff, 0xff, 0xff, 0xf8, 0x7, 0xff, 0xff, 0xff,
    0xff, 0xff, 0xe0, 0x0, 0x0, 0x1, 0xf8, 0x0,
    0x0, 0x0, 0x0, 0xa9, 0x7, 0xe0, 0xa8, 0x0,
    0x0, 0xb, 0xf0, 0x2f, 0x42, 0xf8, 0x0, 0x0,
    0x7f, 0x0, 0xbd, 0x3, 0xf4, 0x0, 0x7, 0xf0,
    0x3, 0xf0, 0x7, 0xf0, 0x0, 0x7f, 0x40, 0xf,
    0xc0, 0xb, 0xf0, 0x3, 0xf4, 0x2e, 0xbf, 0x0,
    0xf, 0xd0, 0x2a, 0x40, 0xff, 0xfc, 0x0, 0xf,
    0xc0, 0x0, 0x1, 0xff, 0xd0, 0x0, 0x0, 0x0,
    0x0, 0x0, 0x0, 0x0, 0x0, 0x0, 0x0,

    /* U+6784 "构" */
    0x0, 0x1, 0xa0, 0x0, 0xa4, 0x0, 0x0, 0x0,
    0xf, 0xc0, 0xb, 0xd0, 0x0, 0x0, 0x0, 0x3f,
    0x0, 0x3f, 0x0, 0x0, 0x0, 0x0, 0xf8, 0x2,
    0xfe, 0xaa, 0xa4, 0x0, 0x7, 0xe0, 0xf, 0xff,
    0xff, 0xf8, 0x1f, 0xff, 0xfc, 0xbf, 0xff, 0xff,
    0xf0, 0x7f, 0xff, 0xf3, 0xf0, 0x0, 0xf, 0xc1,
    0xab, 0xfa, 0xaf, 0x40, 0x0, 0x3e, 0x0, 0x1f,
    0xd0, 0xfc, 0x50, 0x1, 0xf8, 0x0, 0xff, 0xcb,
    0xd7, 0xd0, 0x7, 0xd0, 0x7, 0xff, 0x40, 0x3f,
    0x0, 0x2f, 0x40, 0x3f, 0xff, 0x1, 0xf4, 0x0,
    0xbc, 0x1, 0xff, 0xfd, 0xf, 0xca, 0x43, 0xf0,
    0xf, 0xfd, 0xfc, 0x7d, 0x3e, 0xf, 0xc0, 0xbe,
    0xf5, 0xf3, 0xf0, 0xbc, 0x3f, 0x3, 0xeb, 0xc1,
    0x1f, 0x41, 0xf0, 0xfc, 0x3f, 0x2f, 0x0, 0xfc,
    0xb, 0xc7, 0xe2, 0xf4, 0xfc, 0x7, 0xff, 0xff,
    0x5f, 0x47, 0x83, 0xf0, 0x2f, 0xff, 0xfe, 0xbd,
    0x0, 0xf, 0x80, 0x2a, 0x50, 0xba, 0xf0, 0x0,
    0x3e, 0x0, 0x0, 0x0, 0xf, 0xc0, 0x1, 0xf4,
    0x0, 0x0, 0x0, 0x3f, 0x0, 0x7, 0xd0, 0x0,
    0x6, 0x40, 0xfc, 0x0, 0x2f, 0x0, 0x0, 0x2f,
    0xff, 0xe0, 0x0, 0xbc, 0x0, 0x0, 0xbf, 0xff,
    0x0, 0x3, 0xf0, 0x0, 0x0, 0x1a, 0xf4, 0x0,

    /* U+6790 "析" */
    0x0, 0x1, 0xa4, 0x0, 0x0, 0x0, 0x0, 0x0,
    0x2, 0xf4, 0x0, 0x0, 0x16, 0xfc, 0x0, 0x2,
    0xf0, 0x1, 0xff, 0xff, 0xfc, 0x0, 0x3, 0xf0,
    0x7, 0xff, 0xff, 0xf8, 0x0, 0x3, 0xf0, 0xb,
    0xfa, 0x94, 0x0, 0x2, 0xab, 0xfa, 0x8b, 0xd0,
    0x0, 0x0, 0x7, 0xff, 0xff, 0x8f, 0xc0, 0x0,
    0x0, 0x7, 0xff, 0xff, 0x8f, 0xc0, 0x0, 0x0,
    0x0, 0xb, 0xd0, 0xf, 0xc0, 0x0, 0x0, 0x0,
    0x1f, 0xf0, 0xf, 0xea, 0xaa, 0xa8, 0x0, 0x3f,
    0xf4, 0xf, 0xff, 0xff, 0xfc, 0x0, 0x7f, 0xfc,
    0x1f, 0xff, 0xff, 0xfc, 0x0, 0xff, 0xfe, 0x1f,
    0x80, 0x7e, 0x0, 0x3, 0xff, 0xaf, 0x2f, 0x40,
    0x7d, 0x0, 0xb, 0xef, 0x8f, 0x6f, 0x0, 0xbd,
    0x0, 0x1f, 0xdf, 0x48, 0x3f, 0x0, 0xbc, 0x0,
    0x3f, 0x1f, 0x40, 0x3f, 0x0, 0xfc, 0x0, 0xbd,
    0x2f, 0x0, 0x7e, 0x0, 0xfc, 0x0, 0x18, 0x2f,
    0x0, 0xbd, 0x0, 0xfc, 0x0, 0x0, 0x3f, 0x0,
    0xfc, 0x0, 0xfc, 0x0, 0x0, 0x3f, 0x0, 0xfc,
    0x0, 0xf8, 0x0, 0x0, 0x3e, 0x2, 0xf8, 0x1,
    0xf8, 0x0, 0x0, 0x3e, 0x3, 0xf4, 0x1, 0xf4,
    0x0, 0x0, 0x7d, 0x7, 0xf0, 0x2, 0xf4, 0x0,
    0x0, 0x7d, 0xf, 0xd0, 0x2, 0xf4, 0x0, 0x0,
    0xbc, 0xb, 0xc0, 0x2, 0xf0, 0x0, 0x0, 0x0,
    0x0, 0x0, 0x0, 0x0, 0x0,

    /* U+679C "果" */
    0x0, 0x1, 0x55, 0x55, 0x55, 0x55, 0x0, 0x0,
    0x3f, 0xff, 0xff, 0xff, 0xfe, 0x0, 0x1, 0xff,
    0xff, 0xff, 0xff, 0xfc, 0x0, 0xb, 0xc0, 0x7,
    0xe0, 0x3, 0xf0, 0x0, 0x2f, 0x0, 0x1f, 0x80,
    0xf, 0xc0, 0x0, 0xff, 0xff, 0xff, 0xff, 0xfe,
    0x0, 0x3, 0xff, 0xff, 0xff, 0xff, 0xf8, 0x0,
    0xf, 0xd5, 0x5f, 0xd5, 0x5b, 0xd0, 0x0, 0x3e,
    0x0, 0x3f, 0x0, 0x2f, 0x40, 0x1, 0xf9, 0x55,
    0xfd, 0x55, 0xfc, 0x0, 0x7, 0xff, 0xff, 0xff,
    0xff, 0xf0, 0x0, 0x2f, 0xff, 0xff, 0xff, 0xff,
    0xc0, 0x0, 0x0, 0x0, 0x7e, 0x0, 0x0, 0x0,
    0x15, 0x55, 0x56, 0xf9, 0x55, 0x55, 0x40, 0xff,
    0xff, 0xff, 0xff, 0xff, 0xff, 0x3, 0xff, 0xff,
    0xff, 0xff, 0xff, 0xfc, 0x0, 0x0, 0xb, 0xff,
    0xc0, 0x0, 0x0, 0x0, 0x0, 0xff, 0xff, 0xc0,
    0x0, 0x0, 0x0, 0x2f, 0xff, 0xef, 0xd0, 0x0,
    0x0, 0x7, 0xfe, 0x3f, 0x1f, 0xf0, 0x0, 0x2,
    0xff, 0xc1, 0xf8, 0x1f, 0xf8, 0x1, 0xbf, 0xf4,
    0x7, 0xe0, 0xb, 0xfe, 0x7, 0xfd, 0x0, 0x1f,
    0x40, 0x7, 0xff, 0x83, 0x40, 0x0, 0xbd, 0x0,
    0x1, 0xf8, 0x0, 0x0, 0x2, 0xf4, 0x0, 0x0,
    0x40,

    /* U+67E5 "查" */
    0x0, 0x0, 0x0, 0xa, 0x80, 0x0, 0x0, 0x0,
    0x0, 0x0, 0x1f, 0x80, 0x0, 0x0, 0x0, 0x55,
    0x55, 0x6f, 0x95, 0x55, 0x50, 0x1, 0xff, 0xff,
    0xff, 0xff, 0xff, 0xf8, 0x1, 0xff, 0xff, 0xff,
    0xff, 0xff, 0xf4, 0x0, 0x0, 0xb, 0xff, 0xfd,
    0x0, 0x0, 0x0, 0x0, 0x2f, 0xff, 0x7f, 0x40,
    0x0, 0x0, 0x1, 0xfe, 0x3f, 0xf, 0xe0, 0x0,
    0x0, 0x1f, 0xf4, 0x3f, 0x3, 0xfd, 0x0, 0x2,
    0xff, 0xc0, 0x3e, 0x0, 0xbf, 0xd0, 0x2f, 0xfd,
    0x0, 0x0, 0x0, 0x1f, 0xfc, 0xb, 0x9b, 0xff,
    0xff, 0xff, 0xf9, 0xf4, 0x0, 0x1f, 0xff, 0xff,
    0xff, 0xfc, 0x0, 0x0, 0x2f, 0x40, 0x0, 0x0,
    0xbd, 0x0, 0x0, 0x2f, 0x40, 0x0, 0x0, 0xfc,
    0x0, 0x0, 0x3f, 0xff, 0xff, 0xff, 0xfc, 0x0,
    0x0, 0x3f, 0xff, 0xff, 0xff, 0xfc, 0x0, 0x0,
    0x3f, 0x0, 0x0, 0x0, 0xfc, 0x0, 0x0, 0x3f,
    0x0, 0x0, 0x1, 0xf8, 0x0, 0x0, 0x7f, 0xff,
    0xff, 0xff, 0xf8, 0x0, 0x0, 0x7f, 0xff, 0xff,
    0xff, 0xf4, 0x0, 0x0, 0x15, 0x55, 0x55, 0x55,
    0x50, 0x0, 0x0, 0x0, 0x0, 0x0, 0x0, 0x0,
    0x0, 0x1a, 0xaa, 0xaa, 0xaa, 0xaa, 0xaa, 0xa0,
    0x3f, 0xff, 0xff, 0xff, 0xff, 0xff, 0xf0, 0x3f,
    0xff, 0xff, 0xff, 0xff, 0xff, 0xe0,

    /* U+6807 "标" */
    0x0, 0x2, 0x90, 0x0, 0x0, 0x0, 0x0, 0x0,
    0x3, 0xe0, 0x0, 0x0, 0x0, 0x0, 0x0, 0x7,
    0xe0, 0xf, 0xff, 0xff, 0xf4, 0x0, 0x7, 0xd0,
    0xf, 0xff, 0xff, 0xf4, 0x0, 0xb, 0xd0, 0xa,
    0xaa, 0xaa, 0xa0, 0x2, 0xaf, 0xea, 0x0, 0x0,
    0x0, 0x0, 0x7, 0xff, 0xff, 0x0, 0x0, 0x0,
    0x0, 0x6, 0xbf, 0xea, 0x0, 0x0, 0x0, 0x0,
    0x0, 0x2f, 0xc0, 0x6a, 0xaa, 0xaa, 0xa8, 0x0,
    0x3f, 0xe0, 0xff, 0xff, 0xff, 0xfc, 0x0, 0xbf,
    0xf0, 0xff, 0xff, 0xff, 0xfc, 0x0, 0xff, 0xfc,
    0x0, 0xf, 0xc0, 0x0, 0x2, 0xff, 0xbd, 0x0,
    0xf, 0xc0, 0x0, 0x3, 0xff, 0x7f, 0x2f, 0xf,
    0x8b, 0x80, 0xf, 0xef, 0x18, 0x3e, 0x1f, 0x8b,
    0xc0, 0x1f, 0x6f, 0x0, 0x7c, 0x1f, 0x47, 0xc0,
    0x3f, 0x3f, 0x0, 0xbc, 0x1f, 0x43, 0xd0, 0x7d,
    0x3f, 0x0, 0xf8, 0x2f, 0x43, 0xe0, 0x4, 0x3e,
    0x2, 0xf0, 0x2f, 0x3, 0xf0, 0x0, 0x3e, 0x3,
    0xf0, 0x3f, 0x2, 0xf0, 0x0, 0x7e, 0x7, 0xd0,
    0x3f, 0x1, 0xf0, 0x0, 0x7d, 0xb, 0xc0, 0x3f,
    0x0, 0xf4, 0x0, 0x7d, 0x0, 0x0, 0x3e, 0x0,
    0x50, 0x0, 0xbc, 0x0, 0x2f, 0xfe, 0x0, 0x0,
    0x0, 0xbc, 0x0, 0x2f, 0xfd, 0x0, 0x0, 0x0,
    0xfc, 0x0, 0xb, 0xfc, 0x0, 0x0, 0x0, 0x0,
    0x0, 0x0, 0x0, 0x0, 0x0,

    /* U+6839 "根" */
    0x0, 0x3, 0xd0, 0x0, 0x0, 0x0, 0x0, 0x0,
    0xf, 0x40, 0xa, 0xaa, 0xaa, 0x0, 0x0, 0x7d,
    0x0, 0xff, 0xff, 0xff, 0x0, 0x1, 0xf0, 0x7,
    0xff, 0xff, 0xfd, 0x0, 0xb, 0xc0, 0x2f, 0x0,
    0x1, 0xf4, 0x2f, 0xff, 0xfc, 0xbc, 0x0, 0xb,
    0xc0, 0xbf, 0xff, 0xf3, 0xf5, 0x55, 0x7f, 0x2,
    0xaf, 0xfa, 0x8f, 0xff, 0xff, 0xfc, 0x0, 0x2f,
    0xc0, 0x3f, 0xff, 0xff, 0xf0, 0x0, 0xff, 0x40,
    0xf8, 0x0, 0xf, 0x80, 0xb, 0xff, 0x7, 0xd0,
    0x0, 0x3e, 0x0, 0x3f, 0xfe, 0x1f, 0x40, 0x1,
    0xf4, 0x2, 0xff, 0xbc, 0xbf, 0xff, 0xff, 0xd0,
    0x1f, 0xfc, 0xfa, 0xff, 0xff, 0xff, 0x0, 0xfe,
    0xf2, 0xef, 0xef, 0xea, 0xa8, 0xb, 0xdb, 0xc1,
    0x3f, 0xf, 0x80, 0x4, 0x7e, 0x3f, 0x0, 0xf8,
    0x3f, 0x6, 0xe2, 0xf0, 0xf8, 0x3, 0xe0, 0x7e,
    0xff, 0x41, 0x43, 0xe0, 0x1f, 0x40, 0xff, 0xf8,
    0x0, 0xf, 0x80, 0x7d, 0x1, 0xfd, 0x0, 0x0,
    0x7d, 0x2, 0xf0, 0x2, 0xf4, 0x0, 0x1, 0xf4,
    0xb, 0xc0, 0x13, 0xf4, 0x0, 0xb, 0xc0, 0x3f,
    0x2f, 0x87, 0xf4, 0x0, 0x2f, 0x0, 0xff, 0xfe,
    0x7, 0xf8, 0x0, 0xbc, 0x3, 0xff, 0xe0, 0x7,
    0xf8, 0x3, 0xf0, 0x7, 0xe4, 0x0, 0x7, 0x40,

    /* U+6846 "框" */
    0x0, 0x0, 0xa4, 0x0, 0x0, 0x0, 0x0, 0x0,
    0x0, 0x7d, 0x0, 0x55, 0x55, 0x55, 0x40, 0x0,
    0x1f, 0x40, 0xff, 0xff, 0xff, 0xf4, 0x0, 0xb,
    0xc0, 0x7f, 0xff, 0xff, 0xfc, 0x0, 0x2, 0xf0,
    0x1f, 0x40, 0x0, 0x0, 0x0, 0xff, 0xff, 0xeb,
    0xd0, 0x0, 0x0, 0x0, 0x3f, 0xff, 0xf6, 0xf3,
    0xff, 0xff, 0xd0, 0xa, 0xbf, 0xe8, 0xfc, 0xff,
    0xff, 0xf4, 0x0, 0xf, 0xe0, 0x3f, 0x2a, 0xbf,
    0xa8, 0x0, 0x7, 0xfc, 0xf, 0xc0, 0xf, 0x80,
    0x0, 0x3, 0xff, 0x83, 0xe0, 0x7, 0xe0, 0x0,
    0x1, 0xff, 0xf1, 0xf8, 0x1, 0xf4, 0x0, 0x0,
    0xff, 0xfe, 0x7d, 0x3f, 0xff, 0xf4, 0x0, 0xbf,
    0xf7, 0xef, 0x4f, 0xff, 0xfd, 0x0, 0x3e, 0xfc,
    0xff, 0xc1, 0x5f, 0xd5, 0x0, 0x3f, 0x3e, 0x12,
    0xf0, 0x3, 0xf0, 0x0, 0x1f, 0x4f, 0x80, 0xfc,
    0x0, 0xfc, 0x0, 0xf, 0xc7, 0xd0, 0x3f, 0x0,
    0x3e, 0x0, 0x0, 0x81, 0xf4, 0xf, 0x85, 0x6f,
    0xd5, 0x40, 0x0, 0x7c, 0x3, 0xeb, 0xff, 0xff,
    0xf0, 0x0, 0x2f, 0x1, 0xf6, 0xff, 0xff, 0xfc,
    0x0, 0xb, 0xc0, 0x7d, 0x0, 0x0, 0x0, 0x0,
    0x3, 0xf0, 0x2f, 0x0, 0x0, 0x0, 0x0, 0x0,
    0xf8, 0xb, 0xea, 0xaa, 0xaa, 0xa0, 0x0, 0x3e,
    0x3, 0xff, 0xff, 0xff, 0xfc, 0x0, 0xf, 0x40,
    0xff, 0xff, 0xff, 0xff, 0x0,

    /* U+684C "桌" */
    0x0, 0x0, 0x0, 0x1a, 0x40, 0x0, 0x0, 0x0,
    0x0, 0x0, 0xbe, 0x0, 0x0, 0x0, 0x0, 0x0,
    0x3, 0xff, 0xff, 0xff, 0x0, 0x0, 0x0, 0xf,
    0xff, 0xff, 0xfc, 0x0, 0x0, 0x0, 0x3f, 0x0,
    0x0, 0x0, 0x0, 0x5, 0x55, 0xfd, 0x55, 0x50,
    0x0, 0x1, 0xff, 0xff, 0xff, 0xff, 0xf4, 0x0,
    0xf, 0xff, 0xff, 0xff, 0xff, 0xf0, 0x0, 0x3f,
    0x0, 0x0, 0x0, 0xf, 0xc0, 0x0, 0xff, 0xff,
    0xff, 0xff, 0xfe, 0x0, 0x3, 0xff, 0xff, 0xff,
    0xff, 0xf4, 0x0, 0x1f, 0x80, 0x0, 0x0, 0xb,
    0xd0, 0x0, 0x7e, 0x55, 0x55, 0x55, 0x6f, 0x0,
    0x2, 0xff, 0xff, 0xff, 0xff, 0xfc, 0x0, 0xb,
    0xff, 0xff, 0xff, 0xff, 0xf0, 0x0, 0x0, 0x0,
    0x1f, 0x80, 0x0, 0x0, 0x5, 0x55, 0x55, 0xbe,
    0x55, 0x55, 0x50, 0x3f, 0xff, 0xff, 0xff, 0xff,
    0xff, 0xc0, 0xff, 0xff, 0xff, 0xff, 0xff, 0xff,
    0x0, 0x0, 0xb, 0xff, 0xfd, 0x0, 0x0, 0x0,
    0x2, 0xff, 0xfe, 0xfe, 0x0, 0x0, 0x0, 0xbf,
    0xd3, 0xf1, 0xff, 0x80, 0x0, 0x2f, 0xf8, 0xf,
    0x80, 0xbf, 0xe0, 0xf, 0xfe, 0x0, 0x7e, 0x0,
    0x7f, 0xfd, 0x1f, 0x80, 0x1, 0xf4, 0x0, 0x1f,
    0xf0, 0x10, 0x0, 0xb, 0xd0, 0x0, 0x2, 0x0,

    /* U+68C0 "检" */
    0x0, 0x0, 0xa4, 0x0, 0x0, 0x0, 0x0, 0x0,
    0x0, 0x7d, 0x0, 0x1f, 0xff, 0xe0, 0x0, 0x0,
    0x1f, 0x40, 0xf, 0xff, 0xfc, 0x0, 0x0, 0xb,
    0xc0, 0xb, 0xea, 0xaf, 0x80, 0x0, 0x2, 0xf0,
    0x3, 0xf0, 0x3, 0xf0, 0x0, 0x6a, 0xfe, 0xa3,
    0xf4, 0x0, 0x7d, 0x0, 0x2f, 0xff, 0xf9, 0xfc,
    0x0, 0xf, 0xc0, 0xf, 0xff, 0xfe, 0xfd, 0x0,
    0x2, 0xf4, 0x0, 0xb, 0xe0, 0xbf, 0x55, 0x55,
    0x7e, 0x0, 0x3, 0xfc, 0x3f, 0x7f, 0xff, 0xcf,
    0xc0, 0x2, 0xff, 0x6f, 0x8f, 0xff, 0xf1, 0xf8,
    0x0, 0xff, 0xf0, 0x80, 0x0, 0x0, 0x14, 0x0,
    0xff, 0xfd, 0x0, 0x0, 0x0, 0x0, 0x0, 0x7f,
    0xfb, 0xcf, 0x4b, 0xc0, 0x3f, 0x0, 0x3e, 0xfc,
    0xf7, 0xe1, 0xf0, 0xf, 0x80, 0x2f, 0x7e, 0x3d,
    0xf8, 0x7d, 0xb, 0xd0, 0x1f, 0x8f, 0x84, 0x2f,
    0xf, 0x43, 0xf0, 0xb, 0xc7, 0xd0, 0xb, 0xc3,
    0xe1, 0xf8, 0x0, 0x41, 0xf4, 0x1, 0xf4, 0xfc,
    0xbc, 0x0, 0x0, 0xbc, 0x0, 0x3d, 0x2f, 0x3f,
    0x0, 0x0, 0x2f, 0x0, 0xf, 0x8b, 0xef, 0x40,
    0x0, 0xf, 0xc0, 0x0, 0x0, 0xf, 0xc0, 0x0,
    0x3, 0xf0, 0x0, 0x0, 0x7, 0xe0, 0x0, 0x0,
    0xf8, 0x1a, 0xaa, 0xab, 0xfe, 0xa4, 0x0, 0x3e,
    0xb, 0xff, 0xff, 0xff, 0xfd, 0x0, 0x1f, 0x42,
    0xff, 0xff, 0xff, 0xff, 0x40,

    /* U+6A21 "模" */
    0x0, 0x7, 0xd0, 0x0, 0x50, 0x5, 0x0, 0x0,
    0x7, 0xc0, 0x1, 0xf0, 0x1f, 0x40, 0x0, 0xb,
    0xc0, 0x56, 0xf5, 0x6f, 0x54, 0x0, 0xb, 0xc0,
    0xff, 0xff, 0xff, 0xfe, 0x0, 0xf, 0xc0, 0xff,
    0xff, 0xff, 0xfd, 0xb, 0xff, 0xfe, 0x3, 0xe0,
    0x2f, 0x0, 0xf, 0xff, 0xfe, 0x1, 0x90, 0x19,
    0x0, 0xa, 0xaf, 0xe9, 0x2f, 0xff, 0xff, 0xd0,
    0x0, 0x2f, 0x80, 0x7f, 0xff, 0xff, 0xf0, 0x0,
    0x3f, 0xc0, 0x7c, 0x0, 0x2, 0xf0, 0x0, 0xbf,
    0xe0, 0xbc, 0x0, 0x3, 0xf0, 0x0, 0xff, 0xf0,
    0xbf, 0xff, 0xff, 0xe0, 0x2, 0xff, 0xf8, 0xff,
    0xff, 0xff, 0xe0, 0x7, 0xff, 0x7c, 0xf8, 0x0,
    0x3, 0xd0, 0xf, 0xff, 0x38, 0xff, 0xff, 0xff,
    0xd0, 0x2f, 0x7e, 0x0, 0xff, 0xff, 0xff, 0xc0,
    0x7e, 0x3e, 0x0, 0x0, 0x3f, 0x0, 0x0, 0xbc,
    0x3e, 0x0, 0x0, 0x7e, 0x0, 0x0, 0x14, 0x7d,
    0xf, 0xff, 0xff, 0xff, 0xf8, 0x0, 0x7d, 0xf,
    0xff, 0xff, 0xff, 0xf8, 0x0, 0xbc, 0x5, 0x57,
    0xff, 0x95, 0x50, 0x0, 0xbc, 0x0, 0xf, 0xef,
    0xd0, 0x0, 0x0, 0xbc, 0x0, 0x7f, 0x83, 0xfc,
    0x0, 0x0, 0xfc, 0x7, 0xfd, 0x0, 0xbf, 0x80,
    0x0, 0xf8, 0x3f, 0xe0, 0x0, 0x1f, 0xf4, 0x0,
    0xf8, 0xe, 0x40, 0x0, 0x2, 0xe0, 0x0, 0x0,
    0x0, 0x0, 0x0, 0x0, 0x0,

    /* U+6B21 "次" */
    0x0, 0x0, 0x0, 0x5, 0x40, 0x0, 0x0, 0x0,
    0x0, 0x0, 0x3f, 0x0, 0x0, 0x0, 0x14, 0x0,
    0x2, 0xf4, 0x0, 0x0, 0x0, 0xbc, 0x0, 0xf,
    0xc0, 0x0, 0x0, 0x2, 0xfe, 0x0, 0x7f, 0xff,
    0xff, 0xf4, 0x7, 0xff, 0x43, 0xff, 0xff, 0xff,
    0xf0, 0x2, 0xfd, 0xf, 0xea, 0xaa, 0xbf, 0x80,
    0x0, 0xb4, 0xbe, 0x0, 0x0, 0xbd, 0x0, 0x0,
    0x43, 0xf0, 0x0, 0x3, 0xf0, 0x0, 0x0, 0x1f,
    0x82, 0xf0, 0x1f, 0x80, 0x0, 0x0, 0xfc, 0xf,
    0xc0, 0xfc, 0x0, 0x0, 0x7, 0xf0, 0x3f, 0x3,
    0xf0, 0x0, 0x0, 0x0, 0x0, 0xfc, 0x1a, 0x40,
    0x0, 0x7e, 0x0, 0x7, 0xf0, 0x0, 0x0, 0x3,
    0xf4, 0x0, 0x2f, 0xc0, 0x0, 0x0, 0xf, 0xc0,
    0x0, 0xff, 0x80, 0x0, 0x0, 0xbe, 0x0, 0xb,
    0xff, 0x0, 0x0, 0x3, 0xf0, 0x0, 0x3f, 0xbd,
    0x0, 0x0, 0x1f, 0x80, 0x2, 0xf8, 0xfc, 0x0,
    0x0, 0xfd, 0x0, 0x1f, 0xc2, 0xf8, 0x0, 0x7,
    0xf0, 0x1, 0xfc, 0x3, 0xf4, 0x0, 0x2f, 0x40,
    0x1f, 0xd0, 0x7, 0xf0, 0x0, 0xfc, 0x1, 0xfe,
    0x0, 0xb, 0xf0, 0xb, 0xe0, 0x2f, 0xe0, 0x0,
    0xf, 0xf0, 0x3f, 0x2, 0xfe, 0x0, 0x0, 0xf,
    0xf0, 0x0, 0x7, 0xd0, 0x0, 0x0, 0xf, 0x40,
    0x0, 0x0, 0x0, 0x0, 0x0, 0x0, 0x0,

    /* U+6B63 "正" */
    0x1, 0xff, 0xff, 0xff, 0xff, 0xff, 0xf8, 0x7,
    0xff, 0xff, 0xff, 0xff, 0xff, 0xd0, 0x1f, 0xff,
    0xff, 0xff, 0xff, 0xff, 0x40, 0x0, 0x0, 0x3,
    0xf4, 0x0, 0x0, 0x0, 0x0, 0x0, 0xf, 0xc0,
    0x0, 0x0, 0x0, 0x0, 0x0, 0x3f, 0x0, 0x0,
    0x0, 0x0, 0x0, 0x0, 0xfc, 0x0, 0x0, 0x0,
    0x3, 0xe0, 0x7, 0xf0, 0x0, 0x0, 0x0, 0x1f,
    0x80, 0x1f, 0xc0, 0x0, 0x0, 0x0, 0x7e, 0x0,
    0x7e, 0x0, 0x0, 0x0, 0x2, 0xf8, 0x2, 0xff,
    0xff, 0xfc, 0x0, 0xb, 0xd0, 0xb, 0xff, 0xff,
    0xe0, 0x0, 0x2f, 0x40, 0x3f, 0xea, 0xaa, 0x40,
    0x0, 0xfc, 0x0, 0xfc, 0x0, 0x0, 0x0, 0x3,
    0xf0, 0x3, 0xf0, 0x0, 0x0, 0x0, 0xf, 0xc0,
    0xf, 0xc0, 0x0, 0x0, 0x0, 0x3f, 0x0, 0x7f,
    0x0, 0x0, 0x0, 0x1, 0xfc, 0x1, 0xfc, 0x0,
    0x0, 0x0, 0x7, 0xe0, 0x7, 0xe0, 0x0, 0x0,
    0x0, 0x1f, 0x80, 0x2f, 0x80, 0x0, 0x0, 0x0,
    0xbd, 0x0, 0xbd, 0x0, 0x0, 0x0, 0xff, 0xff,
    0xff, 0xff, 0xff, 0xff, 0xc3, 0xff, 0xff, 0xff,
    0xff, 0xff, 0xff, 0xf, 0xff, 0xff, 0xff, 0xff,
    0xff, 0xfc,

    /* U+6BB5 "段" */
    0x0, 0x0, 0x0, 0x0, 0x0, 0x0, 0x0, 0x0,
    0x1, 0x6f, 0xf0, 0x6a, 0xa9, 0x0, 0x0, 0x2f,
    0xff, 0xe1, 0xff, 0xff, 0x80, 0x0, 0x7f, 0xff,
    0x92, 0xff, 0xff, 0xc0, 0x0, 0xbe, 0x0, 0x3,
    0xf0, 0xf, 0x80, 0x0, 0xbc, 0x0, 0x3, 0xe0,
    0xf, 0x40, 0x0, 0xfc, 0x0, 0x7, 0xd0, 0xf,
    0x40, 0x0, 0xff, 0xff, 0x8b, 0xc0, 0x1f, 0x0,
    0x0, 0xff, 0xff, 0x8f, 0xc0, 0x2f, 0xfc, 0x0,
    0xfd, 0x55, 0x2f, 0x40, 0x1f, 0xfc, 0x1, 0xf8,
    0x0, 0x3f, 0x0, 0x6, 0x94, 0x1, 0xf4, 0x0,
    0x0, 0x0, 0x0, 0x0, 0x2, 0xfa, 0xaa, 0x3f,
    0xff, 0xff, 0xc0, 0x2, 0xff, 0xff, 0x3f, 0xff,
    0xff, 0xd0, 0x3, 0xff, 0xff, 0x2f, 0xea, 0xaf,
    0xd0, 0x3, 0xf0, 0x0, 0xb, 0xc0, 0xf, 0xc0,
    0x3, 0xf0, 0x0, 0x3, 0xe0, 0x2f, 0x40, 0x3,
    0xe0, 0x5b, 0x82, 0xf0, 0x7f, 0x0, 0x1b, 0xff,
    0xff, 0x80, 0xfd, 0xfc, 0x0, 0x3f, 0xff, 0xff,
    0x40, 0x7f, 0xf0, 0x0, 0x7f, 0xf9, 0x40, 0x0,
    0x3f, 0xd0, 0x0, 0x1b, 0xc0, 0x0, 0x1, 0xff,
    0xe0, 0x0, 0xb, 0xc0, 0x0, 0xb, 0xfb, 0xfc,
    0x0, 0xf, 0xc0, 0x0, 0xbf, 0xd0, 0xbf, 0x80,
    0xf, 0xc0, 0x7, 0xfe, 0x0, 0x2f, 0xf4, 0xf,
    0x80, 0x1, 0xe0, 0x0, 0x3, 0xe0, 0x0, 0x0,
    0x0, 0x0, 0x0, 0x0, 0x40,

    /* U+6BCF "每" */
    0x0, 0xb, 0xe0, 0x0, 0x0, 0x0, 0x0, 0x1,
    0xfc, 0x0, 0x0, 0x0, 0x0, 0x0, 0x3f, 0xff,
    0xff, 0xff, 0xff, 0xd0, 0xb, 0xff, 0xff, 0xff,
    0xff, 0xfd, 0x1, 0xfe, 0xaa, 0xaa, 0xaa, 0xaa,
    0x80, 0x3f, 0x40, 0x0, 0x0, 0x0, 0x0, 0xb,
    0xe0, 0x55, 0x55, 0x55, 0x40, 0x1, 0xfc, 0xbf,
    0xff, 0xff, 0xff, 0x80, 0x15, 0x1f, 0xff, 0xff,
    0xff, 0xfc, 0x0, 0x1, 0xf4, 0x5, 0x0, 0xf,
    0xc0, 0x0, 0x2f, 0x0, 0xfc, 0x0, 0xfc, 0x0,
    0x3, 0xf0, 0x7, 0xe0, 0xf, 0xc0, 0x0, 0x3e,
    0x0, 0x15, 0x0, 0xf8, 0x7, 0xff, 0xff, 0xff,
    0xff, 0xff, 0xff, 0x7f, 0xff, 0xff, 0xff, 0xff,
    0xff, 0xf1, 0x5f, 0xe5, 0x55, 0x55, 0x7f, 0x95,
    0x0, 0xfc, 0x2, 0xf0, 0x2, 0xf0, 0x0, 0xf,
    0xc0, 0x1f, 0x80, 0x2f, 0x0, 0x0, 0xf8, 0x0,
    0xfc, 0x3, 0xf0, 0x0, 0x1f, 0x95, 0x55, 0x55,
    0x7f, 0x50, 0x1, 0xff, 0xff, 0xff, 0xff, 0xff,
    0x80, 0x2f, 0xff, 0xff, 0xff, 0xff, 0xf4, 0x0,
    0x0, 0x0, 0x0, 0x7, 0xe0, 0x0, 0x0, 0x0,
    0x7, 0xfa, 0xfd, 0x0, 0x0, 0x0, 0x0, 0xbf,
    0xff, 0xc0, 0x0, 0x0, 0x0, 0x1, 0xaf, 0xf4,
    0x0,

    /* U+6BEB "毫" */
    0x0, 0x0, 0x0, 0xa8, 0x0, 0x0, 0x0, 0x0,
    0x0, 0xb, 0xd0, 0x0, 0x0, 0xb, 0xff, 0xff,
    0xff, 0xff, 0xff, 0xe0, 0xff, 0xff, 0xff, 0xff,
    0xff, 0xfe, 0x5, 0x55, 0x55, 0x55, 0x55, 0x55,
    0x40, 0x1, 0xaa, 0xaa, 0xaa, 0xaa, 0x0, 0x0,
    0x3f, 0xff, 0xff, 0xff, 0xf8, 0x0, 0x7, 0xc0,
    0x0, 0x0, 0xf, 0xc0, 0x0, 0xbf, 0xff, 0xff,
    0xff, 0xf8, 0x0, 0xb, 0xff, 0xff, 0xff, 0xff,
    0x80, 0x0, 0x0, 0x0, 0x0, 0x0, 0x0, 0x0,
    0xbf, 0xff, 0xff, 0xff, 0xff, 0xf8, 0x1f, 0xff,
    0xff, 0xff, 0xff, 0xff, 0xc2, 0xf0, 0x0, 0x0,
    0x0, 0x0, 0xbc, 0x2f, 0x2a, 0xaa, 0xff, 0xff,
    0xcf, 0xc1, 0x97, 0xff, 0xff, 0xff, 0xf8, 0x68,
    0x0, 0x10, 0x7, 0xe0, 0x0, 0x0, 0x0, 0x2b,
    0xff, 0xff, 0xff, 0xff, 0xc0, 0x3, 0xff, 0xff,
    0xff, 0xaa, 0xa8, 0x0, 0x0, 0x0, 0xbd, 0x0,
    0x0, 0x0, 0x0, 0x15, 0x5f, 0xfa, 0xff, 0xff,
    0x47, 0xff, 0xff, 0xff, 0xff, 0xff, 0xf4, 0x7f,
    0xfa, 0xaf, 0xe5, 0x55, 0x40, 0x0, 0x0, 0x0,
    0xfd, 0x0, 0x5, 0xb0, 0x0, 0x0, 0xf, 0xff,
    0xff, 0xff, 0x0, 0x0, 0x0, 0x7f, 0xff, 0xff,
    0x90,

    /* U+6C34 "水" */
    0x0, 0x0, 0x0, 0xb, 0xd0, 0x0, 0x0, 0x0,
    0x0, 0x0, 0xf, 0xc0, 0x0, 0x0, 0x0, 0x0,
    0x0, 0xf, 0xc0, 0x0, 0x0, 0x0, 0x0, 0x0,
    0xf, 0xc0, 0x0, 0x0, 0x0, 0x0, 0x0, 0xf,
    0xc0, 0x0, 0x0, 0x0, 0x0, 0x0, 0xf, 0xc0,
    0x0, 0x74, 0x2, 0xff, 0xfd, 0x1f, 0xc0, 0x3,
    0xf0, 0x2, 0xff, 0xff, 0x1f, 0xd0, 0x2f, 0xf0,
    0x1, 0xaa, 0xff, 0x2f, 0xe1, 0xff, 0xd0, 0x0,
    0x0, 0x7f, 0x2f, 0xff, 0xfd, 0x0, 0x0, 0x0,
    0xbd, 0x3f, 0xff, 0xd0, 0x0, 0x0, 0x0, 0xfc,
    0x3f, 0xfe, 0x0, 0x0, 0x0, 0x2, 0xf8, 0x3f,
    0x7e, 0x0, 0x0, 0x0, 0x3, 0xf0, 0x3f, 0x3f,
    0x0, 0x0, 0x0, 0xb, 0xe0, 0x3f, 0x1f, 0x80,
    0x0, 0x0, 0x1f, 0xc0, 0x7e, 0xf, 0xd0, 0x0,
    0x0, 0x3f, 0x40, 0x7e, 0x7, 0xf0, 0x0, 0x0,
    0xbf, 0x0, 0xbe, 0x2, 0xfc, 0x0, 0x2, 0xfc,
    0x0, 0xbd, 0x0, 0xfe, 0x0, 0x7, 0xf4, 0x0,
    0xfd, 0x0, 0x7f, 0x80, 0x1f, 0xe0, 0x0, 0xfc,
    0x0, 0x2f, 0xe0, 0x7f, 0x80, 0x0, 0xfc, 0x0,
    0xf, 0xf4, 0x2f, 0x2, 0x90, 0xfc, 0x0, 0x3,
    0xe4, 0x0, 0x2, 0xff, 0xfc, 0x0, 0x0, 0x0,
    0x0, 0x3, 0xff, 0xf8, 0x0, 0x0, 0x0, 0x0,
    0x0, 0x6f, 0xe0, 0x0, 0x0, 0x0,

    /* U+6CD5 "法" */
    0x0, 0x0, 0x0, 0x0, 0x2f, 0x40, 0x0, 0x1,
    0xd0, 0x0, 0x0, 0xbc, 0x0, 0x0, 0xb, 0xf4,
    0x0, 0x3, 0xf0, 0x0, 0x0, 0x2f, 0xf8, 0x0,
    0xf, 0xc0, 0x0, 0x0, 0x1f, 0xe2, 0xaa, 0xbf,
    0xaa, 0xa0, 0x0, 0x7, 0x8f, 0xff, 0xff, 0xff,
    0xc0, 0x0, 0x0, 0x3f, 0xff, 0xff, 0xff, 0x1,
    0xc0, 0x0, 0x0, 0x1f, 0x80, 0x0, 0x7, 0xe0,
    0x0, 0x0, 0x7d, 0x0, 0x0, 0x2f, 0xf4, 0x0,
    0x2, 0xf4, 0x0, 0x0, 0x2f, 0xf0, 0x0, 0xb,
    0xc0, 0x0, 0x0, 0xf, 0x80, 0x0, 0x3f, 0x0,
    0x0, 0x0, 0x6, 0x3f, 0xff, 0xff, 0xff, 0xf8,
    0x0, 0x0, 0xff, 0xff, 0xff, 0xff, 0xe0, 0x0,
    0x2, 0xaa, 0xbf, 0xaa, 0xaa, 0x40, 0xa, 0x80,
    0x3, 0xf8, 0x0, 0x0, 0x0, 0x7e, 0x0, 0x1f,
    0xc0, 0x0, 0x0, 0x3, 0xf0, 0x0, 0xfd, 0x7,
    0xd0, 0x0, 0xf, 0xc0, 0xb, 0xe0, 0xf, 0xc0,
    0x0, 0xbe, 0x0, 0x7f, 0x0, 0x2f, 0x40, 0x3,
    0xf0, 0x3, 0xf4, 0x0, 0x3f, 0x0, 0x1f, 0xc0,
    0x3f, 0x80, 0x0, 0xfc, 0x0, 0xbd, 0x2, 0xfc,
    0x5, 0xbf, 0xf8, 0x3, 0xf0, 0xf, 0xff, 0xff,
    0xff, 0xf0, 0x2f, 0x80, 0x3f, 0xff, 0xff, 0xab,
    0xe0, 0xfc, 0x0, 0xbf, 0xe9, 0x40, 0xf, 0xc0,
    0x0, 0x0, 0x0, 0x0, 0x0, 0x0, 0x0,

    /* U+6D4B "测" */
    0x0, 0x0, 0x0, 0x0, 0x0, 0x0, 0x15, 0x2,
    0x40, 0x6, 0xaa, 0x90, 0x0, 0x3e, 0x3, 0xe0,
    0x2f, 0xff, 0xf4, 0x0, 0x7d, 0x3, 0xfe, 0x3f,
    0xff, 0xf8, 0xbc, 0x7d, 0x1, 0xff, 0x3c, 0x0,
    0xf8, 0xfc, 0xbc, 0x0, 0x1f, 0x7c, 0x64, 0xf4,
    0xf8, 0xbc, 0x0, 0x1, 0x7c, 0xb8, 0xf4, 0xf8,
    0xbc, 0x4, 0x0, 0xbc, 0xf8, 0xf0, 0xf4, 0xfc,
    0x1f, 0x0, 0xb8, 0xf5, 0xf1, 0xf4, 0xf8, 0x2f,
    0xe0, 0xf8, 0xf5, 0xf1, 0xf0, 0xf8, 0xf, 0xf8,
    0xf4, 0xf1, 0xf2, 0xf0, 0xf4, 0x1, 0xf4, 0xf4,
    0xf2, 0xe2, 0xf1, 0xf4, 0x0, 0x10, 0xf1, 0xf2,
    0xe3, 0xf1, 0xf4, 0x0, 0x1, 0xf1, 0xf3, 0xd3,
    0xe2, 0xf0, 0x0, 0x1, 0xf2, 0xe3, 0xd3, 0xe2,
    0xf0, 0x0, 0xfa, 0xf3, 0xe3, 0xc3, 0xd3, 0xf0,
    0x1, 0xf6, 0xe3, 0xd3, 0xc7, 0xd3, 0xf0, 0x2,
    0xf1, 0x97, 0xe2, 0x87, 0xc3, 0xe0, 0x3, 0xf0,
    0xb, 0xf4, 0xb, 0xc3, 0xe0, 0x7, 0xe0, 0xf,
    0xfc, 0x6, 0x83, 0xd0, 0xb, 0xc0, 0x2f, 0x3e,
    0x0, 0x7, 0xd0, 0xf, 0xc0, 0x3d, 0x2f, 0x0,
    0x7, 0xc0, 0x1f, 0x80, 0xfc, 0xf, 0x81, 0xb,
    0xc0, 0x3f, 0x2, 0xf0, 0xb, 0xd3, 0xff, 0xc0,
    0x3f, 0x7, 0xd0, 0x3, 0x43, 0xff, 0x80, 0xbd,
    0x7, 0x80, 0x0, 0x2, 0xff, 0x0,

    /* U+6DF1 "深" */
    0x0, 0x0, 0x0, 0x0, 0x0, 0x0, 0x0, 0x3,
    0x0, 0x6, 0xaa, 0xaa, 0xaa, 0x40, 0x1f, 0x80,
    0x7f, 0xff, 0xff, 0xff, 0x40, 0x7f, 0xe2, 0xff,
    0xff, 0xff, 0xfe, 0x0, 0xbf, 0xcf, 0xc0, 0x0,
    0x1, 0xf8, 0x0, 0x2f, 0x3f, 0x0, 0x0, 0x7,
    0xd0, 0x0, 0x18, 0xfc, 0x18, 0x24, 0x1f, 0x42,
    0x40, 0x0, 0x1b, 0xe0, 0xfe, 0x0, 0xb, 0xd0,
    0x7, 0xff, 0x43, 0xff, 0xd0, 0x3f, 0xe0, 0x3f,
    0xd1, 0x51, 0xbf, 0xd0, 0x7f, 0xd1, 0xe4, 0xb,
    0xc0, 0x2f, 0x0, 0x1f, 0x40, 0x0, 0x3f, 0x0,
    0x4, 0x0, 0x8, 0x1a, 0xaa, 0xfe, 0xaa, 0xa0,
    0x0, 0x0, 0xff, 0xff, 0xff, 0xff, 0xc0, 0x0,
    0x3, 0xff, 0xff, 0xff, 0xff, 0x0, 0x1f, 0x40,
    0x2, 0xff, 0x80, 0x0, 0x0, 0xfd, 0x0, 0x1f,
    0xff, 0x0, 0x0, 0x3, 0xf0, 0x0, 0xff, 0xff,
    0x0, 0x0, 0x1f, 0x80, 0xf, 0xff, 0x7d, 0x0,
    0x0, 0xfc, 0x0, 0xfd, 0xbc, 0xfc, 0x0, 0x7,
    0xf0, 0xf, 0xe3, 0xf0, 0xfc, 0x0, 0x2f, 0x40,
    0xfe, 0xf, 0xc1, 0xfc, 0x0, 0xfc, 0x1f, 0xe0,
    0x3e, 0x2, 0xf8, 0x7, 0xe2, 0xfe, 0x0, 0xf8,
    0x3, 0xfc, 0x3f, 0x42, 0xd0, 0x7, 0xd0, 0x3,
    0xe1, 0xfc, 0x0, 0x0, 0x1f, 0x40, 0x0, 0x0,

    /* U+7070 "灰" */
    0x0, 0x0, 0x2, 0xa0, 0x0, 0x0, 0x0, 0x0,
    0x0, 0x1, 0xfc, 0x0, 0x0, 0x0, 0x0, 0x0,
    0x0, 0x7e, 0x0, 0x0, 0x0, 0x0, 0x0, 0x0,
    0x2f, 0x40, 0x0, 0x0, 0x0, 0x0, 0xbf, 0xff,
    0xff, 0xff, 0xff, 0xff, 0x0, 0x3f, 0xff, 0xff,
    0xff, 0xff, 0xff, 0xc0, 0xa, 0xab, 0xfe, 0xaa,
    0xaa, 0xaa, 0xa0, 0x0, 0x0, 0xbe, 0x0, 0x0,
    0x0, 0x0, 0x0, 0x0, 0x3f, 0x40, 0x2f, 0x0,
    0x0, 0x0, 0x0, 0xf, 0xc0, 0xf, 0xc0, 0x0,
    0x0, 0x0, 0x7, 0xf0, 0x3, 0xf0, 0x5, 0x40,
    0x0, 0x3, 0xff, 0x0, 0xfc, 0x7, 0xd0, 0x0,
    0x0, 0xff, 0xd0, 0x7e, 0x3, 0xf0, 0x0, 0x0,
    0xbf, 0xf8, 0x2f, 0x40, 0xf8, 0x0, 0x0, 0x3f,
    0xbf, 0xf, 0xd0, 0xbc, 0x0, 0x0, 0x1f, 0xcb,
    0xd7, 0xfc, 0x3f, 0x0, 0x0, 0xb, 0xe0, 0xfa,
    0xff, 0x5f, 0x40, 0x0, 0x3, 0xf4, 0x1, 0xff,
    0xf0, 0x0, 0x0, 0x2, 0xfc, 0x0, 0xfd, 0xfd,
    0x0, 0x0, 0x0, 0xfd, 0x0, 0xbf, 0x1f, 0xc0,
    0x0, 0x0, 0xff, 0x0, 0xbf, 0x42, 0xf8, 0x0,
    0x0, 0x7f, 0x0, 0xbf, 0x40, 0x3f, 0x80, 0x0,
    0x3f, 0x80, 0xbf, 0x80, 0x7, 0xf4, 0x0, 0x3f,
    0xc0, 0xff, 0x80, 0x0, 0xbf, 0x80, 0x3f, 0xc1,
    0xff, 0x40, 0x0, 0xb, 0xf8, 0x1, 0x90, 0x7f,
    0x40, 0x0, 0x0, 0xbf, 0x40, 0x0, 0x1, 0x0,
    0x0, 0x0, 0x6, 0x0,

    /* U+70B9 "点" */
    0x0, 0x0, 0x0, 0x1a, 0x40, 0x0, 0x0, 0x0,
    0x0, 0x0, 0xbd, 0x0, 0x0, 0x0, 0x0, 0x0,
    0x3, 0xf4, 0x0, 0x0, 0x0, 0x0, 0x0, 0xf,
    0xff, 0xff, 0xfd, 0x0, 0x0, 0x0, 0x3f, 0xff,
    0xff, 0xf4, 0x0, 0x0, 0x0, 0xfe, 0xaa, 0xaa,
    0x80, 0x0, 0x0, 0x7, 0xe0, 0x0, 0x0, 0x0,
    0x0, 0x0, 0x1f, 0x80, 0x0, 0x0, 0x0, 0x6,
    0xaa, 0xff, 0xaa, 0xa8, 0x0, 0x0, 0xff, 0xff,
    0xff, 0xff, 0xfc, 0x0, 0x3, 0xff, 0xff, 0xff,
    0xff, 0xf4, 0x0, 0xf, 0xc0, 0x0, 0x0, 0xf,
    0xd0, 0x0, 0x7e, 0x0, 0x0, 0x0, 0x3f, 0x0,
    0x1, 0xf4, 0x0, 0x0, 0x0, 0xfc, 0x0, 0xb,
    0xd0, 0x0, 0x0, 0x3, 0xf0, 0x0, 0x2f, 0xff,
    0xff, 0xff, 0xff, 0xc0, 0x0, 0xff, 0xff, 0xff,
    0xff, 0xfe, 0x0, 0x2, 0xaa, 0xaa, 0xaa, 0xaa,
    0xa4, 0x0, 0x0, 0x0, 0x0, 0x0, 0x0, 0x0,
    0x0, 0x54, 0x5, 0x0, 0x50, 0x5, 0x40, 0x3,
    0xf0, 0x7e, 0x3, 0xe0, 0x3f, 0x0, 0x1f, 0x80,
    0xf8, 0xf, 0xc0, 0xbd, 0x0, 0xbd, 0x3, 0xf0,
    0x3f, 0x1, 0xf8, 0x3, 0xf0, 0xf, 0xc0, 0xbd,
    0x3, 0xf0, 0x2f, 0x80, 0x3f, 0x1, 0xf8, 0xb,
    0xd0, 0xfc, 0x0, 0xfc, 0x3, 0xf0, 0x1f, 0x80,

    /* U+72B6 "状" */
    0x0, 0x0, 0x68, 0x0, 0x5, 0x40, 0x0, 0x0,
    0x0, 0xbd, 0x0, 0x1f, 0xc5, 0x0, 0x0, 0x0,
    0xbc, 0x0, 0x1f, 0x8f, 0x80, 0x0, 0x0, 0xfc,
    0x0, 0x2f, 0x4f, 0xc0, 0x7, 0xd0, 0xfc, 0x0,
    0x2f, 0x47, 0xd0, 0x3, 0xd0, 0xfc, 0x0, 0x3f,
    0x3, 0xf0, 0x3, 0xe0, 0xf8, 0x0, 0x3f, 0x0,
    0x50, 0x3, 0xf1, 0xf9, 0xff, 0xff, 0xff, 0xfc,
    0x2, 0xf1, 0xf6, 0xff, 0xff, 0xff, 0xfc, 0x2,
    0xf2, 0xf6, 0xff, 0xff, 0xff, 0xfc, 0x1, 0xf2,
    0xf0, 0x0, 0xbf, 0x0, 0x0, 0x0, 0x3, 0xf0,
    0x0, 0xff, 0x40, 0x0, 0x0, 0x3, 0xf0, 0x0,
    0xff, 0x80, 0x0, 0x0, 0xb, 0xf0, 0x1, 0xff,
    0xc0, 0x0, 0x0, 0x3f, 0xe0, 0x2, 0xff, 0xc0,
    0x0, 0x2, 0xff, 0xe0, 0x3, 0xf7, 0xe0, 0x0,
    0xf, 0xff, 0xd0, 0x7, 0xe3, 0xf0, 0x0, 0x3f,
    0xd7, 0xd0, 0xf, 0xc2, 0xf4, 0x0, 0x3e, 0xb,
    0xc0, 0x1f, 0xc1, 0xf8, 0x0, 0x24, 0xb, 0xc0,
    0x3f, 0x40, 0xfc, 0x0, 0x0, 0xf, 0xc0, 0xbf,
    0x0, 0x7f, 0x0, 0x0, 0xf, 0xc1, 0xfc, 0x0,
    0x3f, 0x40, 0x0, 0xf, 0x83, 0xf8, 0x0, 0x1f,
    0xc0, 0x0, 0xf, 0x8f, 0xf0, 0x0, 0xf, 0xe0,
    0x0, 0x1f, 0xbf, 0xc0, 0x0, 0x3, 0xf4, 0x0,
    0x1f, 0x47, 0x0, 0x0, 0x1, 0xe0, 0x0, 0x0,
    0x0, 0x0, 0x0, 0x0, 0x0,

    /* U+7387 "率" */
    0x0, 0x0, 0x0, 0xbc, 0x0, 0x0, 0x0, 0x0,
    0x0, 0x7, 0xe0, 0x0, 0x0, 0x1, 0x55, 0x55,
    0x7f, 0x55, 0x55, 0x50, 0x7f, 0xff, 0xff, 0xff,
    0xff, 0xff, 0x7, 0xff, 0xff, 0xff, 0xff, 0xff,
    0xe0, 0x0, 0x0, 0x1f, 0xd0, 0x0, 0x0, 0x3,
    0x80, 0x3, 0xf0, 0x64, 0x7, 0x40, 0x3f, 0xd1,
    0xfc, 0x1f, 0xcb, 0xf4, 0x2, 0xfe, 0x7f, 0x5b,
    0xf1, 0xff, 0x0, 0x1, 0xdf, 0xff, 0xf8, 0x1d,
    0x0, 0x0, 0x0, 0xbf, 0xfe, 0x1, 0x0, 0x0,
    0x1, 0xc0, 0x2f, 0x5a, 0x2d, 0x0, 0x0, 0xbc,
    0x1f, 0xc0, 0xf6, 0xfd, 0x0, 0xbf, 0xcb, 0xfa,
    0xff, 0x8f, 0xf8, 0x2f, 0xe1, 0xff, 0xff, 0xfc,
    0x2f, 0x83, 0xe0, 0xb, 0xea, 0x53, 0xe0, 0x78,
    0x20, 0x0, 0x0, 0x54, 0x0, 0x0, 0x0, 0x0,
    0x0, 0x1f, 0x80, 0x0, 0x0, 0x6a, 0xaa, 0xab,
    0xfe, 0xaa, 0xaa, 0x9b, 0xff, 0xff, 0xff, 0xff,
    0xff, 0xfd, 0xbf, 0xff, 0xff, 0xff, 0xff, 0xff,
    0xd0, 0x0, 0x0, 0x3f, 0x0, 0x0, 0x0, 0x0,
    0x0, 0x3, 0xf0, 0x0, 0x0, 0x0, 0x0, 0x0,
    0x3f, 0x0, 0x0, 0x0, 0x0, 0x0, 0x7, 0xe0,
    0x0, 0x0, 0x0, 0x0, 0x0, 0x7e, 0x0, 0x0,
    0x0,

    /* U+751F "生" */
    0x0, 0x0, 0x0, 0x1f, 0x40, 0x0, 0x0, 0xa,
    0x80, 0xb, 0xd0, 0x0, 0x0, 0x3, 0xf0, 0x3,
    0xf4, 0x0, 0x0, 0x1, 0xf8, 0x0, 0xfc, 0x0,
    0x0, 0x0, 0xfd, 0x0, 0x3f, 0x0, 0x0, 0x0,
    0x7f, 0xff, 0xff, 0xff, 0xff, 0xe0, 0x2f, 0xff,
    0xff, 0xff, 0xff, 0xf8, 0xf, 0xff, 0xff, 0xff,
    0xff, 0xfe, 0xb, 0xf0, 0x0, 0x7e, 0x0, 0x0,
    0x3, 0xf4, 0x0, 0x1f, 0x80, 0x0, 0x1, 0xfc,
    0x0, 0xb, 0xd0, 0x0, 0x0, 0xa9, 0x0, 0x2,
    0xf4, 0x0, 0x0, 0x0, 0x0, 0x0, 0xfc, 0x0,
    0x0, 0x0, 0x2a, 0xaa, 0xbf, 0xaa, 0xaa, 0x40,
    0x1f, 0xff, 0xff, 0xff, 0xff, 0xd0, 0x7, 0xff,
    0xff, 0xff, 0xff, 0xf4, 0x0, 0x0, 0x1, 0xfc,
    0x0, 0x0, 0x0, 0x0, 0x0, 0x7e, 0x0, 0x0,
    0x0, 0x0, 0x0, 0x1f, 0x80, 0x0, 0x0, 0x0,
    0x0, 0xb, 0xe0, 0x0, 0x0, 0x0, 0x0, 0x2,
    0xf4, 0x0, 0x0, 0x0, 0x0, 0x0, 0xbd, 0x0,
    0x0, 0x0, 0x0, 0x0, 0x3f, 0x0, 0x0, 0x1,
    0xff, 0xff, 0xff, 0xff, 0xff, 0xff, 0xbf, 0xff,
    0xff, 0xff, 0xff, 0xff, 0xef, 0xff, 0xff, 0xff,
    0xff, 0xff, 0xe0,

    /* U+7528 "用" */
    0x0, 0x1f, 0xff, 0xff, 0xff, 0xff, 0xd0, 0x0,
    0xff, 0xff, 0xff, 0xff, 0xff, 0xc0, 0x3, 0xff,
    0xff, 0xff, 0xff, 0xff, 0x40, 0x1f, 0x80, 0x3,
    0xf0, 0x0, 0xfd, 0x0, 0xbe, 0x0, 0x1f, 0x80,
    0x3, 0xf0, 0x2, 0xf4, 0x0, 0x7e, 0x0, 0xf,
    0xc0, 0xb, 0xd0, 0x2, 0xf4, 0x0, 0x3f, 0x0,
    0x3f, 0xff, 0xff, 0xff, 0xff, 0xfc, 0x0, 0xff,
    0xff, 0xff, 0xff, 0xff, 0xe0, 0x3, 0xfa, 0xaa,
    0xfe, 0xaa, 0xbf, 0x80, 0xf, 0xc0, 0x3, 0xf0,
    0x0, 0xbd, 0x0, 0x7e, 0x0, 0xf, 0xc0, 0x3,
    0xf4, 0x1, 0xf8, 0x0, 0x7e, 0x0, 0xf, 0xc0,
    0xb, 0xd0, 0x1, 0xf8, 0x0, 0x3f, 0x0, 0x2f,
    0xff, 0xff, 0xff, 0xff, 0xfc, 0x0, 0xff, 0xff,
    0xff, 0xff, 0xff, 0xf0, 0x3, 0xfa, 0xaa, 0xfe,
    0xaa, 0xbf, 0x80, 0xf, 0xc0, 0x3, 0xf0, 0x0,
    0x7e, 0x0, 0x7e, 0x0, 0xf, 0xc0, 0x2, 0xf4,
    0x2, 0xf4, 0x0, 0x3f, 0x0, 0xb, 0xd0, 0xf,
    0xc0, 0x0, 0xfc, 0x0, 0x3f, 0x40, 0x7e, 0x0,
    0x7, 0xe0, 0x0, 0xfc, 0x3, 0xf4, 0x0, 0x1f,
    0x81, 0xff, 0xf0, 0x1f, 0xc0, 0x0, 0xbd, 0x7,
    0xff, 0x80, 0xbd, 0x0, 0x2, 0xf4, 0x1f, 0xfc,
    0x0, 0x0, 0x0, 0x0, 0x0, 0x0, 0x0, 0x0,

    /* U+753B "画" */
    0xa, 0xaa, 0xaa, 0xaa, 0xaa, 0xaa, 0xa0, 0x3f,
    0xff, 0xff, 0xff, 0xff, 0xff, 0xc0, 0xff, 0xff,
    0xff, 0xff, 0xff, 0xff, 0x0, 0x0, 0x0, 0x0,
    0x0, 0x0, 0x0, 0x0, 0x0, 0x0, 0x0, 0x0,
    0x0, 0x0, 0x0, 0x2, 0xff, 0xff, 0xf4, 0x0,
    0x0, 0x54, 0x1f, 0xff, 0xff, 0xf0, 0x14, 0x2,
    0xf0, 0xbd, 0x7f, 0x5b, 0xc2, 0xf4, 0xf, 0xc3,
    0xf0, 0xbc, 0x2f, 0xb, 0xc0, 0x3f, 0xf, 0x83,
    0xe0, 0xbc, 0x3f, 0x0, 0xfc, 0x3e, 0xf, 0x82,
    0xf0, 0xfc, 0x3, 0xe0, 0xff, 0xff, 0xff, 0xc3,
    0xf0, 0x1f, 0x87, 0xff, 0xff, 0xfe, 0xf, 0x80,
    0x7d, 0x1f, 0x9b, 0xe5, 0xf8, 0x3e, 0x2, 0xf4,
    0xbc, 0x1f, 0x3, 0xd1, 0xf8, 0xb, 0xc2, 0xf0,
    0xbc, 0x1f, 0x47, 0xd0, 0x3f, 0xf, 0xc2, 0xf0,
    0x7c, 0x2f, 0x40, 0xfc, 0x3f, 0xff, 0xff, 0xf0,
    0xbc, 0x3, 0xf0, 0xff, 0xff, 0xff, 0xc3, 0xf0,
    0xf, 0x81, 0x55, 0x55, 0x55, 0xf, 0xc0, 0x7e,
    0x0, 0x0, 0x0, 0x0, 0x3f, 0x1, 0xf4, 0x0,
    0x0, 0x0, 0x0, 0xf8, 0xb, 0xff, 0xff, 0xff,
    0xff, 0xff, 0xe0, 0x2f, 0xff, 0xff, 0xff, 0xff,
    0xff, 0x40, 0x3f, 0xff, 0xff, 0xff, 0xff, 0xfd,
    0x0,

    /* U+754C "界" */
    0x0, 0xf, 0xff, 0xff, 0xff, 0xff, 0x40, 0x0,
    0x2f, 0xff, 0xff, 0xff, 0xff, 0xc0, 0x0, 0x3f,
    0xaa, 0xaf, 0xaa, 0xaf, 0xc0, 0x0, 0x3f, 0x0,
    0x1f, 0x40, 0xf, 0xc0, 0x0, 0x3f, 0x0, 0x1f,
    0x40, 0xf, 0xc0, 0x0, 0x3f, 0xff, 0xff, 0xff,
    0xff, 0xc0, 0x0, 0x7f, 0xff, 0xff, 0xff, 0xff,
    0xc0, 0x0, 0x7e, 0x55, 0x7f, 0x55, 0x5f, 0x80,
    0x0, 0xbd, 0x0, 0x3f, 0x0, 0x1f, 0x80, 0x0,
    0xbd, 0x0, 0x3f, 0x0, 0x2f, 0x80, 0x0, 0xff,
    0xff, 0xff, 0xff, 0xff, 0x40, 0x0, 0xff, 0xff,
    0xff, 0xff, 0xff, 0x40, 0x0, 0x55, 0x7f, 0xd5,
    0xfe, 0x55, 0x0, 0x0, 0x1, 0xff, 0x0, 0x3f,
    0x80, 0x0, 0x0, 0x1f, 0xf8, 0x0, 0xf, 0xf4,
    0x0, 0x1, 0xff, 0xe4, 0x0, 0x17, 0xff, 0x40,
    0x2f, 0xfd, 0xbc, 0x0, 0x3f, 0x7f, 0xf8, 0x2f,
    0xd0, 0xfc, 0x0, 0x3e, 0xb, 0xf8, 0x5, 0x0,
    0xf8, 0x0, 0x7e, 0x0, 0x90, 0x0, 0x2, 0xf4,
    0x0, 0x7d, 0x0, 0x0, 0x0, 0x3, 0xf0, 0x0,
    0x7d, 0x0, 0x0, 0x0, 0xf, 0xd0, 0x0, 0xbd,
    0x0, 0x0, 0x0, 0x3f, 0x80, 0x0, 0xbc, 0x0,
    0x0, 0x2, 0xfe, 0x0, 0x0, 0xfc, 0x0, 0x0,
    0x0, 0xb8, 0x0, 0x0, 0xfc, 0x0, 0x0, 0x0,
    0x0, 0x0, 0x0, 0x0, 0x0, 0x0,

    /* U+7559 "留" */
    0x0, 0x0, 0x5, 0x0, 0x0, 0x0, 0x0, 0x16,
    0xff, 0x8a, 0xaa, 0xaa, 0x40, 0xbf, 0xff, 0xd7,
    0xff, 0xff, 0xf4, 0x3f, 0xfe, 0x51, 0xff, 0xff,
    0xfd, 0x1f, 0x80, 0x0, 0x3, 0xf0, 0x1f, 0x47,
    0xd0, 0x7d, 0x0, 0xf8, 0x7, 0xd2, 0xf4, 0xf,
    0x80, 0xbd, 0x2, 0xf0, 0xbc, 0x3, 0xf0, 0x3f,
    0x0, 0xbc, 0x3f, 0x6, 0xfc, 0x2f, 0x80, 0x3f,
    0xf, 0xff, 0xff, 0x8f, 0xca, 0x5f, 0x83, 0xff,
    0xfb, 0xff, 0xe2, 0xff, 0xd0, 0x7e, 0x40, 0xb,
    0xf0, 0x7f, 0xf0, 0x0, 0x0, 0x0, 0x10, 0x0,
    0x0, 0x0, 0xff, 0xff, 0xff, 0xff, 0xf4, 0x0,
    0xbf, 0xff, 0xff, 0xff, 0xff, 0x0, 0x3f, 0xaa,
    0xaf, 0xaa, 0xaf, 0xc0, 0xf, 0xc0, 0x7, 0xd0,
    0x3, 0xf0, 0x3, 0xe0, 0x2, 0xf0, 0x0, 0xfc,
    0x0, 0xff, 0xff, 0xff, 0xff, 0xff, 0x0, 0x7f,
    0xff, 0xff, 0xff, 0xff, 0x80, 0x1f, 0x95, 0x5f,
    0xd5, 0x5b, 0xe0, 0xb, 0xd0, 0x3, 0xf0, 0x1,
    0xf4, 0x2, 0xf4, 0x0, 0xf8, 0x0, 0xbd, 0x0,
    0xfe, 0x55, 0xbf, 0x55, 0x7f, 0x0, 0x3f, 0xff,
    0xff, 0xff, 0xff, 0xc0, 0xf, 0xff, 0xff, 0xff,
    0xff, 0xf0, 0x0,

    /* U+7684 "的" */
    0x0, 0x6, 0x80, 0x0, 0x68, 0x0, 0x0, 0x0,
    0xfc, 0x0, 0xf, 0xc0, 0x0, 0x0, 0x1f, 0x80,
    0x2, 0xf8, 0x0, 0x0, 0x6, 0xf9, 0x0, 0x3f,
    0x40, 0x0, 0x7, 0xff, 0xff, 0x7, 0xff, 0xff,
    0x80, 0xbf, 0xff, 0xf0, 0xff, 0xff, 0xfc, 0xf,
    0xd5, 0x6f, 0x1f, 0xff, 0xff, 0xd0, 0xf8, 0x2,
    0xf2, 0xf8, 0x0, 0xbd, 0xf, 0x80, 0x2f, 0x3f,
    0x0, 0xf, 0xc0, 0xf8, 0x3, 0xfb, 0xe0, 0x0,
    0xfc, 0x1f, 0x40, 0x3e, 0x54, 0x0, 0xf, 0xc1,
    0xf4, 0x3, 0xe0, 0x7d, 0x0, 0xfc, 0x2f, 0xaa,
    0xbe, 0x3, 0xe0, 0xf, 0xc2, 0xff, 0xff, 0xd0,
    0x3f, 0x1, 0xf8, 0x3f, 0xff, 0xfd, 0x2, 0xf0,
    0x1f, 0x83, 0xf0, 0x7, 0xc0, 0x2f, 0x42, 0xf4,
    0x3e, 0x0, 0xbc, 0x1, 0xf8, 0x2f, 0x43, 0xe0,
    0xb, 0xc0, 0xf, 0xc3, 0xf0, 0x3e, 0x0, 0xfc,
    0x0, 0x0, 0x3f, 0x7, 0xd0, 0xf, 0xc0, 0x0,
    0x3, 0xf0, 0x7d, 0x0, 0xf8, 0x0, 0x0, 0x3f,
    0xb, 0xc0, 0xf, 0x80, 0x0, 0x7, 0xe0, 0xbf,
    0xff, 0xf4, 0x7, 0x90, 0x7e, 0xf, 0xff, 0xff,
    0x40, 0xbf, 0xff, 0xd0, 0xaa, 0xaa, 0xa0, 0xb,
    0xff, 0xfc, 0x0, 0x0, 0x0, 0x0, 0x6, 0xbf,
    0x40,

    /* U+76D6 "盖" */
    0x0, 0x0, 0x29, 0x0, 0x1, 0xa0, 0x0, 0x0,
    0x0, 0xfc, 0x0, 0xf, 0xc0, 0x0, 0x0, 0x2,
    0xf8, 0x0, 0xfd, 0x0, 0x0, 0x1f, 0xff, 0xff,
    0xff, 0xff, 0xfc, 0x0, 0x7f, 0xff, 0xff, 0xff,
    0xff, 0xf0, 0x0, 0x55, 0x55, 0x7e, 0x55, 0x55,
    0x40, 0x0, 0x0, 0x1, 0xf8, 0x0, 0x0, 0x0,
    0x1, 0x55, 0x5b, 0xe5, 0x55, 0x40, 0x0, 0x1f,
    0xff, 0xff, 0xff, 0xff, 0x40, 0x0, 0xbf, 0xff,
    0xff, 0xff, 0xfd, 0x0, 0x0, 0x0, 0x3, 0xf0,
    0x0, 0x0, 0x0, 0x0, 0x0, 0xf, 0xc0, 0x0,
    0x0, 0x3, 0xff, 0xff, 0xff, 0xff, 0xff, 0xf0,
    0x1f, 0xff, 0xff, 0xff, 0xff, 0xff, 0xc0, 0x15,
    0x55, 0x55, 0x55, 0x55, 0x55, 0x0, 0x0, 0x0,
    0x0, 0x0, 0x0, 0x0, 0x0, 0x2f, 0xff, 0xff,
    0xff, 0xfd, 0x0, 0x2, 0xff, 0xff, 0xff, 0xff,
    0xfc, 0x0, 0xf, 0xd6, 0xf9, 0x6f, 0x97, 0xf0,
    0x0, 0x3e, 0x3, 0xd0, 0x7c, 0xf, 0xc0, 0x1,
    0xf8, 0xf, 0x42, 0xf0, 0x3f, 0x0, 0x7, 0xd0,
    0x7c, 0xb, 0xc0, 0xfc, 0x0, 0x1f, 0x41, 0xf0,
    0x2f, 0x3, 0xe0, 0xa, 0xfe, 0xaf, 0xea, 0xfe,
    0xaf, 0xe8, 0x3f, 0xff, 0xff, 0xff, 0xff, 0xff,
    0xf0, 0xff, 0xff, 0xff, 0xff, 0xff, 0xff, 0xc0,

    /* U+76EE "目" */
    0x0, 0x2b, 0xff, 0xff, 0xff, 0xe0, 0x0, 0xff,
    0xff, 0xff, 0xff, 0xfc, 0x0, 0xff, 0xff, 0xff,
    0xff, 0xfc, 0x1, 0xfc, 0x0, 0x0, 0x0, 0xfc,
    0x1, 0xf8, 0x0, 0x0, 0x0, 0xfc, 0x2, 0xf8,
    0x0, 0x0, 0x0, 0xfc, 0x2, 0xf4, 0x0, 0x0,
    0x1, 0xfc, 0x3, 0xfa, 0xaa, 0xaa, 0xab, 0xf8,
    0x3, 0xff, 0xff, 0xff, 0xff, 0xf8, 0x3, 0xff,
    0xff, 0xff, 0xff, 0xf4, 0x3, 0xf0, 0x0, 0x0,
    0x3, 0xf4, 0x7, 0xe0, 0x0, 0x0, 0x3, 0xf0,
    0x7, 0xe0, 0x0, 0x0, 0x3, 0xf0, 0xb, 0xd0,
    0x0, 0x0, 0x3, 0xf0, 0xb, 0xfa, 0xaa, 0xaa,
    0xaf, 0xf0, 0xf, 0xff, 0xff, 0xff, 0xff, 0xe0,
    0xf, 0xff, 0xff, 0xff, 0xff, 0xe0, 0xf, 0xc0,
    0x0, 0x0, 0xb, 0xd0, 0xf, 0xc0, 0x0, 0x0,
    0xf, 0xd0, 0x1f, 0x80, 0x0, 0x0, 0xf, 0xc0,
    0x1f, 0x80, 0x0, 0x0, 0xf, 0xc0, 0x2f, 0x40,
    0x0, 0x0, 0xf, 0xc0, 0x2f, 0xff, 0xff, 0xff,
    0xff, 0xc0, 0x3f, 0xff, 0xff, 0xff, 0xff, 0x80,
    0x3f, 0xff, 0xff, 0xff, 0xff, 0x80,

    /* U+76F4 "直" */
    0x0, 0x0, 0x0, 0xf, 0x80, 0x0, 0x0, 0x0,
    0x0, 0x0, 0x7e, 0x0, 0x0, 0x0, 0xa, 0xaa,
    0xab, 0xfa, 0xaa, 0xaa, 0x40, 0x7f, 0xff, 0xff,
    0xff, 0xff, 0xfe, 0x1, 0xff, 0xff, 0xff, 0xff,
    0xff, 0xf4, 0x0, 0x0, 0x0, 0xfc, 0x0, 0x0,
    0x0, 0x0, 0x0, 0x7, 0xf0, 0x0, 0x0, 0x0,
    0x1, 0xff, 0xff, 0xff, 0xff, 0x40, 0x0, 0xf,
    0xff, 0xff, 0xff, 0xff, 0x0, 0x0, 0x7e, 0x0,
    0x0, 0x1, 0xfc, 0x0, 0x2, 0xf4, 0x0, 0x0,
    0x3, 0xe0, 0x0, 0xb, 0xff, 0xff, 0xff, 0xff,
    0x80, 0x0, 0x3f, 0xff, 0xff, 0xff, 0xfd, 0x0,
    0x0, 0xfd, 0x55, 0x55, 0x56, 0xf4, 0x0, 0x3,
    0xf0, 0x0, 0x0, 0xb, 0xc0, 0x0, 0xf, 0xff,
    0xff, 0xff, 0xff, 0x0, 0x0, 0x7f, 0xff, 0xff,
    0xff, 0xfc, 0x0, 0x1, 0xf9, 0x55, 0x55, 0x57,
    0xf0, 0x0, 0xb, 0xd0, 0x0, 0x0, 0xf, 0xc0,
    0x0, 0x2f, 0xff, 0xff, 0xff, 0xfe, 0x0, 0x0,
    0xff, 0xff, 0xff, 0xff, 0xf8, 0x0, 0x3, 0xf5,
    0x55, 0x55, 0x5b, 0xd0, 0x0, 0xf, 0xc0, 0x0,
    0x0, 0x2f, 0x40, 0x5, 0x7f, 0x55, 0x55, 0x55,
    0xfe, 0x54, 0x7f, 0xff, 0xff, 0xff, 0xff, 0xff,
    0xf1, 0xff, 0xff, 0xff, 0xff, 0xff, 0xff, 0xc0,

    /* U+76F8 "相" */
    0x0, 0x1, 0xa4, 0x0, 0x0, 0x0, 0x0, 0x0,
    0x1, 0xf4, 0x0, 0x6a, 0xaa, 0x90, 0x0, 0x2,
    0xf0, 0x3, 0xff, 0xff, 0xf8, 0x0, 0x2, 0xf0,
    0x7, 0xff, 0xff, 0xfc, 0x0, 0x3, 0xf0, 0x7,
    0xd0, 0x0, 0xfc, 0x2, 0xab, 0xfa, 0x8b, 0xc0,
    0x0, 0xfc, 0x7, 0xff, 0xff, 0xcb, 0xc0, 0x0,
    0xf8, 0xb, 0xff, 0xff, 0xcf, 0xc0, 0x0, 0xf8,
    0x0, 0xf, 0xd0, 0xf, 0xd5, 0x56, 0xf4, 0x0,
    0x2f, 0xf0, 0xf, 0xff, 0xff, 0xf4, 0x0, 0x3f,
    0xf4, 0xf, 0xff, 0xff, 0xf0, 0x0, 0xbf, 0xfc,
    0x1f, 0x40, 0x2, 0xf0, 0x0, 0xff, 0xfe, 0x1f,
    0x40, 0x3, 0xf0, 0x3, 0xff, 0xef, 0x2f, 0x0,
    0x3, 0xf0, 0x7, 0xef, 0x8f, 0xaf, 0x0, 0x3,
    0xe0, 0xf, 0xcf, 0x8a, 0x3f, 0x55, 0x57, 0xe0,
    0x3f, 0x5f, 0x40, 0x3f, 0xff, 0xff, 0xd0, 0xbe,
    0x1f, 0x40, 0x3f, 0xff, 0xff, 0xd0, 0x2c, 0x2f,
    0x0, 0x3e, 0x0, 0xb, 0xc0, 0x0, 0x2f, 0x0,
    0x7d, 0x0, 0xb, 0xc0, 0x0, 0x3f, 0x0, 0x7d,
    0x0, 0xf, 0xc0, 0x0, 0x3f, 0x0, 0xbc, 0x0,
    0xf, 0xc0, 0x0, 0x3e, 0x0, 0xbc, 0x0, 0xf,
    0x80, 0x0, 0x3e, 0x0, 0xbe, 0xaa, 0xaf, 0x80,
    0x0, 0x7d, 0x0, 0xff, 0xff, 0xff, 0x40, 0x0,
    0x7d, 0x0, 0xff, 0xff, 0xff, 0x40,

    /* U+77E5 "知" */
    0x0, 0x2a, 0x0, 0x0, 0x0, 0x0, 0x0, 0x0,
    0x7e, 0x0, 0x0, 0x0, 0x0, 0x0, 0x0, 0xbd,
    0x0, 0x0, 0x2f, 0xff, 0xe0, 0x0, 0xff, 0xff,
    0xf4, 0x7f, 0xff, 0xf8, 0x1, 0xff, 0xff, 0xf4,
    0xbf, 0xff, 0xf8, 0x1, 0xff, 0xff, 0xf4, 0xbc,
    0x0, 0xf8, 0x0, 0x1, 0xf8, 0x0, 0xfc, 0x1,
    0xf8, 0x0, 0x1, 0xf4, 0x0, 0xfc, 0x1, 0xf4,
    0x0, 0x2, 0xf4, 0x0, 0xf8, 0x2, 0xf4, 0x0,
    0x2, 0xf0, 0x0, 0xf8, 0x2, 0xf0, 0x0, 0x3,
    0xf0, 0x1, 0xf8, 0x3, 0xf0, 0xf, 0xff, 0xff,
    0xf5, 0xf4, 0x3, 0xf0, 0xf, 0xff, 0xff, 0xf6,
    0xf4, 0x3, 0xf0, 0xa, 0xaf, 0xfa, 0xa2, 0xf0,
    0x3, 0xf0, 0x0, 0xb, 0xd0, 0x2, 0xf0, 0x3,
    0xe0, 0x0, 0xf, 0xf0, 0x3, 0xf0, 0x7, 0xe0,
    0x0, 0x1f, 0xf4, 0x3, 0xf0, 0x7, 0xe0, 0x0,
    0x3f, 0xfc, 0x3, 0xe0, 0x7, 0xd0, 0x0, 0x7f,
    0x7e, 0x3, 0xe0, 0xb, 0xd0, 0x0, 0xfd, 0x3f,
    0x7, 0xe0, 0xb, 0xc0, 0x1, 0xfc, 0x1f, 0xc7,
    0xd0, 0xf, 0xc0, 0x3, 0xf4, 0xf, 0xdb, 0xd0,
    0xf, 0xc0, 0xf, 0xe0, 0x7, 0xeb, 0xfa, 0xaf,
    0xc0, 0x2f, 0xc0, 0x2, 0x4b, 0xff, 0xff, 0xc0,
    0x7f, 0x0, 0x0, 0xf, 0xff, 0xff, 0x80, 0x19,
    0x0, 0x0, 0x0, 0x0, 0x0, 0x0,

    /* U+77E9 "矩" */
    0x0, 0x0, 0x0, 0x0, 0x0, 0x0, 0x0, 0x0,
    0xf, 0xc0, 0x0, 0x0, 0x0, 0x0, 0x0, 0x7,
    0xe0, 0x0, 0xb, 0xff, 0xff, 0xf4, 0x2, 0xfa,
    0xaa, 0x47, 0xff, 0xff, 0xfc, 0x0, 0xff, 0xff,
    0xe2, 0xf9, 0x55, 0x55, 0x0, 0x3f, 0xff, 0xf8,
    0xfc, 0x0, 0x0, 0x0, 0x0, 0x1f, 0x40, 0x3f,
    0x0, 0x0, 0x0, 0x0, 0xb, 0xd0, 0xf, 0xc0,
    0x0, 0x0, 0x0, 0x2, 0xf0, 0x3, 0xfa, 0xaa,
    0xa0, 0x0, 0x0, 0xfc, 0x1, 0xff, 0xff, 0xfe,
    0x0, 0x0, 0x3f, 0x0, 0x7f, 0xff, 0xff, 0xc0,
    0xf, 0xff, 0xff, 0x6f, 0x40, 0x3, 0xf0, 0x7,
    0xff, 0xff, 0xcb, 0xc0, 0x0, 0xf8, 0x0, 0x56,
    0xf9, 0x52, 0xf0, 0x0, 0x3e, 0x0, 0x0, 0xbd,
    0x0, 0xfc, 0x0, 0x1f, 0x40, 0x0, 0x3f, 0x40,
    0x3f, 0x0, 0x7, 0xd0, 0x0, 0xf, 0xf0, 0xf,
    0xff, 0xff, 0xf0, 0x0, 0xb, 0xfd, 0x3, 0xff,
    0xff, 0xfc, 0x0, 0x3, 0xff, 0xc1, 0xfa, 0xaa,
    0xaa, 0x0, 0x1, 0xfd, 0xf4, 0x7d, 0x0, 0x0,
    0x0, 0x0, 0xfd, 0x3f, 0x2f, 0x0, 0x0, 0x0,
    0x0, 0x7f, 0xb, 0xdb, 0xc0, 0x0, 0x0, 0x0,
    0x3f, 0x40, 0xff, 0xf0, 0x0, 0x0, 0x0, 0x2f,
    0xc0, 0x24, 0xfe, 0xaa, 0xaa, 0xa4, 0x1f, 0xc0,
    0x0, 0x3f, 0xff, 0xff, 0xfd, 0xb, 0xd0, 0x0,
    0xf, 0xff, 0xff, 0xff, 0x40, 0x10, 0x0, 0x0,
    0x0, 0x0, 0x0, 0x0,

    /* U+793A "示" */
    0x0, 0x0, 0x0, 0x0, 0x0, 0x0, 0x0, 0x7,
    0xff, 0xff, 0xff, 0xff, 0xf0, 0x0, 0xbf, 0xff,
    0xff, 0xff, 0xff, 0x0, 0x6, 0xaa, 0xaa, 0xaa,
    0xaa, 0x90, 0x0, 0x0, 0x0, 0x0, 0x0, 0x0,
    0x0, 0x0, 0x0, 0x0, 0x0, 0x0, 0x0, 0x0,
    0x0, 0x0, 0x0, 0x0, 0x0, 0x0, 0x0, 0x0,
    0x0, 0x0, 0x0, 0x0, 0x2f, 0xff, 0xff, 0xff,
    0xff, 0xff, 0xe2, 0xff, 0xff, 0xff, 0xff, 0xff,
    0xfd, 0x2f, 0xff, 0xff, 0xff, 0xff, 0xff, 0xd0,
    0x0, 0x0, 0xf, 0xd0, 0x0, 0x0, 0x0, 0x0,
    0x0, 0xfc, 0x0, 0x0, 0x0, 0x2, 0xf4, 0xf,
    0xc0, 0xfc, 0x0, 0x0, 0x7f, 0x0, 0xfc, 0xb,
    0xd0, 0x0, 0xf, 0xd0, 0x1f, 0xc0, 0x7f, 0x0,
    0x1, 0xfc, 0x1, 0xf8, 0x3, 0xf0, 0x0, 0x3f,
    0x0, 0x2f, 0x80, 0x1f, 0x80, 0xb, 0xe0, 0x2,
    0xf4, 0x0, 0xfc, 0x0, 0xfc, 0x0, 0x3f, 0x40,
    0xb, 0xe0, 0x3f, 0x40, 0x3, 0xf0, 0x0, 0x3f,
    0x7, 0xf0, 0x24, 0x3f, 0x0, 0x3, 0xf4, 0x0,
    0x7, 0xff, 0xf0, 0x0, 0x5, 0x0, 0x0, 0x7f,
    0xff, 0x0, 0x0, 0x0, 0x0, 0x0, 0x6f, 0xc0,
    0x0, 0x0, 0x0,

    /* U+79D2 "秒" */
    0x0, 0x0, 0x0, 0x0, 0x0, 0x14, 0x0, 0x0,
    0x0, 0x1, 0xac, 0x0, 0x2f, 0x40, 0x0, 0xa,
    0xff, 0xff, 0x0, 0xb, 0xc0, 0x0, 0x3, 0xff,
    0xff, 0x80, 0x3, 0xf0, 0x0, 0x0, 0xff, 0xfc,
    0x0, 0x0, 0xfc, 0x50, 0x0, 0x0, 0x3e, 0x0,
    0x3e, 0x3f, 0x3e, 0x0, 0x0, 0xf, 0x80, 0x2f,
    0x4f, 0x8f, 0xc0, 0x0, 0x7, 0xd0, 0xf, 0xc7,
    0xe2, 0xf0, 0x2, 0xab, 0xfe, 0x93, 0xe1, 0xf4,
    0xbd, 0x0, 0xff, 0xff, 0xf5, 0xf4, 0xbd, 0x1f,
    0x80, 0x3f, 0xff, 0xfd, 0xbc, 0x2f, 0x3, 0xe0,
    0x0, 0x1f, 0xc0, 0x3f, 0xf, 0xc0, 0xfc, 0x0,
    0xf, 0xfc, 0xf, 0x83, 0xf0, 0x2f, 0x0, 0xb,
    0xff, 0x87, 0xd0, 0xfc, 0x1, 0x40, 0x7, 0xff,
    0xf5, 0xa0, 0x3e, 0x6, 0x90, 0x3, 0xff, 0x7f,
    0x0, 0x1f, 0x83, 0xf0, 0x3, 0xfb, 0xd3, 0xe0,
    0x1, 0x53, 0xf4, 0x3, 0xf6, 0xf0, 0x90, 0x0,
    0x3, 0xf8, 0x2, 0xf8, 0xbc, 0x0, 0x0, 0x3,
    0xfc, 0x0, 0x38, 0x3f, 0x0, 0x0, 0x7, 0xfc,
    0x0, 0x0, 0xf, 0xc0, 0x0, 0xb, 0xfc, 0x0,
    0x0, 0x3, 0xe0, 0x0, 0x2f, 0xf8, 0x0, 0x0,
    0x0, 0xf8, 0x1, 0xbf, 0xf4, 0x0, 0x0, 0x0,
    0x7d, 0xb, 0xff, 0xd0, 0x0, 0x0, 0x0, 0x1f,
    0x43, 0xff, 0x40, 0x0, 0x0, 0x0, 0xb, 0xc0,
    0x39, 0x0, 0x0, 0x0, 0x0, 0x0, 0x0, 0x0,
    0x0, 0x0, 0x0, 0x0,

    /* U+79F0 "称" */
    0x0, 0x0, 0x0, 0x0, 0xa8, 0x0, 0x0, 0x0,
    0x5, 0xaf, 0x80, 0xf8, 0x0, 0x0, 0x3, 0xff,
    0xff, 0x42, 0xf4, 0x0, 0x0, 0x3, 0xff, 0xfe,
    0x3, 0xfa, 0xaa, 0xa4, 0x3, 0xab, 0xe0, 0x7,
    0xff, 0xff, 0xfc, 0x0, 0x7, 0xd0, 0xb, 0xff,
    0xff, 0xfd, 0x0, 0xb, 0xd0, 0xf, 0xc0, 0x0,
    0xfc, 0x0, 0xb, 0xc0, 0x1f, 0x40, 0x0, 0xf8,
    0xf, 0xff, 0xff, 0x3f, 0x6, 0x81, 0xf4, 0xf,
    0xff, 0xff, 0x7e, 0xb, 0xc3, 0xf0, 0xa, 0xbf,
    0xe9, 0xbc, 0xb, 0xc3, 0xe0, 0x0, 0x3f, 0xc0,
    0x0, 0xf, 0xc0, 0x0, 0x0, 0x7f, 0xe0, 0xf,
    0x4f, 0xcb, 0x80, 0x0, 0xff, 0xf4, 0x2f, 0xf,
    0x8b, 0xc0, 0x2, 0xff, 0xfc, 0x3e, 0xf, 0x87,
    0xc0, 0x7, 0xff, 0x7f, 0x7d, 0x1f, 0x43, 0xd0,
    0xf, 0xbf, 0x2c, 0xbc, 0x1f, 0x43, 0xe0, 0x3f,
    0x3f, 0x0, 0xfc, 0x2f, 0x3, 0xe0, 0xbd, 0x3f,
    0x1, 0xf4, 0x3f, 0x2, 0xf0, 0x7c, 0x3e, 0x3,
    0xf0, 0x3f, 0x2, 0xf0, 0x0, 0x7e, 0x3, 0xe0,
    0x3f, 0x1, 0xf4, 0x0, 0x7d, 0x0, 0x0, 0x3e,
    0x0, 0x50, 0x0, 0xbd, 0x0, 0x14, 0x7e, 0x0,
    0x0, 0x0, 0xbc, 0x0, 0x3f, 0xfd, 0x0, 0x0,
    0x0, 0xfc, 0x0, 0x3f, 0xfd, 0x0, 0x0, 0x0,
    0xfc, 0x0, 0xb, 0xf8, 0x0, 0x0, 0x0, 0x0,
    0x0, 0x0, 0x0, 0x0, 0x0,

    /* U+79FB "移" */
    0x0, 0x0, 0x0, 0x0, 0xa, 0x80, 0x0, 0x0,
    0x5, 0xbe, 0x0, 0xfd, 0x0, 0x0, 0x2f, 0xff,
    0xf8, 0xb, 0xfa, 0xa9, 0x0, 0xff, 0xff, 0xd0,
    0x7f, 0xff, 0xfe, 0x2, 0x97, 0xe0, 0x7, 0xff,
    0xff, 0xfc, 0x0, 0x1f, 0x80, 0x7f, 0x0, 0xf,
    0xe0, 0x0, 0x7d, 0x7, 0xfd, 0x0, 0xfe, 0x0,
    0x2, 0xf4, 0x7f, 0xfe, 0xf, 0xf0, 0xf, 0xff,
    0xff, 0x94, 0xff, 0xfe, 0x0, 0x3f, 0xff, 0xfd,
    0x0, 0xff, 0xe0, 0x0, 0xaa, 0xfe, 0xa0, 0x1f,
    0xfd, 0x0, 0x0, 0xb, 0xf0, 0x6f, 0xff, 0xd0,
    0x0, 0x0, 0x3f, 0xf1, 0xff, 0xff, 0x80, 0x0,
    0x3, 0xff, 0xe1, 0xe6, 0xfe, 0xaa, 0x40, 0x1f,
    0xff, 0xd0, 0x1f, 0xff, 0xff, 0x80, 0xff, 0xdf,
    0xc1, 0xff, 0xff, 0xff, 0xf, 0xef, 0xf, 0x1f,
    0xd0, 0x3, 0xf8, 0xbd, 0xbc, 0x11, 0xff, 0x0,
    0x2f, 0xc3, 0xf3, 0xf0, 0x2f, 0xff, 0x41, 0xfc,
    0x1f, 0xf, 0xc2, 0xfd, 0x7f, 0xdf, 0xd0, 0x4,
    0x3e, 0x0, 0x0, 0x3f, 0xfd, 0x0, 0x0, 0xf8,
    0x0, 0x0, 0x7f, 0xc0, 0x0, 0x7, 0xd0, 0x0,
    0x1f, 0xfc, 0x0, 0x0, 0x1f, 0x40, 0xb, 0xff,
    0x40, 0x0, 0x0, 0xbc, 0x6, 0xff, 0xe0, 0x0,
    0x0, 0x2, 0xf0, 0x1f, 0xf8, 0x0, 0x0, 0x0,
    0x0, 0x0, 0x19, 0x0, 0x0, 0x0, 0x0,

    /* U+7A7A "空" */
    0x0, 0x0, 0x0, 0xa8, 0x0, 0x0, 0x0, 0x0,
    0x0, 0xf, 0xd0, 0x0, 0x0, 0x0, 0x0, 0x0,
    0xbf, 0x0, 0x0, 0x0, 0x2f, 0xff, 0xff, 0xff,
    0xff, 0xf8, 0x3, 0xff, 0xff, 0xff, 0xff, 0xff,
    0xd0, 0x7f, 0xaa, 0xaa, 0xaa, 0xaa, 0xfe, 0xb,
    0xd0, 0x0, 0x0, 0x0, 0xb, 0xd0, 0xfc, 0x0,
    0x64, 0x10, 0x0, 0xbd, 0xf, 0xc1, 0xbf, 0x42,
    0xf4, 0xf, 0xc0, 0x1a, 0xff, 0xf0, 0x3f, 0xfd,
    0x54, 0x3, 0xff, 0xe4, 0x0, 0x7f, 0xfe, 0x0,
    0x7f, 0x90, 0x0, 0x0, 0x1f, 0xf0, 0x6, 0x40,
    0x0, 0x0, 0x0, 0xb, 0x0, 0x6, 0xaa, 0xaa,
    0xaa, 0xaa, 0x40, 0x0, 0xff, 0xff, 0xff, 0xff,
    0xf8, 0x0, 0xf, 0xff, 0xff, 0xff, 0xff, 0x40,
    0x0, 0x0, 0x2, 0xf8, 0x0, 0x0, 0x0, 0x0,
    0x0, 0x2f, 0x40, 0x0, 0x0, 0x0, 0x0, 0x3,
    0xf4, 0x0, 0x0, 0x0, 0x0, 0x0, 0x3f, 0x0,
    0x0, 0x0, 0x0, 0x0, 0x3, 0xf0, 0x0, 0x0,
    0x0, 0x0, 0x0, 0x3f, 0x0, 0x0, 0x0, 0x0,
    0x0, 0x7, 0xf0, 0x0, 0x0, 0x2, 0xaa, 0xaa,
    0xff, 0xaa, 0xaa, 0xa4, 0x7f, 0xff, 0xff, 0xff,
    0xff, 0xff, 0x47, 0xff, 0xff, 0xff, 0xff, 0xff,
    0xf0,

    /* U+7B26 "符" */
    0x0, 0xa, 0x80, 0x0, 0xa, 0x80, 0x0, 0x0,
    0x1f, 0xc0, 0x0, 0x2f, 0x80, 0x0, 0x0, 0x3f,
    0xea, 0xa9, 0x3f, 0xaa, 0xa8, 0x0, 0x7f, 0xff,
    0xfd, 0x7f, 0xff, 0xfd, 0x0, 0xff, 0xff, 0xfd,
    0xff, 0xff, 0xfc, 0x1, 0xfc, 0x3f, 0x1, 0xf8,
    0x3e, 0x0, 0x3, 0xf4, 0x2f, 0x3, 0xf0, 0x3f,
    0x0, 0xb, 0xe0, 0x1f, 0x4b, 0xe0, 0x1f, 0x40,
    0xa, 0x81, 0xa8, 0xa, 0x80, 0x0, 0x0, 0x0,
    0x3, 0xf4, 0x0, 0x0, 0x7d, 0x0, 0x0, 0xb,
    0xe0, 0x0, 0x0, 0xbd, 0x0, 0x0, 0x1f, 0xc7,
    0xff, 0xff, 0xff, 0xf8, 0x0, 0x3f, 0x87, 0xff,
    0xff, 0xff, 0xf8, 0x0, 0xff, 0x86, 0xaa, 0xaa,
    0xfe, 0xa4, 0x2, 0xff, 0x40, 0x0, 0x0, 0xfc,
    0x0, 0xb, 0xff, 0x40, 0xf8, 0x0, 0xfc, 0x0,
    0x1f, 0xff, 0x0, 0xfc, 0x0, 0xf8, 0x0, 0x2a,
    0x2f, 0x0, 0xbc, 0x0, 0xf8, 0x0, 0x0, 0x3f,
    0x0, 0x3e, 0x1, 0xf8, 0x0, 0x0, 0x3f, 0x0,
    0x3f, 0x1, 0xf4, 0x0, 0x0, 0x3f, 0x0, 0x15,
    0x2, 0xf4, 0x0, 0x0, 0x3e, 0x0, 0x0, 0x2,
    0xf0, 0x0, 0x0, 0x7e, 0x0, 0x6, 0x2, 0xf0,
    0x0, 0x0, 0x7e, 0x0, 0xb, 0xff, 0xf0, 0x0,
    0x0, 0x7d, 0x0, 0xf, 0xff, 0xf0, 0x0, 0x0,
    0xbd, 0x0, 0x1, 0xbf, 0xd0, 0x0, 0x0, 0x0,
    0x0, 0x0, 0x0, 0x0, 0x0,

    /* U+7B2C "第" */
    0x0, 0xa, 0x90, 0x0, 0xf, 0x80, 0x0, 0x0,
    0x1f, 0xc0, 0x0, 0x2f, 0x40, 0x0, 0x0, 0x3f,
    0xff, 0xfd, 0x7f, 0xff, 0xfd, 0x0, 0xbf, 0xff,
    0xfd, 0xff, 0xff, 0xfd, 0x0, 0xfc, 0x3f, 0x2,
    0xf8, 0x7e, 0x0, 0x3, 0xf4, 0x2f, 0x3, 0xf0,
    0x3f, 0x0, 0xb, 0xe0, 0xa, 0x46, 0x90, 0x1a,
    0x0, 0x0, 0x15, 0x55, 0x55, 0x55, 0x55, 0x0,
    0x0, 0x3f, 0xff, 0xff, 0xff, 0xff, 0x40, 0x0,
    0x7f, 0xff, 0xff, 0xff, 0xff, 0x80, 0x0, 0x0,
    0x0, 0x3f, 0x0, 0x1f, 0x40, 0x0, 0x0, 0x0,
    0x3f, 0x0, 0x1f, 0x40, 0x0, 0x7f, 0xff, 0xff,
    0xff, 0xff, 0x40, 0x0, 0xbf, 0xff, 0xff, 0xff,
    0xff, 0x0, 0x0, 0xfd, 0x55, 0xbf, 0x55, 0x55,
    0x0, 0x0, 0xf8, 0x0, 0x7e, 0x0, 0x0, 0x0,
    0x1, 0xfe, 0xaa, 0xbf, 0xaa, 0xa9, 0x0, 0x2,
    0xff, 0xff, 0xff, 0xff, 0xff, 0xc0, 0x1, 0xff,
    0xff, 0xff, 0xff, 0xff, 0xc0, 0x0, 0x0, 0x1f,
    0xfc, 0x0, 0xf, 0xc0, 0x0, 0x0, 0xbf, 0xfc,
    0x0, 0xf, 0xc0, 0x0, 0xb, 0xfd, 0xfc, 0x24,
    0xf, 0x80, 0x1, 0xff, 0xe0, 0xfc, 0x3f, 0xff,
    0x40, 0x3f, 0xfe, 0x0, 0xfc, 0x3f, 0xff, 0x0,
    0x1f, 0xd0, 0x0, 0xf8, 0x1, 0xa9, 0x0, 0x4,
    0x0, 0x1, 0xf8, 0x0, 0x0, 0x0,

    /* U+7B49 "等" */
    0x0, 0x2a, 0x0, 0x0, 0x2a, 0x0, 0x0, 0x0,
    0xfc, 0x0, 0x2, 0xf4, 0x0, 0x0, 0xb, 0xff,
    0xff, 0x4f, 0xff, 0xff, 0x0, 0x3f, 0xff, 0xfd,
    0xbf, 0xff, 0xfc, 0x3, 0xfa, 0xfe, 0xa7, 0xfb,
    0xfa, 0xa0, 0x1f, 0x82, 0xf0, 0x3f, 0x3, 0xe0,
    0x0, 0xfc, 0x7, 0xd0, 0x54, 0xf, 0xc0, 0xb,
    0xd0, 0x0, 0x2f, 0x40, 0x0, 0x0, 0x0, 0x55,
    0x55, 0xfe, 0x55, 0x55, 0x0, 0xb, 0xff, 0xff,
    0xff, 0xff, 0xfc, 0x0, 0x2f, 0xff, 0xff, 0xff,
    0xff, 0xf0, 0x0, 0x0, 0x0, 0x3f, 0x0, 0x0,
    0x0, 0x0, 0x0, 0x1, 0xf8, 0x0, 0x0, 0x0,
    0xff, 0xff, 0xff, 0xff, 0xff, 0xff, 0x87, 0xff,
    0xff, 0xff, 0xff, 0xff, 0xfd, 0x5, 0x55, 0x55,
    0x55, 0x5b, 0xe5, 0x50, 0x0, 0x0, 0x0, 0x0,
    0x1f, 0x40, 0x0, 0x3f, 0xff, 0xff, 0xff, 0xff,
    0xfc, 0x1, 0xff, 0xff, 0xff, 0xff, 0xff, 0xf0,
    0x2, 0xaa, 0xaa, 0xaa, 0xaf, 0xea, 0x80, 0x0,
    0x1a, 0x40, 0x0, 0x3f, 0x0, 0x0, 0x0, 0x3f,
    0x0, 0x0, 0xfc, 0x0, 0x0, 0x0, 0x7e, 0x0,
    0x3, 0xe0, 0x0, 0x0, 0x0, 0xfc, 0x2f, 0xaf,
    0x80, 0x0, 0x0, 0x0, 0x0, 0xff, 0xfd, 0x0,
    0x0, 0x0, 0x0, 0x1, 0xaf, 0xe0, 0x0, 0x0,

    /* U+7B7E "签" */
    0x0, 0x1a, 0x40, 0x0, 0x2a, 0x0, 0x0, 0x0,
    0xfd, 0x0, 0x1, 0xf8, 0x0, 0x0, 0x7, 0xff,
    0xff, 0x8f, 0xff, 0xff, 0x40, 0x3f, 0xff, 0xfe,
    0x7f, 0xff, 0xfd, 0x2, 0xfe, 0xbe, 0xa7, 0xfa,
    0xfe, 0xa0, 0xf, 0xd0, 0xf8, 0x2f, 0x83, 0xf0,
    0x0, 0xbf, 0x3, 0xf0, 0xfc, 0x7, 0xd0, 0x7,
    0xf0, 0x6, 0xaa, 0xa9, 0xf, 0x80, 0x5, 0x0,
    0xff, 0xff, 0xff, 0x0, 0x0, 0x0, 0x1f, 0xff,
    0xff, 0xff, 0x0, 0x0, 0x1, 0xff, 0x0, 0x0,
    0xfe, 0x0, 0x0, 0x1f, 0xf0, 0x0, 0x1, 0xfd,
    0x0, 0x1, 0xff, 0x55, 0x55, 0x56, 0xfd, 0x0,
    0x1f, 0xe3, 0xff, 0xff, 0xf2, 0xfc, 0x1, 0xfe,
    0xf, 0xff, 0xff, 0xc3, 0xfc, 0x1f, 0xe0, 0x0,
    0x0, 0x0, 0x3, 0xf8, 0x0, 0x14, 0x1, 0x40,
    0x1, 0x50, 0x0, 0x0, 0xf8, 0xf, 0x80, 0x3f,
    0x40, 0x0, 0x3, 0xf0, 0x3f, 0x1, 0xfc, 0x0,
    0x0, 0xb, 0xd0, 0xfc, 0xf, 0xd0, 0x0, 0x0,
    0x1f, 0x82, 0xf4, 0x7f, 0x0, 0x0, 0x0, 0x3f,
    0x7, 0xe3, 0xf4, 0x0, 0x0, 0x0, 0x0, 0x0,
    0x2f, 0x80, 0x0, 0xf, 0xff, 0xff, 0xff, 0xff,
    0xff, 0xd0, 0x7f, 0xff, 0xff, 0xff, 0xff, 0xff,
    0x41, 0xff, 0xff, 0xff, 0xff, 0xff, 0xfd, 0x0,

    /* U+7B97 "算" */
    0x0, 0x2a, 0x0, 0x0, 0x29, 0x0, 0x0, 0x1,
    0xf8, 0x0, 0x3, 0xf4, 0x0, 0x0, 0xf, 0xff,
    0xff, 0x5f, 0xff, 0xff, 0x40, 0xbf, 0xff, 0xfd,
    0xff, 0xff, 0xfd, 0x7, 0xe0, 0xfc, 0xb, 0xd0,
    0xf8, 0x0, 0x3f, 0x1, 0xf0, 0x3f, 0x2, 0xf0,
    0x2, 0xf4, 0x1, 0x40, 0x50, 0x1, 0x40, 0x0,
    0xb, 0xff, 0xff, 0xff, 0xfe, 0x0, 0x0, 0x7f,
    0xff, 0xff, 0xff, 0xfd, 0x0, 0x2, 0xf0, 0x0,
    0x0, 0x1, 0xf8, 0x0, 0xf, 0xff, 0xff, 0xff,
    0xff, 0xd0, 0x0, 0x3f, 0xff, 0xff, 0xff, 0xff,
    0x40, 0x0, 0xf8, 0x0, 0x0, 0x0, 0xbc, 0x0,
    0x3, 0xff, 0xff, 0xff, 0xff, 0xf0, 0x0, 0xf,
    0xff, 0xff, 0xff, 0xff, 0xc0, 0x0, 0x7d, 0x0,
    0x0, 0x0, 0x3f, 0x0, 0x1, 0xff, 0xff, 0xff,
    0xff, 0xf8, 0x0, 0xb, 0xff, 0xff, 0xff, 0xff,
    0xe0, 0x0, 0x0, 0x2f, 0x0, 0xb, 0xc0, 0x0,
    0x5, 0x55, 0xfd, 0x55, 0x7f, 0x55, 0x50, 0xbf,
    0xff, 0xff, 0xff, 0xff, 0xff, 0xd2, 0xff, 0xff,
    0xff, 0xff, 0xff, 0xff, 0x0, 0x1, 0xfc, 0x0,
    0xf, 0x80, 0x0, 0x0, 0x2f, 0xd0, 0x0, 0x3e,
    0x0, 0x0, 0x7, 0xfc, 0x0, 0x1, 0xf4, 0x0,
    0x0, 0x1f, 0x80, 0x0, 0x7, 0xd0, 0x0, 0x0,
    0x0, 0x0, 0x0, 0x0, 0x0, 0x0, 0x0,

    /* U+7C97 "粗" */
    0x0, 0x1, 0xa0, 0x0, 0x0, 0x0, 0x0, 0x0,
    0xb, 0xc0, 0x1, 0xaa, 0xaa, 0x40, 0x28, 0x3f,
    0x19, 0x2f, 0xff, 0xff, 0x0, 0xf0, 0xfc, 0xf4,
    0xff, 0xff, 0xfe, 0x3, 0xd3, 0xe3, 0xc3, 0xe0,
    0x1, 0xf4, 0xf, 0x4f, 0x9f, 0xf, 0x80, 0x7,
    0xd0, 0x3e, 0x7d, 0xbc, 0x7d, 0x0, 0x2f, 0x0,
    0xf9, 0xf6, 0xe1, 0xf4, 0x0, 0xbc, 0x0, 0x7,
    0xc0, 0xb, 0xd5, 0x57, 0xf0, 0x2a, 0xbf, 0xa9,
    0x2f, 0xff, 0xff, 0xc0, 0xff, 0xff, 0xf8, 0xff,
    0xff, 0xfe, 0x3, 0xff, 0xff, 0xd3, 0xf5, 0x55,
    0xf8, 0x0, 0x2f, 0xc0, 0xf, 0x80, 0x3, 0xe0,
    0x1, 0xff, 0x80, 0x3e, 0x0, 0x1f, 0x40, 0xf,
    0xff, 0x81, 0xf4, 0x0, 0x7d, 0x0, 0xbf, 0xef,
    0x87, 0xea, 0xab, 0xf0, 0x7, 0xff, 0x2f, 0x5f,
    0xff, 0xff, 0xc0, 0x7f, 0xbc, 0x38, 0xbf, 0xff,
    0xff, 0x3, 0xf2, 0xf0, 0x2, 0xf0, 0x0, 0xfc,
    0x2f, 0x4f, 0xc0, 0xf, 0xc0, 0x3, 0xe0, 0x28,
    0x3e, 0x0, 0x3e, 0x0, 0xf, 0x80, 0x0, 0xf8,
    0x0, 0xf8, 0x0, 0x7d, 0x0, 0x3, 0xe0, 0x3,
    0xd0, 0x1, 0xf4, 0x0, 0x1f, 0x41, 0xbf, 0xea,
    0xaf, 0xf9, 0x0, 0x7d, 0xb, 0xff, 0xff, 0xff,
    0xf8, 0x1, 0xf0, 0x3f, 0xff, 0xff, 0xff, 0xd0,

    /* U+7CFB "系" */
    0x0, 0x0, 0x0, 0x0, 0x0, 0x0, 0x0, 0x0,
    0x0, 0x0, 0x5, 0x6b, 0xff, 0x40, 0x2, 0xaf,
    0xff, 0xff, 0xff, 0xfd, 0x0, 0x1f, 0xff, 0xff,
    0xff, 0xfa, 0x90, 0x0, 0xbf, 0xfb, 0xfe, 0x0,
    0x0, 0x0, 0x0, 0x0, 0x2f, 0xd0, 0x2, 0x0,
    0x0, 0x0, 0x7, 0xf8, 0x0, 0x7f, 0x80, 0x0,
    0x0, 0xbf, 0x0, 0xf, 0xfd, 0x0, 0x0, 0x2f,
    0xfa, 0xbf, 0xff, 0x80, 0x0, 0x0, 0xff, 0xff,
    0xff, 0xe0, 0x0, 0x0, 0x3, 0xff, 0xff, 0xf8,
    0x0, 0x0, 0x0, 0x0, 0x2, 0xff, 0x40, 0xbd,
    0x0, 0x0, 0x0, 0xbf, 0xd0, 0x0, 0xfc, 0x0,
    0x0, 0x7f, 0xe4, 0x1, 0x5b, 0xf8, 0x0, 0xf,
    0xff, 0xff, 0xff, 0xff, 0xf0, 0x0, 0x7f, 0xff,
    0xff, 0xff, 0xeb, 0xf0, 0x0, 0x6a, 0x55, 0x7f,
    0x0, 0xb, 0xd0, 0x0, 0x0, 0x0, 0xfc, 0x5,
    0x0, 0x0, 0x1, 0xfc, 0x3, 0xf0, 0x3f, 0x0,
    0x0, 0x1f, 0xc0, 0x1f, 0xc0, 0x7f, 0x0, 0x0,
    0xfd, 0x0, 0x7e, 0x0, 0xfd, 0x0, 0xf, 0xe0,
    0x2, 0xf8, 0x1, 0xfc, 0x0, 0xbf, 0x1, 0xb,
    0xd0, 0x2, 0xfc, 0x7, 0xf0, 0x1f, 0xff, 0x40,
    0x3, 0xf4, 0x15, 0x0, 0x7f, 0xfc, 0x0, 0x5,
    0x50, 0x0, 0x0, 0x6f, 0xd0, 0x0, 0x0, 0x0,

    /* U+7D20 "素" */
    0x0, 0x0, 0x0, 0xf, 0xc0, 0x0, 0x0, 0x0,
    0x0, 0x0, 0x3f, 0x0, 0x0, 0x0, 0xb, 0xff,
    0xff, 0xff, 0xff, 0xff, 0x0, 0x3f, 0xff, 0xff,
    0xff, 0xff, 0xfc, 0x0, 0x0, 0x0, 0x1f, 0x80,
    0x0, 0x0, 0x0, 0x0, 0x0, 0xbe, 0x0, 0x0,
    0x0, 0x2, 0xff, 0xff, 0xff, 0xff, 0xf8, 0x0,
    0xf, 0xff, 0xff, 0xff, 0xff, 0xe0, 0x0, 0x0,
    0x0, 0x3f, 0x0, 0x0, 0x0, 0x1f, 0xff, 0xff,
    0xff, 0xff, 0xff, 0xd0, 0x7f, 0xff, 0xff, 0xff,
    0xff, 0xff, 0x40, 0x55, 0x5f, 0xfd, 0x55, 0x55,
    0x54, 0x0, 0x2, 0xff, 0x40, 0x1f, 0x80, 0x0,
    0x0, 0xff, 0x90, 0x5b, 0xfe, 0x0, 0x0, 0xb,
    0xff, 0xff, 0xff, 0x40, 0x0, 0x0, 0x5, 0x5b,
    0xff, 0xd0, 0xbd, 0x0, 0x0, 0x2, 0xff, 0xe0,
    0x0, 0xfc, 0x0, 0x2, 0xff, 0xf9, 0x6b, 0xff,
    0xfc, 0x0, 0x2f, 0xff, 0xff, 0xff, 0xff, 0xf4,
    0x0, 0x3f, 0xfe, 0xbf, 0x94, 0x2, 0xa0, 0x0,
    0x1a, 0x80, 0xbd, 0xb, 0xe0, 0x0, 0x1, 0xfc,
    0x2, 0xf4, 0xf, 0xe0, 0x0, 0x1f, 0xc0, 0xf,
    0xc0, 0xf, 0xd0, 0x2, 0xfc, 0x1f, 0xff, 0x0,
    0x1f, 0xd0, 0x2f, 0xc0, 0x7f, 0xfc, 0x0, 0x1f,
    0xc0, 0x0, 0x0, 0xaf, 0xd0, 0x0, 0x0, 0x0,

    /* U+7D22 "索" */
    0x0, 0x0, 0x0, 0xb, 0xd0, 0x0, 0x0, 0x0,
    0x0, 0x0, 0x2f, 0x40, 0x0, 0x0, 0x3, 0xff,
    0xff, 0xff, 0xff, 0xff, 0x0, 0xf, 0xff, 0xff,
    0xff, 0xff, 0xfc, 0x0, 0x2a, 0xaa, 0xaf, 0xea,
    0xaa, 0x90, 0x0, 0x0, 0x0, 0x7f, 0x0, 0x0,
    0x0, 0x1, 0xaa, 0xaa, 0xfe, 0xaa, 0xa4, 0x0,
    0x7f, 0xff, 0xff, 0xff, 0xff, 0xfd, 0x2, 0xff,
    0xff, 0xff, 0xff, 0xff, 0xf8, 0xf, 0xc0, 0x7,
    0xe0, 0x0, 0x7, 0xe0, 0x3f, 0x0, 0xbf, 0x80,
    0x24, 0x1f, 0x40, 0xf8, 0x2f, 0xe0, 0xb, 0xf4,
    0xbd, 0x0, 0xb, 0xfe, 0xab, 0xff, 0x40, 0x0,
    0x0, 0x7f, 0xff, 0xff, 0xd0, 0x0, 0x0, 0x0,
    0x65, 0xbf, 0xe4, 0x2f, 0x0, 0x0, 0x0, 0x2f,
    0xf4, 0x0, 0x3f, 0x0, 0x0, 0x2f, 0xfe, 0x5a,
    0xbf, 0xfd, 0x0, 0x3, 0xff, 0xff, 0xff, 0xff,
    0xfc, 0x0, 0xf, 0xff, 0xff, 0xf9, 0x51, 0xfc,
    0x0, 0x0, 0x0, 0xf, 0xc0, 0x1, 0x50, 0x0,
    0x2f, 0xc0, 0x7e, 0x7, 0xf0, 0x0, 0x2, 0xfc,
    0x2, 0xf8, 0x7, 0xf0, 0x0, 0x3f, 0xc0, 0xb,
    0xd0, 0xb, 0xf0, 0x3, 0xfc, 0xe, 0x7f, 0x40,
    0xf, 0xe0, 0x2f, 0x80, 0x7f, 0xfc, 0x0, 0xf,
    0xd0, 0x0, 0x0, 0xff, 0xe0, 0x0, 0x0, 0x0,
    0x0, 0x0, 0x4, 0x0, 0x0, 0x0, 0x0,

    /* U+7EA2 "红" */
    0x0, 0x1, 0xa8, 0x0, 0x0, 0x0, 0x0, 0x0,
    0x3, 0xf4, 0x0, 0x0, 0x0, 0x0, 0x0, 0xb,
    0xe0, 0xf, 0xff, 0xff, 0xf8, 0x0, 0x1f, 0xc0,
    0xf, 0xff, 0xff, 0xfc, 0x0, 0x3f, 0x80, 0x1f,
    0xff, 0xff, 0xfc, 0x0, 0xbf, 0x5, 0x40, 0x7,
    0xf0, 0x0, 0x0, 0xfc, 0x2f, 0x40, 0x7, 0xe0,
    0x0, 0x3, 0xf8, 0x7f, 0x0, 0xb, 0xe0, 0x0,
    0xb, 0xfa, 0xfc, 0x0, 0xb, 0xd0, 0x0, 0xf,
    0xff, 0xf8, 0x0, 0xf, 0xd0, 0x0, 0x1f, 0xff,
    0xf0, 0x0, 0xf, 0xc0, 0x0, 0x6, 0x6f, 0xc0,
    0x0, 0xf, 0xc0, 0x0, 0x0, 0x3f, 0x40, 0x0,
    0xf, 0xc0, 0x0, 0x0, 0xbe, 0x0, 0x0, 0xf,
    0xc0, 0x0, 0x2, 0xfd, 0x6a, 0x0, 0x1f, 0x80,
    0x0, 0x7, 0xff, 0xfe, 0x0, 0x1f, 0x80, 0x0,
    0xf, 0xff, 0xfd, 0x0, 0x2f, 0x40, 0x0, 0x7,
    0xe9, 0x40, 0x0, 0x2f, 0x40, 0x0, 0x0, 0x0,
    0x0, 0x0, 0x3f, 0x0, 0x0, 0x0, 0x0, 0x19,
    0x0, 0x3f, 0x0, 0x0, 0x0, 0x1b, 0xfc, 0x0,
    0x3f, 0x0, 0x0, 0x2f, 0xff, 0xfc, 0x0, 0x3f,
    0x0, 0x0, 0x3f, 0xff, 0xe2, 0xaa, 0xff, 0xaa,
    0xa4, 0x3f, 0x90, 0x3, 0xff, 0xff, 0xff, 0xf4,
    0x10, 0x0, 0x3, 0xff, 0xff, 0xff, 0xf0, 0x0,
    0x0, 0x0, 0x0, 0x0, 0x0, 0x0,

    /* U+7EBF "线" */
    0x0, 0x0, 0xa8, 0x0, 0xb8, 0x0, 0x0, 0x0,
    0xb, 0xd0, 0x3, 0xf0, 0xfc, 0x0, 0x0, 0x7f,
    0x0, 0xf, 0xc2, 0xf0, 0x0, 0x3, 0xf0, 0x0,
    0x3f, 0x3, 0xe0, 0x0, 0x2f, 0x80, 0x0, 0xfc,
    0x0, 0x0, 0x1, 0xfc, 0x0, 0x3, 0xfa, 0xbf,
    0xe0, 0xf, 0xc1, 0xfa, 0xff, 0xff, 0xff, 0x40,
    0xbe, 0xf, 0xcb, 0xff, 0xfe, 0x94, 0x7, 0xfa,
    0xfd, 0x29, 0xfc, 0x0, 0x0, 0x3f, 0xff, 0xe0,
    0x3, 0xf0, 0x0, 0x1, 0xff, 0xff, 0x0, 0xf,
    0xc5, 0xaf, 0x41, 0x57, 0xf0, 0x1, 0xbf, 0xff,
    0xfd, 0x0, 0x3f, 0x40, 0xff, 0xff, 0xff, 0xa0,
    0x2, 0xf8, 0x3, 0xff, 0xf9, 0x0, 0x0, 0x1f,
    0xc5, 0x85, 0xb, 0xc0, 0x2, 0x1, 0xff, 0xff,
    0x0, 0x2f, 0x0, 0x7c, 0xf, 0xff, 0xfc, 0x0,
    0xbd, 0xb, 0xe0, 0x2f, 0xf9, 0x0, 0x1, 0xf5,
    0xff, 0x0, 0x0, 0x0, 0x0, 0x7, 0xff, 0xe0,
    0x0, 0x0, 0x1a, 0x0, 0x1f, 0xfd, 0x0, 0x0,
    0x1b, 0xf8, 0x7, 0xff, 0x80, 0x0, 0x7f, 0xff,
    0xe6, 0xff, 0xfd, 0x0, 0x83, 0xff, 0xe4, 0x3f,
    0xf9, 0xf8, 0x2f, 0xf, 0x90, 0x1, 0xfd, 0x3,
    0xff, 0xfc, 0x0, 0x0, 0x5, 0x0, 0x7, 0xff,
    0xd0, 0x0, 0x0, 0x0, 0x0, 0x7, 0xf4, 0x0,

    /* U+7EC6 "细" */
    0x0, 0x0, 0x0, 0x0, 0x0, 0x0, 0x0, 0x0,
    0x3, 0xf0, 0x0, 0x0, 0x0, 0x0, 0x0, 0xb,
    0xe0, 0xf, 0xff, 0xff, 0xf8, 0x0, 0xf, 0xc0,
    0x2f, 0xff, 0xff, 0xfc, 0x0, 0x3f, 0x40, 0x3f,
    0xab, 0xfa, 0xfd, 0x0, 0x7e, 0x0, 0x3f, 0x7,
    0xd0, 0xbd, 0x0, 0xfc, 0x2a, 0x3e, 0x7, 0xd0,
    0xfc, 0x2, 0xf4, 0xbd, 0x7e, 0xb, 0xc0, 0xfc,
    0x7, 0xe1, 0xfc, 0x7d, 0xb, 0xc0, 0xfc, 0xf,
    0xff, 0xf0, 0xbd, 0xf, 0xc0, 0xfc, 0x2f, 0xff,
    0xe0, 0xbc, 0xf, 0xc0, 0xf8, 0x1f, 0xff, 0xc0,
    0xfc, 0xf, 0xc1, 0xf8, 0x0, 0x3f, 0x0, 0xff,
    0xff, 0xff, 0xf4, 0x0, 0xfd, 0x0, 0xff, 0xff,
    0xff, 0xf4, 0x2, 0xf8, 0x4, 0xfe, 0xbf, 0xeb,
    0xf0, 0x7, 0xfb, 0xf9, 0xf8, 0x2f, 0x43, 0xf0,
    0xf, 0xff, 0xf5, 0xf4, 0x2f, 0x3, 0xf0, 0x1f,
    0xff, 0xa2, 0xf4, 0x3f, 0x3, 0xf0, 0xa, 0x50,
    0x2, 0xf0, 0x3f, 0x3, 0xe0, 0x0, 0x0, 0x3,
    0xf0, 0x3f, 0x7, 0xe0, 0x0, 0x0, 0x77, 0xf0,
    0x3e, 0x7, 0xd0, 0x0, 0x6f, 0xf7, 0xf0, 0x7e,
    0x7, 0xd0, 0x2f, 0xff, 0xf7, 0xe0, 0x7d, 0xb,
    0xc0, 0x3f, 0xfe, 0x47, 0xff, 0xff, 0xff, 0xc0,
    0x3f, 0x90, 0xb, 0xff, 0xff, 0xff, 0xc0, 0x0,
    0x0, 0xb, 0xff, 0xff, 0xff, 0xc0,

    /* U+7EC8 "终" */
    0x0, 0x2, 0xa4, 0x0, 0xbd, 0x0, 0x0, 0x0,
    0x7, 0xf0, 0x1, 0xfc, 0x0, 0x0, 0x0, 0xf,
    0xd0, 0x2, 0xf9, 0x55, 0x40, 0x0, 0x1f, 0x80,
    0x3, 0xff, 0xff, 0xf0, 0x0, 0x3f, 0x0, 0xf,
    0xff, 0xff, 0xf0, 0x0, 0xbe, 0x5, 0x1f, 0xc0,
    0xb, 0xf0, 0x1, 0xfc, 0x3f, 0x3f, 0xc0, 0xf,
    0xd0, 0x3, 0xf0, 0xfd, 0xbf, 0xe0, 0x3f, 0xc0,
    0xb, 0xf6, 0xfc, 0xff, 0xf8, 0xbf, 0x0, 0x1f,
    0xff, 0xf3, 0xf4, 0xff, 0xfd, 0x0, 0x2f, 0xff,
    0xe0, 0x0, 0x3f, 0xf4, 0x0, 0xa, 0xaf, 0xc0,
    0x0, 0xbf, 0xf0, 0x0, 0x0, 0x3f, 0x0, 0x7,
    0xff, 0xfd, 0x0, 0x0, 0xfd, 0x0, 0x7f, 0xf8,
    0xbf, 0x80, 0x2, 0xf8, 0x17, 0xff, 0x80, 0x1f,
    0xf8, 0x7, 0xff, 0xf2, 0xfb, 0x40, 0x3, 0xfd,
    0xf, 0xff, 0xf0, 0x43, 0xf9, 0x0, 0x74, 0xf,
    0xff, 0x90, 0x3, 0xff, 0xe4, 0x0, 0x1, 0x0,
    0x0, 0x0, 0x7f, 0xfc, 0x0, 0x0, 0x0, 0x0,
    0x0, 0x1, 0xf8, 0x0, 0x0, 0x6, 0xf4, 0x34,
    0x0, 0x4, 0x0, 0x6, 0xff, 0xf0, 0x7f, 0xd0,
    0x0, 0x0, 0x3f, 0xff, 0xf0, 0x7f, 0xfe, 0x40,
    0x0, 0x3f, 0xf9, 0x0, 0xb, 0xff, 0xf9, 0x0,
    0x69, 0x0, 0x0, 0x0, 0x2f, 0xff, 0x0, 0x0,
    0x0, 0x0, 0x0, 0x1, 0xbf, 0x0, 0x0, 0x0,
    0x0, 0x0, 0x0, 0x5, 0x0,

    /* U+7ECF "经" */
    0x0, 0x0, 0x0, 0x0, 0x0, 0x0, 0x0, 0x0,
    0xf, 0xd0, 0x15, 0x55, 0x54, 0x0, 0x0, 0x7e,
    0x1, 0xff, 0xff, 0xfd, 0x0, 0x3, 0xf0, 0xb,
    0xff, 0xff, 0xf8, 0x0, 0x2f, 0x40, 0x0, 0x0,
    0x2f, 0xc0, 0x1, 0xf8, 0x0, 0x0, 0x1, 0xfd,
    0x0, 0xf, 0xc2, 0xf4, 0x0, 0x2f, 0xd0, 0x0,
    0xfd, 0x1f, 0xc0, 0x2, 0xfd, 0x0, 0xb, 0xfb,
    0xfc, 0x0, 0x7f, 0xf0, 0x0, 0x7f, 0xff, 0xd0,
    0xb, 0xff, 0xf8, 0x1, 0xff, 0xff, 0x2, 0xff,
    0x87, 0xfc, 0x1, 0x57, 0xf0, 0x7f, 0xe0, 0x3,
    0xfd, 0x0, 0x3f, 0x40, 0xfc, 0x0, 0x3, 0xf0,
    0x2, 0xf8, 0x0, 0x0, 0x0, 0x1, 0x0, 0x2f,
    0xc6, 0xc6, 0xaa, 0xaa, 0xa9, 0x1, 0xff, 0xff,
    0x3f, 0xff, 0xff, 0xf8, 0xf, 0xff, 0xf8, 0xff,
    0xff, 0xff, 0xe0, 0x3f, 0xe5, 0x0, 0x0, 0xbd,
    0x0, 0x0, 0x0, 0x0, 0x0, 0x2, 0xf0, 0x0,
    0x0, 0x0, 0x5, 0x0, 0xf, 0xc0, 0x0, 0x0,
    0x6, 0xf8, 0x0, 0x3f, 0x0, 0x0, 0x1b, 0xff,
    0xe0, 0x0, 0xfc, 0x0, 0x3, 0xff, 0xfe, 0x0,
    0x3, 0xe0, 0x0, 0xf, 0xfe, 0x1, 0xaa, 0xaf,
    0xea, 0xa8, 0x29, 0x0, 0xf, 0xff, 0xff, 0xff,
    0xf0, 0x0, 0x0, 0x3f, 0xff, 0xff, 0xff, 0xc0,

    /* U+7ED3 "结" */
    0x0, 0x1, 0x50, 0x0, 0x2, 0x90, 0x0, 0x0,
    0x7, 0xf0, 0x0, 0x7, 0xe0, 0x0, 0x0, 0xf,
    0xd0, 0x0, 0x7, 0xe0, 0x0, 0x0, 0x1f, 0x80,
    0x0, 0xb, 0xd0, 0x0, 0x0, 0x3f, 0x0, 0x7f,
    0xff, 0xff, 0xfd, 0x0, 0xbd, 0x0, 0xbf, 0xff,
    0xff, 0xfd, 0x1, 0xfc, 0x2a, 0x6a, 0xaf, 0xea,
    0xa8, 0x3, 0xf0, 0xbd, 0x0, 0xf, 0xc0, 0x0,
    0xb, 0xfa, 0xfc, 0x0, 0xf, 0xc0, 0x0, 0x1f,
    0xff, 0xf0, 0x0, 0xf, 0x80, 0x0, 0x1f, 0xff,
    0xd0, 0x6a, 0xbf, 0xea, 0xa0, 0x6, 0x6f, 0xc0,
    0xbf, 0xff, 0xff, 0xf0, 0x0, 0x3f, 0x0, 0xbf,
    0xff, 0xff, 0xf0, 0x0, 0xfd, 0x0, 0x0, 0x0,
    0x0, 0x0, 0x2, 0xf5, 0x68, 0x0, 0x0, 0x0,
    0x0, 0x7, 0xff, 0xf8, 0x2f, 0xff, 0xff, 0x80,
    0xf, 0xff, 0xf4, 0xbf, 0xff, 0xff, 0xe0, 0xf,
    0xf9, 0x40, 0xfe, 0xaa, 0xab, 0xe0, 0x0, 0x0,
    0x0, 0xfc, 0x0, 0x7, 0xe0, 0x0, 0x0, 0x0,
    0xf8, 0x0, 0x7, 0xd0, 0x0, 0x6, 0xf5, 0xf8,
    0x0, 0xb, 0xd0, 0x6, 0xff, 0xf5, 0xf4, 0x0,
    0xb, 0xc0, 0x3f, 0xff, 0xf2, 0xf4, 0x0, 0xf,
    0xc0, 0x3f, 0xf9, 0x2, 0xfa, 0xaa, 0xaf, 0xc0,
    0x39, 0x0, 0x2, 0xff, 0xff, 0xff, 0xc0, 0x0,
    0x0, 0x3, 0xff, 0xff, 0xff, 0xc0,

    /* U+7ED8 "绘" */
    0x0, 0x0, 0x54, 0x0, 0x0, 0x0, 0x0, 0x0,
    0x3, 0xf0, 0x0, 0xbf, 0xfc, 0x0, 0x0, 0xb,
    0xe0, 0x1, 0xff, 0xfe, 0x0, 0x0, 0xf, 0xc0,
    0x3, 0xfa, 0xbf, 0x0, 0x0, 0x3f, 0x40, 0xb,
    0xe0, 0xf, 0x80, 0x0, 0x7e, 0x0, 0x1f, 0xc0,
    0xb, 0xc0, 0x0, 0xfc, 0x3f, 0x3f, 0x40, 0x7,
    0xe0, 0x3, 0xf4, 0xbd, 0xbe, 0x0, 0x3, 0xf0,
    0xb, 0xf6, 0xfc, 0xfc, 0x0, 0x1, 0xf8, 0xf,
    0xff, 0xf3, 0xf7, 0xff, 0xfe, 0xfc, 0x1f, 0xff,
    0xd7, 0xe3, 0xff, 0xfd, 0x7e, 0xa, 0xbf, 0x80,
    0x1, 0x55, 0x54, 0x10, 0x0, 0x3f, 0x0, 0x0,
    0x0, 0x0, 0x0, 0x0, 0xfc, 0x0, 0x0, 0x0,
    0x0, 0x0, 0x3, 0xf4, 0x11, 0xff, 0xff, 0xff,
    0xf4, 0xb, 0xff, 0xf2, 0xff, 0xff, 0xff, 0xf0,
    0x1f, 0xff, 0xf1, 0xab, 0xfe, 0xaa, 0xa0, 0x1f,
    0xfe, 0x50, 0x3, 0xf0, 0x0, 0x0, 0x5, 0x0,
    0x0, 0xb, 0xd0, 0x68, 0x0, 0x0, 0x0, 0x14,
    0x1f, 0xc0, 0x7d, 0x0, 0x0, 0xb, 0xf4, 0x3f,
    0x0, 0x3f, 0x0, 0x6, 0xff, 0xf4, 0xfd, 0x0,
    0x2f, 0x0, 0x3f, 0xff, 0xd1, 0xfc, 0x5a, 0xff,
    0x80, 0x3f, 0xe4, 0x3, 0xff, 0xff, 0xff, 0xc0,
    0x24, 0x0, 0x3, 0xff, 0xff, 0xeb, 0xd0, 0x0,
    0x0, 0x1, 0xa5, 0x40, 0x3, 0xf0,

    /* U+7EDF "统" */
    0x0, 0x1, 0xa0, 0x0, 0xa, 0x40, 0x0, 0x0,
    0x7, 0xf0, 0x0, 0xf, 0xc0, 0x0, 0x0, 0xf,
    0xc0, 0x0, 0xf, 0xc0, 0x0, 0x0, 0x2f, 0x80,
    0x6a, 0xaf, 0xfa, 0xa8, 0x0, 0x3f, 0x0, 0xbf,
    0xff, 0xff, 0xfd, 0x0, 0xbd, 0x0, 0xbf, 0xff,
    0xff, 0xfc, 0x1, 0xf8, 0x2e, 0x0, 0xfd, 0x0,
    0x0, 0x3, 0xf0, 0xbd, 0x2, 0xf8, 0x5, 0x0,
    0xb, 0xe6, 0xfc, 0x7, 0xf0, 0x1f, 0x40, 0x1f,
    0xff, 0xf0, 0xf, 0xd0, 0xf, 0x80, 0x2f, 0xff,
    0xd0, 0x2f, 0x80, 0xb, 0xc0, 0x5, 0x6f, 0x80,
    0xbf, 0x55, 0xaf, 0xe0, 0x0, 0x3f, 0x0, 0xff,
    0xff, 0xff, 0xf0, 0x0, 0xfd, 0x0, 0xff, 0xff,
    0xff, 0xf4, 0x2, 0xf8, 0x14, 0x1b, 0xd2, 0xf0,
    0xf8, 0x7, 0xff, 0xf8, 0xb, 0xc3, 0xf0, 0x0,
    0xf, 0xff, 0xf8, 0xf, 0xc3, 0xf0, 0x0, 0xf,
    0xfe, 0x50, 0xf, 0x83, 0xe0, 0x0, 0x0, 0x0,
    0x0, 0x2f, 0x43, 0xe0, 0x0, 0x0, 0x0, 0x24,
    0x3f, 0x7, 0xd0, 0x0, 0x0, 0x1b, 0xf4, 0x7e,
    0x7, 0xd0, 0x0, 0xb, 0xff, 0xf4, 0xfc, 0xb,
    0xc0, 0x0, 0x3f, 0xff, 0x92, 0xf8, 0xb, 0xc0,
    0x14, 0x3f, 0x90, 0x7, 0xf0, 0xf, 0xff, 0xf4,
    0x10, 0x0, 0x1f, 0xd0, 0xb, 0xff, 0xf4, 0x0,
    0x0, 0x3f, 0x40, 0x3, 0xff, 0xd0, 0x0, 0x0,
    0x1, 0x0, 0x0, 0x0, 0x0,

    /* U+7EED "续" */
    0x0, 0x2, 0xa0, 0x0, 0x6, 0x80, 0x0, 0x0,
    0xb, 0xd0, 0x0, 0xb, 0xc0, 0x0, 0x0, 0x1f,
    0x80, 0x0, 0xf, 0xc0, 0x0, 0x0, 0x3f, 0x0,
    0x7f, 0xff, 0xff, 0xf8, 0x0, 0x7e, 0x0, 0x7f,
    0xff, 0xff, 0xf8, 0x0, 0xfc, 0x14, 0x0, 0x1f,
    0x80, 0x0, 0x2, 0xf0, 0xbc, 0x0, 0xf, 0x80,
    0x0, 0x7, 0xe1, 0xf9, 0xff, 0xff, 0xff, 0xf8,
    0xf, 0xef, 0xf1, 0xff, 0xff, 0xff, 0xfc, 0x2f,
    0xff, 0xd0, 0x55, 0x55, 0x55, 0xfc, 0x2f, 0xff,
    0xc0, 0x38, 0x2, 0x90, 0xfc, 0x0, 0x3f, 0x0,
    0x7f, 0xe3, 0xe1, 0xf4, 0x0, 0xbe, 0x0, 0x7,
    0xe3, 0xd2, 0xf0, 0x1, 0xfc, 0x0, 0xe4, 0x7,
    0xd0, 0x0, 0x3, 0xf5, 0x61, 0xff, 0x47, 0xc0,
    0x0, 0xf, 0xff, 0xf0, 0x6f, 0x8b, 0xc0, 0x0,
    0x1f, 0xff, 0xe0, 0x0, 0xf, 0xc0, 0x0, 0xf,
    0xe9, 0x7, 0xff, 0xff, 0xff, 0xf8, 0x0, 0x0,
    0xb, 0xff, 0xff, 0xff, 0xf8, 0x0, 0x0, 0x15,
    0x55, 0xff, 0x55, 0x50, 0x0, 0x1b, 0xe0, 0x2,
    0xff, 0xc0, 0x0, 0x2f, 0xff, 0xe0, 0xb, 0xfb,
    0xf4, 0x0, 0x3f, 0xff, 0x80, 0x7f, 0xc1, 0xfe,
    0x0, 0x3f, 0x90, 0x7, 0xff, 0x0, 0x3f, 0xc0,
    0x0, 0x0, 0x3f, 0xf4, 0x0, 0xf, 0xf4, 0x0,
    0x0, 0x1f, 0x80, 0x0, 0x2, 0xe0, 0x0, 0x0,
    0x0, 0x0, 0x0, 0x0, 0x0,

    /* U+7EFF "绿" */
    0x0, 0xa, 0x80, 0x0, 0x0, 0x0, 0x0, 0x0,
    0x7e, 0x3, 0xff, 0xff, 0xf8, 0x0, 0x3, 0xf0,
    0xf, 0xff, 0xff, 0xf4, 0x0, 0x2f, 0x40, 0x15,
    0x55, 0x5b, 0xe0, 0x0, 0xfc, 0x0, 0x0, 0x0,
    0x1f, 0x40, 0xb, 0xc0, 0x0, 0x55, 0x55, 0xbd,
    0x0, 0x7e, 0xf, 0xcb, 0xff, 0xff, 0xf0, 0x3,
    0xf0, 0xbd, 0x2f, 0xff, 0xff, 0xc0, 0x2f, 0xab,
    0xe0, 0x0, 0x0, 0x3f, 0x0, 0xff, 0xff, 0x0,
    0x0, 0x0, 0xfc, 0x3, 0xff, 0xf4, 0xff, 0xff,
    0xff, 0xff, 0x1, 0x1f, 0x83, 0xff, 0xff, 0xff,
    0xfc, 0x0, 0xfc, 0x5, 0x55, 0xbe, 0x55, 0x40,
    0xf, 0xc0, 0x18, 0x2, 0xf4, 0x2, 0x0, 0xbe,
    0x6c, 0x7e, 0x4f, 0xc0, 0xbc, 0x7, 0xff, 0xf1,
    0xff, 0x3f, 0x5f, 0xf0, 0x2f, 0xff, 0xc0, 0xbc,
    0xff, 0xbd, 0x0, 0x7e, 0x90, 0x0, 0x13, 0xff,
    0x40, 0x0, 0x0, 0x0, 0x1, 0xdf, 0xfe, 0x0,
    0x0, 0x1, 0xa0, 0x7f, 0x7e, 0xfd, 0x0, 0x1,
    0xbf, 0x9f, 0xf9, 0xf4, 0xfd, 0x1, 0xff, 0xfe,
    0xff, 0xb, 0xd0, 0xfe, 0xb, 0xfe, 0x43, 0xd0,
    0x2f, 0x1, 0xfe, 0x29, 0x0, 0x0, 0x3f, 0xfc,
    0x0, 0xf4, 0x0, 0x0, 0x0, 0xff, 0xf0, 0x0,
    0x0, 0x0, 0x0, 0x1, 0xbf, 0x40, 0x0, 0x0,

    /* U+7F13 "缓" */
    0x0, 0x1, 0x50, 0x0, 0x0, 0x0, 0x0, 0x0,
    0x1f, 0x80, 0x15, 0x5a, 0xbf, 0xe0, 0x0, 0xfc,
    0xf, 0xff, 0xff, 0xff, 0x80, 0xb, 0xe0, 0x3f,
    0xfe, 0xa9, 0x50, 0x0, 0x3f, 0x0, 0x0, 0x5,
    0x1, 0x90, 0x2, 0xf4, 0x0, 0xf8, 0x7c, 0xf,
    0x80, 0x1f, 0x83, 0xd2, 0xf0, 0xf4, 0x7c, 0x0,
    0xfc, 0x3f, 0xb, 0xc3, 0xe3, 0xf0, 0xb, 0xe6,
    0xf9, 0xff, 0xff, 0xff, 0xf4, 0x7f, 0xff, 0xc7,
    0xff, 0xff, 0xff, 0xd1, 0xff, 0xfc, 0x0, 0x3f,
    0x0, 0x0, 0x2, 0x9f, 0xe0, 0x0, 0xfc, 0x0,
    0x0, 0x0, 0x7f, 0x3, 0xff, 0xff, 0xff, 0xf8,
    0x3, 0xf0, 0x1f, 0xff, 0xff, 0xff, 0xe0, 0x3f,
    0x45, 0x15, 0xfd, 0x55, 0x55, 0x2, 0xff, 0xfc,
    0xb, 0xe0, 0x0, 0x0, 0x1f, 0xff, 0xe0, 0x3f,
    0xff, 0xff, 0xc0, 0x3f, 0xe9, 0x1, 0xff, 0xff,
    0xff, 0x0, 0x0, 0x0, 0xf, 0xf8, 0x1, 0xfc,
    0x0, 0x0, 0x14, 0xbf, 0xf8, 0x1f, 0xc0, 0x0,
    0x6f, 0xe3, 0xf2, 0xf9, 0xfd, 0x0, 0xbf, 0xff,
    0xbf, 0x42, 0xff, 0xd0, 0x3, 0xff, 0xe6, 0xf8,
    0x7, 0xfe, 0x0, 0xf, 0x90, 0x1f, 0xc2, 0xff,
    0xff, 0x80, 0x0, 0x1, 0xfd, 0xff, 0xe0, 0xbf,
    0xf4, 0x0, 0x2, 0xc3, 0xf8, 0x0, 0x2f, 0xc0,
    0x0, 0x0, 0x1, 0x0, 0x0, 0x9, 0x0,

    /* U+7F29 "缩" */
    0x0, 0x6, 0x80, 0x0, 0x1a, 0x0, 0x0, 0x0,
    0xf, 0x80, 0x0, 0x1f, 0x80, 0x0, 0x0, 0x2f,
    0x40, 0x15, 0x6f, 0xd5, 0x50, 0x0, 0x3f, 0x2,
    0xff, 0xff, 0xff, 0xfc, 0x0, 0xbd, 0x3, 0xff,
    0xff, 0xff, 0xfd, 0x0, 0xfc, 0x3, 0xe0, 0x0,
    0x0, 0x3d, 0x3, 0xf0, 0xfb, 0xe5, 0x0, 0x0,
    0x3d, 0x7, 0xe2, 0xf1, 0x7f, 0x0, 0x0, 0x64,
    0xf, 0xd7, 0xd0, 0x7d, 0xff, 0xff, 0xf8, 0x2f,
    0xff, 0xc0, 0xfc, 0xff, 0xff, 0xf8, 0x2f, 0xff,
    0x41, 0xf4, 0x1, 0xf4, 0x0, 0x5, 0xbe, 0x3,
    0xf0, 0x2, 0xf0, 0x0, 0x0, 0xfc, 0x7, 0xf0,
    0x17, 0xf9, 0x40, 0x2, 0xf4, 0xf, 0xf0, 0xff,
    0xff, 0xe0, 0x7, 0xe0, 0x5f, 0xf1, 0xfa, 0xab,
    0xf0, 0xf, 0xff, 0xff, 0xe2, 0xf0, 0x2, 0xf0,
    0x1f, 0xff, 0xc3, 0xe2, 0xf0, 0x3, 0xe0, 0xf,
    0xe9, 0x3, 0xe2, 0xf0, 0x3, 0xe0, 0x0, 0x0,
    0x3, 0xd3, 0xff, 0xff, 0xd0, 0x0, 0x0, 0x43,
    0xd3, 0xff, 0xff, 0xd0, 0x0, 0x1b, 0xc7, 0xc3,
    0xd0, 0x3, 0xd0, 0x1b, 0xff, 0xc7, 0xc3, 0xd0,
    0x7, 0xc0, 0x3f, 0xff, 0x4b, 0xc3, 0xc0, 0x7,
    0xc0, 0x3f, 0x90, 0xb, 0xc7, 0xd5, 0x5b, 0xc0,
    0x10, 0x0, 0xf, 0x87, 0xff, 0xff, 0xc0, 0x0,
    0x0, 0xf, 0x8b, 0xff, 0xff, 0xc0,

    /* U+7F6E "置" */
    0x0, 0x0, 0x0, 0x0, 0x0, 0x0, 0x0, 0x0,
    0xbf, 0xff, 0xff, 0xff, 0xff, 0x0, 0xb, 0xff,
    0xff, 0xff, 0xff, 0xff, 0x0, 0x3f, 0x1, 0xf0,
    0xf, 0x40, 0xfc, 0x0, 0xf8, 0x7, 0xc0, 0x3d,
    0x3, 0xe0, 0x3, 0xff, 0xff, 0xff, 0xff, 0xff,
    0x80, 0xf, 0xff, 0xff, 0xff, 0xff, 0xfe, 0x0,
    0x0, 0x0, 0xf, 0xc0, 0x0, 0x0, 0x0, 0x0,
    0x0, 0x3f, 0x0, 0x0, 0x0, 0xf, 0xff, 0xff,
    0xff, 0xff, 0xff, 0xc0, 0x3f, 0xff, 0xff, 0xff,
    0xff, 0xff, 0x0, 0x0, 0x0, 0x1f, 0x80, 0x0,
    0x0, 0x0, 0xf, 0xff, 0xff, 0xff, 0xf8, 0x0,
    0x0, 0xff, 0xff, 0xff, 0xff, 0xf4, 0x0, 0x3,
    0xf0, 0x0, 0x0, 0x7, 0xd0, 0x0, 0xf, 0xff,
    0xff, 0xff, 0xff, 0x40, 0x0, 0x3f, 0xff, 0xff,
    0xff, 0xfd, 0x0, 0x1, 0xf8, 0x0, 0x0, 0x2,
    0xf0, 0x0, 0x7, 0xff, 0xff, 0xff, 0xff, 0xc0,
    0x0, 0x2f, 0xff, 0xff, 0xff, 0xff, 0x0, 0x0,
    0xbc, 0x0, 0x0, 0x0, 0xfc, 0x0, 0x3, 0xff,
    0xff, 0xff, 0xff, 0xe0, 0x0, 0xf, 0xff, 0xff,
    0xff, 0xff, 0x80, 0x0, 0x3f, 0x0, 0x0, 0x0,
    0x7e, 0x0, 0x3f, 0xff, 0xff, 0xff, 0xff, 0xff,
    0xf1, 0xff, 0xff, 0xff, 0xff, 0xff, 0xff, 0xc0,

    /* U+8003 "考" */
    0x0, 0x0, 0x0, 0x29, 0x0, 0x0, 0x0, 0x0,
    0x0, 0x1, 0xf8, 0x0, 0x0, 0x0, 0x0, 0x0,
    0xb, 0xe0, 0x0, 0x3f, 0x40, 0xb, 0xff, 0xff,
    0xff, 0xf2, 0xf8, 0x0, 0x3f, 0xff, 0xff, 0xff,
    0xaf, 0xc0, 0x0, 0xaa, 0xab, 0xfa, 0xab, 0xfd,
    0x0, 0x0, 0x0, 0xf, 0xc0, 0x1f, 0xd0, 0x0,
    0x0, 0x0, 0x3f, 0x2, 0xfe, 0x0, 0x6, 0xaa,
    0xab, 0xfe, 0xbf, 0xfa, 0xa8, 0x3f, 0xff, 0xff,
    0xff, 0xff, 0xff, 0xf0, 0xff, 0xff, 0xff, 0xff,
    0xff, 0xff, 0x80, 0x0, 0x0, 0x2f, 0xf8, 0x0,
    0x0, 0x0, 0x0, 0x1b, 0xfe, 0x0, 0x0, 0x0,
    0x0, 0xb, 0xff, 0xff, 0xff, 0xff, 0x0, 0x1b,
    0xff, 0xff, 0xff, 0xff, 0xfc, 0x1f, 0xff, 0xff,
    0x55, 0x55, 0x55, 0x50, 0x3f, 0xfa, 0xf8, 0x0,
    0x0, 0x0, 0x0, 0x78, 0xf, 0xea, 0xaa, 0xaa,
    0x40, 0x0, 0x0, 0x3f, 0xff, 0xff, 0xff, 0xc0,
    0x0, 0x0, 0xbf, 0xff, 0xff, 0xff, 0x0, 0x0,
    0x0, 0x0, 0x0, 0x0, 0xfc, 0x0, 0x0, 0x0,
    0x0, 0x0, 0x3, 0xf0, 0x0, 0x0, 0x0, 0x1,
    0x40, 0xf, 0xc0, 0x0, 0x0, 0x0, 0x2f, 0xfe,
    0xff, 0x0, 0x0, 0x0, 0x0, 0xbf, 0xff, 0xf4,
    0x0, 0x0, 0x0, 0x0, 0x6, 0xbf, 0x80, 0x0,
    0x0, 0x0, 0x0, 0x0, 0x0, 0x0, 0x0,

    /* U+8098 "肘" */
    0x0, 0x0, 0x0, 0x0, 0x0, 0x5, 0x40, 0x0,
    0x2f, 0xff, 0x80, 0x0, 0xb, 0xc0, 0x0, 0xbf,
    0xff, 0xd0, 0x0, 0xf, 0xc0, 0x0, 0xfe, 0xaf,
    0xd0, 0x0, 0xf, 0xc0, 0x0, 0xfc, 0x7, 0xd0,
    0x0, 0xf, 0xc0, 0x0, 0xf8, 0xb, 0xca, 0xaa,
    0xaf, 0xe8, 0x0, 0xf8, 0xb, 0xcf, 0xff, 0xff,
    0xfc, 0x1, 0xf4, 0xf, 0xcf, 0xff, 0xff, 0xfc,
    0x1, 0xff, 0xff, 0xc0, 0x0, 0x2f, 0x40, 0x2,
    0xff, 0xff, 0x80, 0x0, 0x2f, 0x40, 0x2, 0xf5,
    0x6f, 0x82, 0x80, 0x2f, 0x0, 0x3, 0xf0, 0x1f,
    0x43, 0xd0, 0x3f, 0x0, 0x3, 0xf0, 0x1f, 0x43,
    0xe0, 0x3f, 0x0, 0x3, 0xe0, 0x2f, 0x3, 0xf0,
    0x3f, 0x0, 0x3, 0xf5, 0x7f, 0x2, 0xf0, 0x3e,
    0x0, 0x7, 0xff, 0xff, 0x1, 0xf0, 0x7e, 0x0,
    0x7, 0xff, 0xff, 0x1, 0xf4, 0x7d, 0x0, 0xb,
    0xc0, 0x3e, 0x0, 0xa4, 0xbd, 0x0, 0xf, 0xc0,
    0x3e, 0x0, 0x0, 0xbc, 0x0, 0xf, 0xc0, 0x7d,
    0x0, 0x0, 0xbc, 0x0, 0xf, 0x80, 0x7d, 0x0,
    0x0, 0xfc, 0x0, 0x1f, 0x40, 0xbc, 0x0, 0x0,
    0xfc, 0x0, 0x3f, 0x0, 0xbc, 0x3, 0x90, 0xf8,
    0x0, 0x3e, 0x3f, 0xfc, 0x3, 0xff, 0xf8, 0x0,
    0xbd, 0x3f, 0xf8, 0x3, 0xff, 0xf4, 0x0, 0x6c,
    0x1a, 0xe0, 0x0, 0x6f, 0xe0, 0x0, 0x0, 0x0,
    0x0, 0x0, 0x0, 0x0, 0x0,

    /* U+80A9 "肩" */
    0x0, 0x0, 0x0, 0xf, 0x80, 0x0, 0x0, 0x0,
    0x0, 0x0, 0x3f, 0x0, 0x0, 0x0, 0x1, 0xff,
    0xff, 0xff, 0xff, 0xfe, 0x0, 0xf, 0xff, 0xff,
    0xff, 0xff, 0xfd, 0x0, 0x7f, 0xaa, 0xaa, 0xaa,
    0xab, 0xf4, 0x1, 0xf8, 0x0, 0x0, 0x0, 0xb,
    0xc0, 0xb, 0xd0, 0x0, 0x0, 0x0, 0x3f, 0x0,
    0x2f, 0xff, 0xff, 0xff, 0xff, 0xfc, 0x0, 0xff,
    0xff, 0xff, 0xff, 0xff, 0xf0, 0x3, 0xf9, 0x55,
    0x55, 0x55, 0x55, 0x40, 0xf, 0xc0, 0x0, 0x0,
    0x0, 0x0, 0x0, 0x3f, 0x7, 0xff, 0xff, 0xff,
    0xd0, 0x1, 0xf8, 0x3f, 0xff, 0xff, 0xff, 0xc0,
    0x7, 0xe0, 0xfd, 0x55, 0x55, 0x7f, 0x0, 0x2f,
    0x47, 0xe0, 0x0, 0x0, 0xfc, 0x0, 0xbd, 0x1f,
    0xff, 0xff, 0xff, 0xe0, 0x3, 0xf0, 0xbf, 0xff,
    0xff, 0xff, 0x80, 0xf, 0xc2, 0xf5, 0x55, 0x55,
    0xbe, 0x0, 0x3e, 0xf, 0xc0, 0x0, 0x1, 0xf4,
    0x1, 0xf4, 0x3f, 0xff, 0xff, 0xff, 0xd0, 0xb,
    0xc0, 0xff, 0xff, 0xff, 0xff, 0x0, 0x3f, 0x3,
    0xf5, 0x55, 0x55, 0xfc, 0x1, 0xf8, 0x1f, 0x80,
    0x0, 0x3, 0xf0, 0xf, 0xd0, 0x7d, 0x0, 0xf,
    0xef, 0xc0, 0x7f, 0x2, 0xf4, 0x0, 0x3f, 0xfe,
    0x0, 0xb4, 0xb, 0xc0, 0x0, 0xbf, 0xf0, 0x0,
    0x0, 0x0, 0x0, 0x0, 0x0, 0x0, 0x0,

    /* U+80CC "背" */
    0x0, 0x0, 0x15, 0x1, 0x40, 0x0, 0x0, 0x0,
    0x1f, 0x82, 0xf4, 0x0, 0x0, 0x55, 0x5b, 0xd0,
    0xbc, 0x6, 0xf4, 0xbf, 0xff, 0xf4, 0x3f, 0xff,
    0xfc, 0x2f, 0xff, 0xfc, 0xf, 0xff, 0xe4, 0x0,
    0x0, 0x3f, 0x3, 0xf9, 0x0, 0x0, 0x0, 0x6f,
    0xc0, 0xf8, 0x0, 0x5, 0x6f, 0xff, 0xf0, 0x7f,
    0xaa, 0xff, 0xff, 0xff, 0xf8, 0xf, 0xff, 0xff,
    0xbe, 0x90, 0x7e, 0x1, 0xff, 0xfe, 0x80, 0x0,
    0x0, 0x0, 0x0, 0x0, 0x0, 0x7, 0xff, 0xff,
    0xff, 0xff, 0x0, 0x3, 0xff, 0xff, 0xff, 0xff,
    0xf0, 0x0, 0xfd, 0x55, 0x55, 0x55, 0xfc, 0x0,
    0x7e, 0x0, 0x0, 0x0, 0x3f, 0x0, 0x1f, 0xff,
    0xff, 0xff, 0xff, 0x80, 0xb, 0xff, 0xff, 0xff,
    0xff, 0xe0, 0x2, 0xf9, 0x55, 0x55, 0x56, 0xf4,
    0x0, 0xfc, 0x0, 0x0, 0x0, 0xbd, 0x0, 0x3f,
    0xff, 0xff, 0xff, 0xff, 0x0, 0xf, 0xff, 0xff,
    0xff, 0xff, 0xc0, 0x3, 0xf5, 0x55, 0x55, 0x57,
    0xf0, 0x1, 0xf8, 0x0, 0x0, 0x0, 0xfc, 0x0,
    0x7e, 0x0, 0x0, 0xfe, 0xfe, 0x0, 0x2f, 0x40,
    0x0, 0x3f, 0xff, 0x40, 0xb, 0xc0, 0x0, 0x6,
    0xff, 0x80, 0x0,

    /* U+80FD "能" */
    0x0, 0xa, 0x80, 0x0, 0x54, 0x0, 0x0, 0x3,
    0xf4, 0x0, 0x1f, 0x40, 0x0, 0x0, 0xbf, 0x5,
    0x1, 0xf4, 0x1, 0x90, 0x1f, 0xc0, 0xf8, 0x2f,
    0x46, 0xfd, 0x3, 0xf4, 0xb, 0xc2, 0xff, 0xff,
    0xc0, 0xfd, 0x1, 0xfc, 0x2f, 0xff, 0x90, 0x2f,
    0xff, 0xff, 0xd3, 0xf5, 0x0, 0x3, 0xff, 0xff,
    0xfe, 0x3f, 0x0, 0x0, 0x1f, 0xa9, 0x43, 0xf3,
    0xf0, 0x0, 0xa0, 0x0, 0x0, 0x5, 0x3f, 0xff,
    0xfe, 0xb, 0xff, 0xff, 0x3, 0xff, 0xff, 0xd0,
    0xff, 0xff, 0xf8, 0x1b, 0xff, 0x90, 0x1f, 0x95,
    0x5f, 0x80, 0x0, 0x0, 0x2, 0xf0, 0x0, 0xf8,
    0x7d, 0x0, 0x0, 0x2f, 0x95, 0x6f, 0x87, 0xd0,
    0x0, 0x2, 0xff, 0xff, 0xf4, 0xbc, 0x0, 0x24,
    0x3f, 0xff, 0xff, 0x4b, 0xc5, 0xbf, 0x43, 0xf0,
    0x1, 0xf4, 0xff, 0xff, 0xf0, 0x3f, 0x55, 0x6f,
    0xf, 0xff, 0xe4, 0x3, 0xff, 0xff, 0xf0, 0xfe,
    0x40, 0x0, 0x3f, 0xff, 0xff, 0xf, 0x80, 0x0,
    0x7, 0xd0, 0x3, 0xf1, 0xf8, 0x0, 0x0, 0x7c,
    0x0, 0x3f, 0x1f, 0x40, 0x1, 0x4b, 0xc0, 0xab,
    0xe1, 0xfe, 0xaf, 0xf4, 0xbc, 0xf, 0xfd, 0x1f,
    0xff, 0xff, 0x4f, 0xc0, 0xff, 0x80, 0xbf, 0xff,
    0x90, 0x0, 0x0, 0x0, 0x0, 0x0, 0x0, 0x0,

    /* U+8155 "腕" */
    0x0, 0x0, 0x0, 0x0, 0x2, 0xe0, 0x0, 0x0,
    0xb, 0xff, 0x40, 0x0, 0xbc, 0x0, 0x0, 0x7,
    0xff, 0xf0, 0x5, 0x6f, 0x95, 0x0, 0x2, 0xff,
    0xfc, 0xbf, 0xff, 0xff, 0xfc, 0x0, 0xfc, 0x2f,
    0x3f, 0xff, 0xff, 0xff, 0x40, 0x3f, 0xb, 0xdf,
    0x80, 0x0, 0x7, 0xd0, 0xf, 0x83, 0xf7, 0xd0,
    0x0, 0x1, 0xf0, 0x3, 0xe0, 0xfa, 0xff, 0x0,
    0x0, 0x68, 0x0, 0xff, 0xfe, 0xb, 0xd0, 0x16,
    0x90, 0x0, 0x7f, 0xff, 0x43, 0xff, 0x9f, 0xff,
    0x0, 0x1f, 0x57, 0xd1, 0xff, 0xfb, 0xff, 0xd0,
    0xb, 0xc1, 0xf0, 0xf8, 0xbe, 0xe0, 0xf4, 0x2,
    0xf0, 0x7c, 0x7c, 0x3e, 0xf8, 0x3d, 0x0, 0xb8,
    0x2f, 0x3e, 0x1f, 0x7e, 0x1f, 0x0, 0x3f, 0xff,
    0xcf, 0x8b, 0xcf, 0x47, 0xc0, 0xf, 0xff, 0xfb,
    0xfb, 0xe3, 0xd1, 0xf0, 0x3, 0xea, 0xff, 0xff,
    0xf5, 0xf4, 0xbc, 0x0, 0xf0, 0x3f, 0xa2, 0xfc,
    0x7e, 0xfe, 0x0, 0x7c, 0xf, 0x40, 0x7d, 0x1f,
    0xbf, 0x40, 0x2f, 0x3, 0xd0, 0x3f, 0xb, 0xc5,
    0x40, 0xb, 0x81, 0xf0, 0x2f, 0x42, 0xf0, 0x0,
    0x3, 0xe0, 0x7c, 0x1f, 0x80, 0xf8, 0x0, 0x0,
    0xf4, 0x2f, 0xf, 0xc0, 0x3e, 0x0, 0x20, 0xbc,
    0xff, 0xcf, 0xd0, 0xf, 0xff, 0xfc, 0x3e, 0x3f,
    0xef, 0xd0, 0x3, 0xff, 0xfe, 0xb, 0x4b, 0xe6,
    0xe0, 0x0, 0x3f, 0xfe, 0x0, 0x0, 0x0, 0x0,
    0x0, 0x0, 0x0, 0x0,

    /* U+817F "腿" */
    0x0, 0x1a, 0xa8, 0x7c, 0x0, 0x55, 0x50, 0x0,
    0x1f, 0xff, 0xcf, 0x41, 0xff, 0xff, 0x40, 0xb,
    0xff, 0xf3, 0xe0, 0xff, 0xff, 0xe0, 0x2, 0xf0,
    0xbc, 0xbc, 0x3e, 0x0, 0xf8, 0x0, 0xf8, 0x2f,
    0x1f, 0xf, 0x80, 0x3d, 0x0, 0x3e, 0xf, 0x83,
    0xd3, 0xff, 0xff, 0x40, 0xf, 0x43, 0xe0, 0x1,
    0xff, 0xff, 0xc0, 0x3, 0xff, 0xf9, 0x50, 0x7d,
    0x56, 0xf0, 0x1, 0xff, 0xfe, 0xff, 0x2f, 0x0,
    0xbc, 0x0, 0x7e, 0x6f, 0xbf, 0xcb, 0xd5, 0x7f,
    0x0, 0x2f, 0x7, 0xc2, 0xf3, 0xff, 0xff, 0x80,
    0xb, 0xc2, 0xf0, 0xb8, 0xff, 0xff, 0xe0, 0x2,
    0xe0, 0xbc, 0x3e, 0x3e, 0x0, 0x0, 0x0, 0xfe,
    0xbf, 0xf, 0x8f, 0x5f, 0x4f, 0x80, 0x3f, 0xff,
    0x83, 0xd3, 0xd3, 0xff, 0xc0, 0xf, 0xff, 0xe0,
    0xf5, 0xf4, 0x3f, 0xc0, 0x3, 0xc0, 0xf4, 0x7c,
    0x7c, 0xb, 0xd0, 0x1, 0xf0, 0x3d, 0x2f, 0x2f,
    0x19, 0xf8, 0x0, 0xbc, 0x1f, 0xb, 0xcb, 0xff,
    0x2f, 0x40, 0x2f, 0x7, 0xc3, 0xf2, 0xff, 0xc3,
    0xf0, 0xf, 0x82, 0xf0, 0xff, 0x7e, 0x40, 0x78,
    0x3, 0xd0, 0xbc, 0x7f, 0xf4, 0x0, 0x0, 0x2,
    0xf3, 0xbe, 0x3f, 0xbf, 0xea, 0xaa, 0x90, 0xfc,
    0xff, 0xaf, 0x47, 0xff, 0xff, 0xf4, 0x2d, 0x2f,
    0x8b, 0xc0, 0x1f, 0xff, 0xfc, 0x0, 0x0, 0x0,
    0x0, 0x0, 0x0, 0x0, 0x0,

    /* U+8180 "膀" */
    0x0, 0x0, 0x0, 0x0, 0x3, 0xe0, 0x0, 0x0,
    0x2, 0xaa, 0x40, 0x0, 0xbc, 0x0, 0x0, 0x3,
    0xff, 0xf8, 0xaa, 0xaf, 0xaa, 0xa0, 0x0, 0xff,
    0xff, 0x7f, 0xff, 0xff, 0xfc, 0x0, 0x7d, 0xf,
    0xdf, 0xff, 0xff, 0xff, 0x0, 0x1f, 0x3, 0xe0,
    0x3e, 0x0, 0xf4, 0x0, 0xb, 0xc0, 0xf8, 0xb,
    0xc0, 0xbc, 0x0, 0x2, 0xf0, 0x3d, 0x16, 0xf5,
    0x7f, 0x50, 0x0, 0xff, 0xff, 0x6f, 0xff, 0xff,
    0xff, 0x0, 0x3f, 0xff, 0xcf, 0xff, 0xff, 0xff,
    0xc0, 0xf, 0x96, 0xf3, 0xd0, 0x14, 0x2, 0xf0,
    0x3, 0xd0, 0xbd, 0xf0, 0xf, 0x80, 0xbc, 0x1,
    0xf4, 0x3f, 0x14, 0x3, 0xf0, 0x5, 0x0, 0x7c,
    0xf, 0x8f, 0xff, 0xff, 0xff, 0x80, 0x1f, 0xab,
    0xe7, 0xff, 0xff, 0xff, 0xe0, 0xb, 0xff, 0xf4,
    0x5b, 0xe5, 0x55, 0x50, 0x2, 0xfa, 0xfd, 0x1,
    0xf0, 0x0, 0x0, 0x0, 0xf8, 0x1f, 0x40, 0xbf,
    0xff, 0xf4, 0x0, 0x3e, 0x7, 0xc0, 0x3f, 0xff,
    0xff, 0x0, 0xf, 0x42, 0xf0, 0x1f, 0x95, 0x5f,
    0xc0, 0x7, 0xc0, 0xbc, 0xf, 0xc0, 0x3, 0xf0,
    0x2, 0xf0, 0x3f, 0x7, 0xd0, 0x0, 0xf8, 0x0,
    0xf8, 0xf, 0x83, 0xf0, 0x0, 0x7d, 0x0, 0x3d,
    0xbf, 0xe3, 0xf4, 0x2f, 0xbf, 0x40, 0x2f, 0x2f,
    0xf6, 0xf8, 0xb, 0xff, 0xc0, 0xb, 0x86, 0xf8,
    0xbc, 0x0, 0xaf, 0xd0, 0x0, 0x0, 0x0, 0x0,
    0x0, 0x0, 0x0, 0x0,

    /* U+81C0 "臀" */
    0x0, 0x0, 0x0, 0x0, 0x0, 0x0, 0x0, 0x0,
    0xbf, 0xff, 0xfc, 0x1f, 0xff, 0xc0, 0x0, 0xfa,
    0xaa, 0xbd, 0x3f, 0xff, 0xc0, 0x1, 0xf0, 0x0,
    0x7d, 0x7c, 0x7, 0xc0, 0x1, 0xff, 0xff, 0xfc,
    0xfc, 0x7, 0xfd, 0x2, 0xf7, 0xd7, 0xd5, 0xf0,
    0x3, 0xfc, 0x2, 0xe3, 0xc3, 0xc0, 0x55, 0x55,
    0x40, 0x3, 0xff, 0xff, 0xfd, 0xff, 0xff, 0xf4,
    0x3, 0xeb, 0xeb, 0xe4, 0xfe, 0xab, 0xf4, 0x7,
    0xc7, 0x8b, 0x40, 0x3d, 0xb, 0xd0, 0xb, 0xff,
    0xff, 0xfc, 0x1f, 0xbf, 0x40, 0xf, 0xaa, 0xaa,
    0xa4, 0xb, 0xfc, 0x0, 0x1f, 0x1f, 0x47, 0xc2,
    0xff, 0xff, 0x90, 0x3e, 0x7d, 0x3, 0xe3, 0xf8,
    0xb, 0xfc, 0x4, 0x54, 0x1, 0xa5, 0x40, 0x0,
    0x70, 0x0, 0x3f, 0xff, 0xff, 0xff, 0xfd, 0x0,
    0x0, 0x7f, 0xff, 0xff, 0xff, 0xfe, 0x0, 0x0,
    0xbd, 0x0, 0x0, 0x0, 0x3e, 0x0, 0x0, 0xbf,
    0xff, 0xff, 0xff, 0xfe, 0x0, 0x0, 0xff, 0xff,
    0xff, 0xff, 0xfd, 0x0, 0x0, 0xfc, 0x0, 0x0,
    0x0, 0xbd, 0x0, 0x0, 0xff, 0xff, 0xff, 0xff,
    0xfc, 0x0, 0x0, 0xff, 0xff, 0xff, 0xff, 0xfc,
    0x0, 0x1, 0xf8, 0x0, 0x1, 0x54, 0xfc, 0x0,
    0x1, 0xf4, 0x0, 0x2, 0xff, 0xf8, 0x0, 0x2,
    0xf4, 0x0, 0x2, 0xff, 0xf0, 0x0,

    /* U+81C2 "臂" */
    0x0, 0x0, 0x0, 0x0, 0x2, 0x90, 0x0, 0x0,
    0x6f, 0xff, 0xd0, 0x3, 0xf0, 0x0, 0x0, 0xff,
    0xff, 0xf3, 0xff, 0xff, 0xfc, 0x1, 0xf4, 0x2,
    0xf3, 0xff, 0xff, 0xfc, 0x1, 0xf4, 0x3, 0xf0,
    0x14, 0x1, 0x40, 0x2, 0xff, 0xff, 0xe0, 0x3c,
    0xf, 0x80, 0x3, 0xfa, 0xaa, 0x9b, 0xff, 0xff,
    0xfc, 0x3, 0xe0, 0x0, 0xf, 0xff, 0xff, 0xfc,
    0x7, 0xdf, 0xff, 0xd0, 0x3, 0xf0, 0x0, 0xb,
    0xef, 0xab, 0xe1, 0x57, 0xe5, 0x50, 0xf, 0x6e,
    0x3, 0xe7, 0xff, 0xff, 0xf0, 0x3f, 0x3f, 0xff,
    0xd6, 0xab, 0xea, 0xa0, 0x5, 0x3f, 0xff, 0xc0,
    0x7, 0xd0, 0x0, 0x0, 0x0, 0x0, 0x0, 0x1,
    0x40, 0x0, 0x0, 0x1f, 0xff, 0xff, 0xff, 0xfc,
    0x0, 0x0, 0x3f, 0xff, 0xff, 0xff, 0xfe, 0x0,
    0x0, 0x3e, 0x0, 0x0, 0x0, 0x3e, 0x0, 0x0,
    0x7f, 0xff, 0xff, 0xff, 0xfd, 0x0, 0x0, 0x7f,
    0xff, 0xff, 0xff, 0xfd, 0x0, 0x0, 0xbd, 0x0,
    0x0, 0x0, 0xbc, 0x0, 0x0, 0xbf, 0xaa, 0xaa,
    0xaa, 0xfc, 0x0, 0x0, 0xff, 0xff, 0xff, 0xff,
    0xfc, 0x0, 0x0, 0xfc, 0x0, 0x0, 0x0, 0xfc,
    0x0, 0x0, 0xfc, 0x0, 0x2, 0xa6, 0xfc, 0x0,
    0x0, 0xf8, 0x0, 0x3, 0xff, 0xf8, 0x0, 0x1,
    0xf8, 0x0, 0x2, 0xff, 0xe0, 0x0,

    /* U+8272 "色" */
    0x0, 0x0, 0x6a, 0x0, 0x0, 0x0, 0x0, 0x0,
    0x7f, 0x40, 0x0, 0x0, 0x0, 0x0, 0x3f, 0xea,
    0xaa, 0xa4, 0x0, 0x0, 0x2f, 0xff, 0xff, 0xff,
    0x40, 0x0, 0x1f, 0xff, 0xff, 0xff, 0xd0, 0x0,
    0x1f, 0xd0, 0x0, 0xb, 0xf0, 0x0, 0xf, 0xe0,
    0x0, 0x7, 0xf0, 0x0, 0xf, 0xf0, 0x0, 0x7,
    0xf4, 0x0, 0xb, 0xff, 0xff, 0xff, 0xff, 0xfc,
    0xb, 0xff, 0xff, 0xff, 0xff, 0xff, 0xc2, 0xaf,
    0xea, 0xaf, 0xea, 0xab, 0xf0, 0x7, 0xe0, 0x3,
    0xf0, 0x0, 0xfc, 0x1, 0xf4, 0x0, 0xfc, 0x0,
    0x7e, 0x0, 0xbd, 0x0, 0x3f, 0x0, 0x1f, 0x80,
    0x2f, 0x0, 0xf, 0xc0, 0xb, 0xd0, 0xf, 0xff,
    0xff, 0xff, 0xff, 0xf4, 0x3, 0xff, 0xff, 0xff,
    0xff, 0xfc, 0x0, 0xfe, 0xaa, 0xaa, 0xaa, 0xaa,
    0x0, 0x3f, 0x0, 0x0, 0x0, 0x0, 0x0, 0x1f,
    0x80, 0x0, 0x0, 0x0, 0x0, 0x7, 0xe0, 0x0,
    0x0, 0x0, 0x0, 0x2, 0xf4, 0x0, 0x0, 0x0,
    0x0, 0x0, 0xbd, 0x0, 0x0, 0x0, 0x1, 0xb4,
    0x2f, 0xff, 0xff, 0xff, 0xff, 0xfd, 0xb, 0xff,
    0xff, 0xff, 0xff, 0xff, 0x40, 0xbf, 0xff, 0xff,
    0xff, 0xe9, 0x0,

    /* U+83B7 "获" */
    0x0, 0x0, 0x1f, 0x40, 0xb, 0xc0, 0x0, 0x0,
    0x0, 0x2f, 0x0, 0xf, 0xc0, 0x0, 0x2, 0xaa,
    0xbf, 0xaa, 0xaf, 0xea, 0xa8, 0x3, 0xff, 0xff,
    0xff, 0xff, 0xff, 0xfc, 0x7, 0xff, 0xff, 0xff,
    0xff, 0xff, 0xfc, 0x0, 0x0, 0x3f, 0x0, 0x1f,
    0x80, 0x0, 0x0, 0x0, 0x2a, 0x0, 0x1a, 0x40,
    0x0, 0x0, 0xbd, 0x6, 0x90, 0xa, 0x5, 0x0,
    0x0, 0x3f, 0x2f, 0xc0, 0x1f, 0x4f, 0x80, 0x0,
    0x1f, 0xfe, 0x0, 0x2f, 0x4b, 0xc0, 0x0, 0xf,
    0xf8, 0x0, 0x2f, 0x3, 0xd0, 0x0, 0x7f, 0xe0,
    0x0, 0x3f, 0x0, 0x0, 0x7, 0xff, 0xf0, 0xff,
    0xff, 0xff, 0xf4, 0x2f, 0xf6, 0xf0, 0xff, 0xff,
    0xff, 0xf4, 0xb, 0x42, 0xf4, 0x55, 0xbf, 0x95,
    0x50, 0x0, 0x7, 0xf4, 0x0, 0xbf, 0x40, 0x0,
    0x0, 0x2f, 0xf4, 0x0, 0xff, 0xc0, 0x0, 0x0,
    0xff, 0xf8, 0x1, 0xff, 0xc0, 0x0, 0xb, 0xf9,
    0xf4, 0x3, 0xf3, 0xe0, 0x0, 0x3f, 0xd1, 0xf4,
    0x7, 0xe2, 0xf4, 0x0, 0x1e, 0x1, 0xf4, 0xf,
    0xc0, 0xfc, 0x0, 0x0, 0x2, 0xf0, 0x3f, 0x40,
    0xbe, 0x0, 0x1, 0x3, 0xf0, 0xfe, 0x0, 0x3f,
    0x40, 0x3, 0xfb, 0xf3, 0xfc, 0x0, 0xf, 0xd0,
    0x3, 0xff, 0xdf, 0xf0, 0x0, 0x7, 0xf4, 0x0,
    0x6f, 0x82, 0x80, 0x0, 0x2, 0x90,

    /* U+84DD "蓝" */
    0x0, 0x0, 0x2f, 0x0, 0x7, 0xd0, 0x0, 0x0,
    0x0, 0x3f, 0x0, 0xb, 0xc0, 0x0, 0x7, 0xff,
    0xff, 0xff, 0xff, 0xff, 0xfc, 0x7, 0xff, 0xff,
    0xff, 0xff, 0xff, 0xfc, 0x6, 0xaa, 0xbf, 0xaa,
    0xaf, 0xea, 0xa8, 0x0, 0x0, 0x7d, 0x0, 0xf,
    0x80, 0x0, 0x0, 0x0, 0x0, 0x0, 0x0, 0x0,
    0x0, 0x0, 0x68, 0xf, 0x80, 0xbd, 0x0, 0x0,
    0x0, 0xbc, 0x1f, 0x40, 0xfd, 0x55, 0x50, 0x0,
    0xfc, 0x1f, 0x41, 0xff, 0xff, 0xf4, 0x0, 0xf8,
    0x1f, 0x3, 0xff, 0xff, 0xf0, 0x0, 0xf8, 0x2f,
    0x7, 0xd0, 0x0, 0x0, 0x0, 0xf4, 0x2f, 0xf,
    0xc3, 0xf0, 0x0, 0x1, 0xf4, 0x3f, 0x1f, 0x41,
    0xf4, 0x0, 0x1, 0xf0, 0x3f, 0x3f, 0x0, 0xbc,
    0x0, 0x0, 0x0, 0x0, 0x0, 0x0, 0x29, 0x0,
    0x0, 0x15, 0x55, 0x55, 0x55, 0x54, 0x0, 0x0,
    0xbf, 0xff, 0xff, 0xff, 0xfe, 0x0, 0x0, 0xff,
    0xff, 0xff, 0xff, 0xff, 0x0, 0x1, 0xf4, 0x1f,
    0x2, 0xf0, 0x3f, 0x0, 0x1, 0xf0, 0x2f, 0x3,
    0xe0, 0x3f, 0x0, 0x2, 0xf0, 0x2f, 0x3, 0xe0,
    0x3e, 0x0, 0x2, 0xf0, 0x3e, 0x3, 0xe0, 0x3e,
    0x0, 0x17, 0xf5, 0x7f, 0x57, 0xe5, 0xbe, 0x50,
    0x3f, 0xff, 0xff, 0xff, 0xff, 0xff, 0xf0, 0x7f,
    0xff, 0xff, 0xff, 0xff, 0xff, 0xf0,

    /* U+8651 "虑" */
    0x0, 0x0, 0x0, 0xf, 0x80, 0x0, 0x0, 0x0,
    0x0, 0x0, 0x7e, 0x55, 0x55, 0x40, 0x0, 0x0,
    0x2, 0xff, 0xff, 0xff, 0x0, 0x0, 0x0, 0xb,
    0xff, 0xff, 0xf8, 0x0, 0x0, 0x0, 0x3f, 0x0,
    0x0, 0x0, 0x0, 0x15, 0x55, 0xfd, 0x55, 0x55,
    0x40, 0x7, 0xff, 0xff, 0xff, 0xff, 0xff, 0x80,
    0x2f, 0xff, 0xff, 0xff, 0xff, 0xff, 0x0, 0xfc,
    0x0, 0x29, 0x0, 0x0, 0xf8, 0x3, 0xf0, 0x1,
    0xf4, 0x1, 0x47, 0xd0, 0xf, 0xc5, 0xaf, 0xff,
    0xff, 0x2f, 0x0, 0x3f, 0x3f, 0xff, 0xff, 0xfc,
    0x0, 0x0, 0xf9, 0xfa, 0xfd, 0x40, 0x0, 0x0,
    0x7, 0xe0, 0x3, 0xf0, 0x0, 0x19, 0x0, 0x1f,
    0x40, 0xf, 0xff, 0xff, 0xf4, 0x0, 0xbd, 0x0,
    0x2f, 0xff, 0xff, 0xc0, 0x3, 0xf0, 0x0, 0x5,
    0x55, 0x0, 0x0, 0xf, 0xc1, 0x42, 0x82, 0x80,
    0x0, 0x0, 0x3e, 0x2f, 0x5f, 0x4f, 0x82, 0xf0,
    0x1, 0xf4, 0xfc, 0xbc, 0x3f, 0x7, 0xd0, 0xb,
    0xc7, 0xe2, 0xf0, 0x7c, 0xf, 0x80, 0x3f, 0x2f,
    0xf, 0xc0, 0xf4, 0x3f, 0x1, 0xf8, 0xfc, 0x3f,
    0x0, 0x0, 0x7d, 0xb, 0xdb, 0xd0, 0xfe, 0xaa,
    0xf8, 0xfc, 0x3f, 0x0, 0x3, 0xff, 0xff, 0xe0,
    0x1, 0xf4, 0x0, 0x7, 0xff, 0xfe, 0x40, 0x0,
    0x40, 0x0, 0x0, 0x0, 0x0, 0x0, 0x0,

    /* U+884C "行" */
    0x0, 0x0, 0xa9, 0x0, 0x0, 0x0, 0x0, 0x0,
    0x3, 0xfc, 0x0, 0x0, 0x0, 0x0, 0x0, 0xb,
    0xf0, 0x2f, 0xff, 0xff, 0xf8, 0x0, 0x1f, 0xd0,
    0x3f, 0xff, 0xff, 0xf8, 0x0, 0x3f, 0x80, 0x2a,
    0xaa, 0xaa, 0xa4, 0x0, 0xff, 0x0, 0x0, 0x0,
    0x0, 0x0, 0x2, 0xfc, 0x15, 0x0, 0x0, 0x0,
    0x0, 0xb, 0xf0, 0xfd, 0x0, 0x0, 0x0, 0x0,
    0x1f, 0xd3, 0xf8, 0x0, 0x0, 0x0, 0x0, 0x15,
    0xb, 0xf0, 0xff, 0xff, 0xff, 0xfc, 0x0, 0x1f,
    0xd1, 0xff, 0xff, 0xff, 0xfc, 0x0, 0x3f, 0xc1,
    0xff, 0xff, 0xff, 0xf8, 0x0, 0xff, 0x80, 0x0,
    0x1, 0xf8, 0x0, 0x2, 0xff, 0x80, 0x0, 0x2,
    0xf4, 0x0, 0xb, 0xff, 0x40, 0x0, 0x2, 0xf4,
    0x0, 0x1f, 0xff, 0x40, 0x0, 0x3, 0xf0, 0x0,
    0x2a, 0x6f, 0x0, 0x0, 0x3, 0xf0, 0x0, 0x0,
    0x3f, 0x0, 0x0, 0x3, 0xf0, 0x0, 0x0, 0x3f,
    0x0, 0x0, 0x3, 0xf0, 0x0, 0x0, 0x3f, 0x0,
    0x0, 0x7, 0xe0, 0x0, 0x0, 0x3e, 0x0, 0x0,
    0x7, 0xe0, 0x0, 0x0, 0x7e, 0x0, 0x0, 0x7,
    0xd0, 0x0, 0x0, 0x7d, 0x0, 0x2d, 0xb, 0xd0,
    0x0, 0x0, 0xbd, 0x0, 0x3f, 0xff, 0xd0, 0x0,
    0x0, 0xbc, 0x0, 0x3f, 0xff, 0xc0, 0x0, 0x0,
    0xfc, 0x0, 0x1, 0xbf, 0x40, 0x0,

    /* U+8868 "表" */
    0x0, 0x0, 0x0, 0xa, 0x80, 0x0, 0x0, 0x0,
    0x0, 0x0, 0x3f, 0x0, 0x0, 0x0, 0x1, 0x55,
    0x55, 0xfd, 0x55, 0x55, 0x0, 0x2f, 0xff, 0xff,
    0xff, 0xff, 0xfc, 0x0, 0xbf, 0xff, 0xff, 0xff,
    0xff, 0xf0, 0x0, 0x0, 0x0, 0xbe, 0x0, 0x0,
    0x0, 0x0, 0x0, 0x2, 0xf4, 0x0, 0x0, 0x0,
    0xf, 0xff, 0xff, 0xff, 0xff, 0xe0, 0x0, 0x3f,
    0xff, 0xff, 0xff, 0xff, 0x80, 0x0, 0xaa, 0xaa,
    0xfe, 0xaa, 0xa8, 0x0, 0x0, 0x0, 0x3, 0xf0,
    0x0, 0x0, 0x0, 0x0, 0x0, 0xf, 0xc0, 0x0,
    0x0, 0xb, 0xff, 0xff, 0xff, 0xff, 0xff, 0xf8,
    0x2f, 0xff, 0xff, 0xff, 0xff, 0xff, 0xd0, 0x55,
    0x55, 0xff, 0xf5, 0x55, 0x55, 0x0, 0x0, 0xb,
    0xff, 0xd0, 0x1, 0x50, 0x0, 0x1, 0xff, 0x4f,
    0xc0, 0x3f, 0x80, 0x0, 0x7f, 0xf4, 0x1f, 0xc7,
    0xf8, 0x0, 0x1f, 0xff, 0x80, 0x2f, 0xff, 0x40,
    0xb, 0xff, 0xfd, 0x0, 0x3f, 0xf4, 0x0, 0x3f,
    0xf6, 0xf4, 0x0, 0x3f, 0x80, 0x0, 0x38, 0xb,
    0xc0, 0x0, 0x3f, 0xc0, 0x0, 0x0, 0x3f, 0x7,
    0xd0, 0x3f, 0xd0, 0x0, 0x0, 0xff, 0xff, 0x40,
    0x3f, 0xf0, 0x0, 0x3, 0xff, 0xf8, 0x0, 0x2f,
    0xf0, 0x0, 0xb, 0xe4, 0x0, 0x0, 0xe, 0x0,
    0x0, 0x0, 0x0, 0x0, 0x0, 0x0, 0x0,

    /* U+88AB "被" */
    0x0, 0x2e, 0x0, 0x0, 0x1, 0xf4, 0x0, 0x0,
    0x2f, 0x0, 0x0, 0x2, 0xf0, 0x0, 0x0, 0x1f,
    0x40, 0x0, 0x2, 0xf0, 0x0, 0x2, 0xaf, 0xd0,
    0x6, 0xab, 0xfa, 0xa4, 0x7, 0xff, 0xfc, 0x2f,
    0xff, 0xff, 0xfd, 0x7, 0xff, 0xfd, 0x3f, 0xff,
    0xff, 0xfd, 0x0, 0x2, 0xfc, 0x3e, 0x7, 0xe0,
    0x7d, 0x0, 0x3, 0xf4, 0x7d, 0x7, 0xd0, 0xbc,
    0x0, 0xb, 0xe0, 0x7d, 0x7, 0xd0, 0xfc, 0x0,
    0x1f, 0xc0, 0xbc, 0xb, 0xc0, 0x0, 0x0, 0x3f,
    0x44, 0xbc, 0xb, 0xc0, 0x0, 0x0, 0xff, 0x3e,
    0xff, 0xff, 0xff, 0xd0, 0x3, 0xff, 0xbc, 0xff,
    0xff, 0xff, 0xf0, 0xf, 0xff, 0xf4, 0xff, 0xfa,
    0xab, 0xf0, 0x7f, 0xff, 0xf5, 0xfb, 0xf0, 0xb,
    0xd0, 0xbf, 0xbe, 0xfe, 0xf5, 0xf4, 0xf, 0xc0,
    0x28, 0xbc, 0x3a, 0xf0, 0xfc, 0x3f, 0x0, 0x0,
    0xbc, 0x3, 0xf0, 0xbd, 0xbe, 0x0, 0x0, 0xfc,
    0x3, 0xe0, 0x3f, 0xfc, 0x0, 0x0, 0xfc, 0xb,
    0xd0, 0x1f, 0xf0, 0x0, 0x0, 0xfc, 0xf, 0xc0,
    0x1f, 0xe0, 0x0, 0x0, 0xf8, 0x1f, 0x80, 0x7f,
    0xf8, 0x0, 0x1, 0xf8, 0x3f, 0x42, 0xfd, 0xfe,
    0x0, 0x1, 0xf4, 0x7f, 0x1f, 0xf0, 0x3f, 0xc0,
    0x2, 0xf4, 0xbd, 0x7f, 0xc0, 0xf, 0xf4, 0x2,
    0xf0, 0x68, 0x2d, 0x0, 0x2, 0xe0, 0x0, 0x0,
    0x0, 0x0, 0x0, 0x0, 0x0,

    /* U+8981 "要" */
    0x2, 0xaa, 0xaa, 0xaa, 0xaa, 0xaa, 0xa0, 0x7f,
    0xff, 0xff, 0xff, 0xff, 0xfe, 0x7, 0xff, 0xff,
    0xff, 0xff, 0xff, 0xe0, 0x0, 0x1, 0xf4, 0xf,
    0x40, 0x0, 0x0, 0x0, 0x1f, 0x41, 0xf4, 0x0,
    0x0, 0xf, 0xff, 0xff, 0xff, 0xff, 0xe0, 0x2,
    0xff, 0xff, 0xff, 0xff, 0xff, 0x0, 0x3f, 0x57,
    0xf5, 0x7f, 0x56, 0xf0, 0x3, 0xf0, 0x3f, 0x3,
    0xf0, 0x2f, 0x0, 0x3f, 0x3, 0xf0, 0x3f, 0x3,
    0xf0, 0x3, 0xff, 0xff, 0xff, 0xff, 0xff, 0x0,
    0x3f, 0xff, 0xff, 0xff, 0xff, 0xf0, 0x0, 0x0,
    0x1f, 0xc0, 0x0, 0x0, 0x0, 0x0, 0x3, 0xf4,
    0x0, 0x0, 0x0, 0x1a, 0xaa, 0xbf, 0xaa, 0xaa,
    0xaa, 0x83, 0xff, 0xff, 0xff, 0xff, 0xff, 0xfc,
    0x3f, 0xff, 0xff, 0xff, 0xff, 0xff, 0xc0, 0x0,
    0xfd, 0x0, 0x3, 0xf4, 0x0, 0x0, 0x3f, 0xc0,
    0x1, 0xfd, 0x0, 0x0, 0x3, 0xff, 0xe0, 0xbf,
    0x40, 0x0, 0x0, 0xb, 0xff, 0xff, 0xd0, 0x0,
    0x0, 0x0, 0x3, 0xff, 0xff, 0x80, 0x0, 0x0,
    0x6b, 0xff, 0xef, 0xff, 0xe4, 0x7, 0xff, 0xff,
    0xd0, 0xb, 0xff, 0xf0, 0x3f, 0xfa, 0x40, 0x0,
    0x2, 0xfc, 0x0, 0x40, 0x0, 0x0, 0x0, 0x0,
    0x40,

    /* U+8986 "覆" */
    0x1, 0xff, 0xff, 0xff, 0xff, 0xff, 0xfc, 0xb,
    0xff, 0xff, 0xff, 0xff, 0xff, 0xe0, 0x0, 0x0,
    0x7d, 0x3, 0xe0, 0x0, 0x0, 0xa, 0xab, 0xfe,
    0xbf, 0xea, 0x90, 0x0, 0xff, 0xff, 0xff, 0xff,
    0xff, 0xd0, 0x3, 0xf0, 0x3f, 0x2, 0xf0, 0xf,
    0x40, 0xf, 0xea, 0xfe, 0xaf, 0xea, 0xbd, 0x0,
    0x3f, 0xff, 0xff, 0xff, 0xff, 0xf0, 0x0, 0x1,
    0x50, 0x29, 0x0, 0x0, 0x0, 0x0, 0x3f, 0x42,
    0xff, 0xff, 0xff, 0xc0, 0x3, 0xf4, 0x1f, 0xff,
    0xff, 0xfe, 0x0, 0x3f, 0x0, 0xfd, 0x55, 0x55,
    0x40, 0x7, 0xf0, 0xf, 0xff, 0xff, 0xff, 0x80,
    0x7e, 0x15, 0x5f, 0xea, 0xaa, 0xbe, 0x0, 0x2,
    0xf8, 0x3f, 0xff, 0xff, 0xf8, 0x0, 0x2f, 0x80,
    0xf9, 0x55, 0x57, 0xe0, 0x2, 0xfd, 0x3, 0xff,
    0xff, 0xff, 0x40, 0x2f, 0xf4, 0xa, 0xfa, 0xaa,
    0xa8, 0x2, 0xff, 0xc0, 0xf, 0xff, 0xff, 0xe0,
    0x5, 0x6f, 0x0, 0xff, 0xff, 0xff, 0xc0, 0x0,
    0xbc, 0xf, 0xfd, 0x1, 0xfd, 0x0, 0x3, 0xf0,
    0xbc, 0xbf, 0xbf, 0xc0, 0x0, 0xf, 0xc0, 0x1,
    0xff, 0xfc, 0x0, 0x0, 0x3e, 0x1b, 0xff, 0xfb,
    0xff, 0xe8, 0x0, 0xf8, 0x3f, 0xa4, 0x0, 0x6f,
    0xf0, 0x0, 0x0, 0x0, 0x0, 0x0, 0x1, 0x0,

    /* U+89D2 "角" */
    0x0, 0x0, 0x6a, 0x0, 0x0, 0x0, 0x0, 0x0,
    0x3f, 0x40, 0x0, 0x0, 0x0, 0x0, 0x3f, 0xff,
    0xff, 0xf8, 0x0, 0x0, 0x3f, 0xff, 0xff, 0xff,
    0x40, 0x0, 0x2f, 0xea, 0xaa, 0xbf, 0xc0, 0x0,
    0x2f, 0xc0, 0x0, 0xf, 0xd0, 0x0, 0x2f, 0xd0,
    0x0, 0xf, 0xe0, 0x0, 0x2f, 0xff, 0xff, 0xff,
    0xff, 0xf8, 0x2f, 0xff, 0xff, 0xff, 0xff, 0xff,
    0x40, 0x3f, 0xaa, 0xaf, 0xea, 0xab, 0xe0, 0xf,
    0xc0, 0x7, 0xe0, 0x1, 0xf4, 0x3, 0xf0, 0x1,
    0xf4, 0x0, 0xbd, 0x1, 0xff, 0xff, 0xff, 0xff,
    0xff, 0x40, 0x7f, 0xff, 0xff, 0xff, 0xff, 0xc0,
    0x1f, 0xaa, 0xaf, 0xea, 0xab, 0xf0, 0xb, 0xd0,
    0x3, 0xf0, 0x0, 0xfc, 0x2, 0xf0, 0x0, 0xfc,
    0x0, 0x3f, 0x0, 0xfe, 0xaa, 0xbf, 0xaa, 0xaf,
    0x80, 0x3f, 0xff, 0xff, 0xff, 0xff, 0xe0, 0x1f,
    0xff, 0xff, 0xff, 0xff, 0xf4, 0xb, 0xd0, 0x2,
    0xf4, 0x0, 0xbd, 0x3, 0xf0, 0x0, 0xbc, 0x0,
    0x3f, 0x1, 0xfc, 0x0, 0x3f, 0x0, 0xf, 0xc0,
    0xfd, 0x0, 0xf, 0xc1, 0xfb, 0xf0, 0x7f, 0x0,
    0x3, 0xf0, 0xbf, 0xf8, 0x2f, 0x40, 0x0, 0x54,
    0x1b, 0xfc, 0x0, 0x40, 0x0, 0x0, 0x0, 0x0,
    0x0,

    /* U+8BA1 "计" */
    0x0, 0x0, 0x0, 0x0, 0xa, 0x40, 0x0, 0xb,
    0x80, 0x0, 0x0, 0x7e, 0x0, 0x0, 0x3f, 0xe4,
    0x0, 0x2, 0xf8, 0x0, 0x0, 0xff, 0xf8, 0x0,
    0xb, 0xd0, 0x0, 0x0, 0x6f, 0xe0, 0x0, 0x3f,
    0x40, 0x0, 0x0, 0xb, 0x40, 0x0, 0xfc, 0x0,
    0x0, 0x0, 0x0, 0x0, 0x3, 0xf0, 0x0, 0x5,
    0x54, 0x0, 0x0, 0xf, 0xc0, 0x0, 0x3f, 0xfd,
    0xa, 0xaa, 0xff, 0xaa, 0xa0, 0xff, 0xf4, 0x3f,
    0xff, 0xff, 0xff, 0xc1, 0x5f, 0xd0, 0xff, 0xff,
    0xff, 0xff, 0x0, 0x2f, 0x0, 0x0, 0x2f, 0x80,
    0x0, 0x0, 0xfc, 0x0, 0x0, 0xbd, 0x0, 0x0,
    0x3, 0xf0, 0x0, 0x3, 0xf0, 0x0, 0x0, 0xf,
    0xc0, 0x0, 0xf, 0xc0, 0x0, 0x0, 0x3e, 0x0,
    0x0, 0x3f, 0x0, 0x0, 0x1, 0xf8, 0x0, 0x0,
    0xfc, 0x0, 0x0, 0x7, 0xd0, 0x0, 0x7, 0xe0,
    0x0, 0x0, 0x2f, 0x41, 0x80, 0x1f, 0x80, 0x0,
    0x0, 0xbc, 0x2e, 0x0, 0xbd, 0x0, 0x0, 0x3,
    0xf7, 0xfc, 0x2, 0xf4, 0x0, 0x0, 0xf, 0xff,
    0xd0, 0xf, 0xc0, 0x0, 0x0, 0x3f, 0xf8, 0x0,
    0x3f, 0x0, 0x0, 0x0, 0xbf, 0x40, 0x0, 0xfc,
    0x0, 0x0, 0x0, 0xa0, 0x0, 0x3, 0xf0, 0x0,
    0x0, 0x0, 0x0, 0x0, 0x1f, 0xc0, 0x0, 0x0,

    /* U+8BD5 "试" */
    0x0, 0x0, 0x0, 0x0, 0xa, 0x85, 0x0, 0x38,
    0x0, 0x0, 0x0, 0x3f, 0x3f, 0x0, 0xfe, 0x40,
    0x0, 0x0, 0xfc, 0x7c, 0x3, 0xff, 0xc0, 0x0,
    0x3, 0xf0, 0xf4, 0x1, 0xff, 0x0, 0x0, 0xf,
    0x81, 0x50, 0x0, 0x78, 0xaa, 0xaa, 0xbf, 0xaa,
    0x80, 0x0, 0x3, 0xff, 0xff, 0xff, 0xff, 0x0,
    0x0, 0xf, 0xff, 0xff, 0xff, 0xfc, 0x3f, 0xf0,
    0x0, 0x0, 0xf, 0x80, 0x1, 0xff, 0xd0, 0x0,
    0x0, 0x3e, 0x0, 0x2, 0xbf, 0x40, 0x0, 0x0,
    0xf8, 0x0, 0x0, 0xbc, 0xf, 0xff, 0xf3, 0xe0,
    0x0, 0x2, 0xf0, 0x3f, 0xff, 0xcf, 0xc0, 0x0,
    0xf, 0xc0, 0xaf, 0xea, 0x3f, 0x0, 0x0, 0x3f,
    0x0, 0x2f, 0x0, 0xfc, 0x0, 0x0, 0xf8, 0x0,
    0xbc, 0x3, 0xf0, 0x0, 0x3, 0xe0, 0x3, 0xf0,
    0xf, 0xc0, 0x0, 0x1f, 0x40, 0xf, 0x80, 0x3f,
    0x0, 0x0, 0x7d, 0x0, 0x3e, 0x0, 0xbc, 0x0,
    0x2, 0xf1, 0xc0, 0xf8, 0x2, 0xf0, 0x0, 0xb,
    0xff, 0x7, 0xd1, 0x8b, 0xd0, 0x0, 0x3f, 0xfc,
    0x1f, 0xff, 0x1f, 0x80, 0x0, 0xbf, 0x9f, 0xff,
    0xfc, 0x3f, 0xb, 0x0, 0xa0, 0x7f, 0xfd, 0x0,
    0xff, 0xfc, 0x0, 0x2, 0xe4, 0x0, 0x1, 0xff,
    0xf0, 0x0, 0x0, 0x0, 0x0, 0x1, 0xfd, 0x0,

    /* U+8BE6 "详" */
    0x0, 0x0, 0x0, 0x29, 0x0, 0xa, 0x40, 0xf,
    0x40, 0x0, 0xfc, 0x0, 0xbd, 0x0, 0x3f, 0xe0,
    0x2, 0xf4, 0x3, 0xf0, 0x0, 0xff, 0xf0, 0x3,
    0xe0, 0x1f, 0x80, 0x0, 0x6f, 0xc2, 0xaf, 0xea,
    0xff, 0xa0, 0x0, 0xa, 0x1f, 0xff, 0xff, 0xff,
    0xc0, 0x0, 0x0, 0x7f, 0xff, 0xff, 0xff, 0x0,
    0x0, 0x0, 0x0, 0x1f, 0xc0, 0x0, 0x3f, 0xf4,
    0x0, 0x0, 0x7e, 0x0, 0x0, 0xff, 0xf0, 0x0,
    0x1, 0xf8, 0x0, 0x7, 0xff, 0xc0, 0x0, 0xb,
    0xe0, 0x0, 0x0, 0x3f, 0x0, 0xff, 0xff, 0xff,
    0xf0, 0x0, 0xfc, 0x3, 0xff, 0xff, 0xff, 0xc0,
    0x3, 0xe0, 0xa, 0xab, 0xfa, 0xaa, 0x0, 0xf,
    0x80, 0x0, 0xf, 0xc0, 0x0, 0x0, 0x7d, 0x0,
    0x0, 0x3f, 0x0, 0x0, 0x1, 0xf4, 0x0, 0x1,
    0xfc, 0x0, 0x0, 0xb, 0xd0, 0xbf, 0xff, 0xff,
    0xff, 0xc0, 0x2f, 0x2, 0xff, 0xff, 0xff, 0xff,
    0x0, 0xbc, 0xa, 0xaa, 0xff, 0xaa, 0xa8, 0x3,
    0xf2, 0xc0, 0x3, 0xf4, 0x0, 0x0, 0xf, 0xff,
    0x0, 0xf, 0xc0, 0x0, 0x0, 0x3f, 0xf8, 0x0,
    0x3f, 0x0, 0x0, 0x0, 0xff, 0x40, 0x0, 0xfc,
    0x0, 0x0, 0x1, 0x90, 0x0, 0x7, 0xf0, 0x0,
    0x0, 0x0, 0x0, 0x0, 0x1f, 0x80, 0x0, 0x0,

    /* U+8BF7 "请" */
    0x0, 0x0, 0x0, 0x0, 0x3e, 0x0, 0x0, 0x1e,
    0x0, 0x0, 0x0, 0xf8, 0x0, 0x0, 0xbf, 0x80,
    0xff, 0xff, 0xff, 0xff, 0x2, 0xff, 0xd3, 0xff,
    0xff, 0xff, 0xfc, 0x0, 0xbf, 0x40, 0x0, 0xbe,
    0x0, 0x0, 0x0, 0x2c, 0x0, 0x2, 0xf4, 0x0,
    0x0, 0x0, 0x0, 0x7f, 0xff, 0xff, 0xfc, 0x0,
    0x0, 0x2, 0xff, 0xff, 0xff, 0xf0, 0x7f, 0xf0,
    0x0, 0x0, 0xfc, 0x0, 0x1, 0xff, 0xe0, 0x55,
    0x57, 0xf5, 0x55, 0x47, 0xff, 0x83, 0xff, 0xff,
    0xff, 0xff, 0x40, 0x7d, 0x1f, 0xff, 0xff, 0xff,
    0xfd, 0x1, 0xf4, 0x0, 0x0, 0x0, 0x0, 0x0,
    0xb, 0xc0, 0x1f, 0xff, 0xff, 0xfc, 0x0, 0x2f,
    0x0, 0xff, 0xff, 0xff, 0xf4, 0x0, 0xfc, 0x3,
    0xe0, 0x0, 0x7, 0xd0, 0x3, 0xf0, 0xf, 0x95,
    0x55, 0x6f, 0x40, 0xf, 0x80, 0x7f, 0xff, 0xff,
    0xfc, 0x0, 0x3e, 0x1, 0xff, 0xff, 0xff, 0xf0,
    0x1, 0xf4, 0x5b, 0xd0, 0x0, 0xf, 0xc0, 0x7,
    0xef, 0xaf, 0xff, 0xff, 0xff, 0x0, 0x2f, 0xfe,
    0xff, 0xff, 0xff, 0xf8, 0x0, 0xbf, 0xe3, 0xf0,
    0x0, 0x3, 0xe0, 0x1, 0xf8, 0xf, 0xc0, 0xe,
    0xaf, 0x40, 0x0, 0x0, 0x3e, 0x0, 0x3f, 0xfd,
    0x0, 0x0, 0x1, 0xf8, 0x0, 0xbf, 0xe0, 0x0,

    /* U+8C61 "象" */
    0x0, 0x0, 0x5, 0x40, 0x0, 0x0, 0x0, 0x0,
    0x0, 0xfe, 0x0, 0x0, 0x0, 0x0, 0x0, 0xf,
    0xff, 0xff, 0xfd, 0x0, 0x0, 0x0, 0xff, 0xff,
    0xff, 0xf8, 0x0, 0x0, 0xf, 0xf0, 0x0, 0xf,
    0xd0, 0x0, 0x0, 0xff, 0x0, 0x0, 0xfe, 0x0,
    0x0, 0xf, 0xff, 0xff, 0xff, 0xff, 0xfc, 0x0,
    0xff, 0xff, 0xff, 0xff, 0xff, 0xf4, 0x1, 0xbe,
    0x55, 0x6f, 0x95, 0x57, 0xd0, 0x1, 0xf4, 0x0,
    0xfc, 0x0, 0x1f, 0x40, 0xb, 0xe5, 0x5b, 0xf5,
    0x55, 0xbc, 0x0, 0x2f, 0xff, 0xff, 0xff, 0xff,
    0xf0, 0x0, 0xff, 0xff, 0xff, 0xff, 0xff, 0xc0,
    0x0, 0x6, 0xff, 0xf0, 0x0, 0x0, 0x0, 0x6,
    0xff, 0xd7, 0xf0, 0x0, 0x2c, 0x3, 0xff, 0xe4,
    0xbf, 0xd0, 0x6f, 0xf0, 0xb, 0xe4, 0x2f, 0xff,
    0xff, 0xff, 0x80, 0x0, 0x1b, 0xfd, 0x3f, 0xff,
    0x80, 0x0, 0x1b, 0xff, 0x42, 0xfe, 0xbd, 0x0,
    0x7, 0xff, 0x80, 0xbf, 0xf0, 0xfc, 0x0, 0xb,
    0x90, 0x7f, 0xff, 0xc0, 0xfc, 0x0, 0x0, 0x1f,
    0xfd, 0x3f, 0x1, 0xfc, 0x0, 0x1b, 0xff, 0x40,
    0xfc, 0x2, 0xfc, 0xb, 0xff, 0xd3, 0xeb, 0xe0,
    0x2, 0xfd, 0x1f, 0xe0, 0x1f, 0xff, 0x40, 0x2,
    0xd0, 0x14, 0x0, 0x1b, 0xf8, 0x0, 0x0, 0x0,

    /* U+8D85 "超" */
    0x0, 0x0, 0x29, 0x0, 0x0, 0x0, 0x0, 0x0,
    0x0, 0x3e, 0x0, 0x6a, 0xaa, 0xa8, 0x0, 0x0,
    0x3e, 0x0, 0xbf, 0xff, 0xfe, 0x0, 0x15, 0x7e,
    0x54, 0xbf, 0xff, 0xff, 0x0, 0x7f, 0xff, 0xfc,
    0x7, 0xd0, 0x3e, 0x0, 0xbf, 0xff, 0xfc, 0xb,
    0xc0, 0x3e, 0x0, 0x0, 0xbc, 0x0, 0xf, 0x80,
    0x3e, 0x0, 0x0, 0xbc, 0x0, 0x3f, 0x0, 0x3d,
    0x0, 0x0, 0xfc, 0x0, 0xbe, 0x14, 0xbc, 0x1,
    0xaa, 0xfe, 0xa5, 0xfc, 0x3f, 0xfc, 0x3, 0xff,
    0xff, 0xfe, 0xf4, 0x3f, 0xf8, 0x3, 0xff, 0xff,
    0xf8, 0x50, 0x1, 0x50, 0x0, 0x0, 0x3e, 0x0,
    0x1a, 0xaa, 0x90, 0x0, 0x54, 0x3d, 0x0, 0xff,
    0xff, 0xf8, 0x0, 0xfc, 0x7d, 0x2, 0xff, 0xff,
    0xfc, 0x0, 0xf8, 0x7e, 0x53, 0xf0, 0x0, 0xfc,
    0x0, 0xf4, 0xbf, 0xf3, 0xf0, 0x0, 0xf8, 0x1,
    0xf4, 0xff, 0xf3, 0xf0, 0x1, 0xf8, 0x1, 0xf0,
    0xfc, 0x3, 0xf0, 0x1, 0xf4, 0x2, 0xf8, 0xf8,
    0x3, 0xff, 0xff, 0xf4, 0x3, 0xfe, 0xf8, 0x7,
    0xff, 0xff, 0xf0, 0x7, 0xff, 0xf4, 0x2, 0xaa,
    0xaa, 0xa0, 0xb, 0xcf, 0xf8, 0x0, 0x0, 0x0,
    0x0, 0xf, 0x83, 0xff, 0xea, 0xaa, 0xaa, 0xa9,
    0x2f, 0x40, 0xbf, 0xff, 0xff, 0xff, 0xfd, 0x2f,
    0x0, 0x6, 0xff, 0xff, 0xff, 0xfc, 0x0, 0x0,
    0x0, 0x0, 0x0, 0x0, 0x0,

    /* U+8DB4 "趴" */
    0x0, 0x15, 0x55, 0x0, 0xb8, 0x2e, 0x0, 0x2,
    0xff, 0xff, 0x3, 0xf0, 0xfc, 0x0, 0xf, 0xff,
    0xfc, 0xf, 0xc3, 0xf0, 0x0, 0x3d, 0x2, 0xf0,
    0x3e, 0xf, 0xc0, 0x1, 0xf0, 0xb, 0xc0, 0xf8,
    0x3f, 0x0, 0x7, 0xc0, 0x3f, 0x7, 0xd0, 0xfc,
    0x0, 0x2f, 0x0, 0xfc, 0x1f, 0x43, 0xf0, 0x0,
    0xbd, 0x57, 0xe0, 0xbc, 0xf, 0xc0, 0x3, 0xff,
    0xff, 0x82, 0xf0, 0x3f, 0x0, 0xf, 0xff, 0xfd,
    0xf, 0xc0, 0xfc, 0x0, 0x0, 0x3e, 0x0, 0x3f,
    0x2, 0xf0, 0x0, 0x0, 0xf4, 0x0, 0xf8, 0xb,
    0xc0, 0x2, 0x87, 0xd0, 0x7, 0xd0, 0x2f, 0x0,
    0x1f, 0x1f, 0xfc, 0x2f, 0x0, 0x7c, 0x0, 0x7c,
    0xbf, 0xf0, 0xfc, 0x1, 0xf4, 0x2, 0xf2, 0xf5,
    0x43, 0xf0, 0x7, 0xd0, 0xb, 0xcb, 0xc0, 0x1f,
    0x80, 0xf, 0x80, 0x3e, 0x3e, 0x0, 0xbc, 0x0,
    0x3f, 0x0, 0xf8, 0xf8, 0x3, 0xf0, 0x0, 0xfc,
    0x3, 0xd3, 0xeb, 0x9f, 0x80, 0x2, 0xf0, 0xf,
    0xaf, 0xfd, 0xbc, 0x0, 0x7, 0xd0, 0xbf, 0xff,
    0xe7, 0xf0, 0x0, 0xf, 0xc7, 0xff, 0xe4, 0x2f,
    0x40, 0x0, 0x3f, 0x1f, 0x90, 0x0, 0xfc, 0x0,
    0x0, 0xbe, 0x0, 0x0, 0x7, 0xd0, 0x0, 0x1,
    0xe4, 0x0, 0x0, 0x0, 0x0, 0x0, 0x0, 0x0,

    /* U+8DF3 "跳" */
    0x0, 0x0, 0x0, 0x0, 0x14, 0x15, 0x0, 0x0,
    0x15, 0x50, 0x0, 0x7d, 0x3e, 0x0, 0x0, 0xff,
    0xfd, 0x0, 0x7d, 0x3e, 0x0, 0x1, 0xff, 0xfe,
    0x0, 0xbc, 0x3d, 0x0, 0x2, 0xf0, 0x3e, 0xb4,
    0xbc, 0x7d, 0x3c, 0x3, 0xe0, 0x3d, 0xf8, 0xfc,
    0x7c, 0x7c, 0x3, 0xe0, 0x3d, 0xbc, 0xfc, 0xbc,
    0xb8, 0x3, 0xd0, 0x3c, 0x7c, 0xf8, 0xbc, 0xf4,
    0x3, 0xe5, 0xbc, 0x7c, 0xf8, 0xfd, 0xf0, 0x7,
    0xff, 0xfc, 0x3d, 0xf4, 0xfa, 0xf0, 0x7, 0xff,
    0xfc, 0x3e, 0xf4, 0xfa, 0xd0, 0x0, 0xf, 0x80,
    0x2, 0xf0, 0xf4, 0x0, 0x0, 0xf, 0x40, 0x2,
    0xf1, 0xfc, 0x0, 0x7, 0xcf, 0x40, 0xb, 0xf1,
    0xff, 0x0, 0xb, 0x8f, 0xfc, 0x7f, 0xf2, 0xff,
    0xc0, 0xb, 0x9f, 0xfb, 0xff, 0xe2, 0xf7, 0xf0,
    0xf, 0x5f, 0x53, 0xfb, 0xd3, 0xf1, 0xf0, 0xf,
    0x6f, 0x3, 0x4b, 0xc3, 0xf0, 0xb0, 0xf, 0x2e,
    0x0, 0xf, 0xc3, 0xe0, 0x10, 0xf, 0x3e, 0x0,
    0x1f, 0x83, 0xe0, 0x0, 0x1f, 0x3e, 0x68, 0x3f,
    0x47, 0xd0, 0x0, 0x1f, 0x3f, 0xf4, 0x7f, 0x7,
    0xd0, 0x0, 0x2f, 0xff, 0xf4, 0xfd, 0xb, 0xc0,
    0x14, 0x7f, 0xfd, 0x2, 0xf8, 0xb, 0xfb, 0xf4,
    0xbe, 0x40, 0xb, 0xf0, 0x7, 0xff, 0xf4, 0x0,
    0x0, 0x7, 0xc0, 0x2, 0xff, 0xe0, 0x0, 0x0,
    0x0, 0x0, 0x0, 0x0, 0x0,

    /* U+8EAF "躯" */
    0x0, 0x2, 0xf0, 0x0, 0x0, 0x0, 0x0, 0x0,
    0x3, 0xf0, 0x0, 0xaa, 0xaa, 0xa9, 0x0, 0x7f,
    0xff, 0x43, 0xff, 0xff, 0xfd, 0x0, 0xff, 0xff,
    0xc3, 0xff, 0xff, 0xfc, 0x1, 0xf5, 0x5b, 0xc7,
    0xd0, 0x0, 0x0, 0x1, 0xf0, 0x7, 0xc7, 0xd0,
    0x0, 0x0, 0x2, 0xf0, 0xb, 0xc7, 0xea, 0x0,
    0xa8, 0x2, 0xff, 0xff, 0xcb, 0xdf, 0x41, 0xf4,
    0x3, 0xff, 0xff, 0x8b, 0xcf, 0xc3, 0xf0, 0x3,
    0xe0, 0xf, 0x8f, 0xc7, 0xd7, 0xd0, 0x3, 0xe0,
    0xf, 0x4f, 0xc3, 0xff, 0xc0, 0x3, 0xff, 0xff,
    0x4f, 0x81, 0xff, 0x40, 0x7, 0xff, 0xff, 0xf,
    0x80, 0xfe, 0x0, 0x7, 0xc0, 0x1f, 0x1f, 0x40,
    0xbc, 0x0, 0xb, 0xc0, 0x2f, 0x1f, 0x40, 0xfe,
    0x0, 0x3f, 0xff, 0xff, 0x2f, 0x3, 0xff, 0x0,
    0x3f, 0xff, 0xff, 0x2f, 0x7, 0xef, 0x40, 0x15,
    0x56, 0xfe, 0x3f, 0xf, 0xcf, 0x80, 0x0, 0xb,
    0xfe, 0x3f, 0x2f, 0x47, 0xc0, 0x0, 0x2f, 0xfd,
    0x3e, 0x3f, 0x3, 0xe0, 0x0, 0xff, 0x7d, 0x3e,
    0xbc, 0x2, 0xf0, 0x7, 0xf8, 0x7c, 0x3d, 0x18,
    0x0, 0x40, 0x2f, 0xe0, 0x7c, 0x7d, 0x0, 0x0,
    0x0, 0xbf, 0x49, 0xbc, 0x7e, 0xaa, 0xaa, 0xa4,
    0x3c, 0x1f, 0xf8, 0xbf, 0xff, 0xff, 0xf8, 0x0,
    0x1b, 0xf0, 0xbf, 0xff, 0xff, 0xf4,

    /* U+8F6C "转" */
    0x0, 0x5, 0x40, 0x0, 0x5, 0x40, 0x0, 0x0,
    0x7d, 0x0, 0x0, 0x3f, 0x0, 0x0, 0x2, 0xf0,
    0x0, 0x0, 0xfc, 0x0, 0x6, 0xaf, 0xea, 0x80,
    0x7, 0xe0, 0x0, 0x2f, 0xff, 0xff, 0x1f, 0xff,
    0xff, 0xf0, 0xbf, 0xff, 0xfc, 0x7f, 0xff, 0xff,
    0xc0, 0x1f, 0x40, 0x1, 0xab, 0xfa, 0xa9, 0x0,
    0xbc, 0x0, 0x0, 0x2f, 0x40, 0x0, 0x3, 0xe7,
    0xd0, 0x0, 0xfc, 0x0, 0x0, 0x2f, 0x1f, 0x41,
    0xab, 0xfa, 0xaa, 0x80, 0xf8, 0xbc, 0xb, 0xff,
    0xff, 0xff, 0x4b, 0xeb, 0xfa, 0x7f, 0xff, 0xff,
    0xfc, 0x3f, 0xff, 0xfd, 0x7, 0xe0, 0x0, 0x0,
    0xff, 0xff, 0xf4, 0x2f, 0x40, 0x0, 0x0, 0x15,
    0xfd, 0x40, 0xfc, 0x0, 0x0, 0x0, 0x3, 0xe0,
    0x3, 0xff, 0xff, 0xd0, 0x0, 0x1f, 0x45, 0xf,
    0xff, 0xff, 0x80, 0x1, 0xbf, 0xf8, 0x6, 0xaa,
    0xfd, 0xb, 0xff, 0xff, 0xd0, 0x0, 0x7, 0xf0,
    0x3f, 0xff, 0xe4, 0x0, 0x0, 0x7f, 0x0, 0xfa,
    0x7f, 0x0, 0x2e, 0x7, 0xf4, 0x0, 0x0, 0xfc,
    0x0, 0xff, 0xbf, 0x40, 0x0, 0x3, 0xf0, 0x1,
    0xff, 0xf8, 0x0, 0x0, 0xf, 0x80, 0x0, 0x2f,
    0xfd, 0x0, 0x0, 0x3e, 0x0, 0x0, 0xb, 0xfe,
    0x0, 0x1, 0xf4, 0x0, 0x0, 0x1, 0xf4, 0x0,
    0x0, 0x0, 0x0, 0x0, 0x0, 0x40, 0x0,

    /* U+8F91 "辑" */
    0x0, 0x5, 0x40, 0x0, 0x0, 0x0, 0x0, 0x0,
    0x3e, 0x0, 0xf, 0xff, 0xff, 0x40, 0x1, 0xf4,
    0x0, 0xff, 0xff, 0xff, 0x2, 0xaf, 0xea, 0x83,
    0xf5, 0x55, 0xfc, 0xf, 0xff, 0xff, 0xf, 0x80,
    0x2, 0xf0, 0x3f, 0xff, 0xfc, 0x7e, 0x55, 0x5f,
    0xc0, 0xf, 0xc0, 0x1, 0xff, 0xff, 0xff, 0x0,
    0x7d, 0x0, 0x7, 0xff, 0xff, 0xf8, 0x3, 0xf3,
    0xe0, 0x0, 0x0, 0x0, 0x0, 0x1f, 0x8f, 0x42,
    0xff, 0xff, 0xff, 0xf0, 0xfc, 0x7d, 0xf, 0xff,
    0xff, 0xff, 0x87, 0xf6, 0xf9, 0x1b, 0xe5, 0x57,
    0xf5, 0x2f, 0xff, 0xfe, 0x2f, 0x40, 0xf, 0xc0,
    0x3f, 0xff, 0xf4, 0xbf, 0xff, 0xff, 0x0, 0x0,
    0xfc, 0x3, 0xff, 0xff, 0xf8, 0x0, 0x3, 0xf0,
    0xf, 0xc0, 0x7, 0xe0, 0x0, 0xf, 0x99, 0x3e,
    0x0, 0x1f, 0x40, 0x5, 0xbf, 0xf4, 0xff, 0xff,
    0xfd, 0x3, 0xff, 0xff, 0xc7, 0xff, 0xff, 0xf4,
    0xf, 0xff, 0xe4, 0x1f, 0x40, 0xf, 0xc0, 0x69,
    0x6f, 0x0, 0xbc, 0x0, 0x3f, 0x50, 0x0, 0xbc,
    0x7, 0xff, 0xff, 0xff, 0xd0, 0x2, 0xf0, 0x7f,
    0xff, 0xff, 0xfe, 0x0, 0xf, 0xc2, 0xff, 0xa9,
    0x5f, 0x80, 0x0, 0x3f, 0x0, 0x0, 0x0, 0x7e,
    0x0, 0x0, 0xf8, 0x0, 0x0, 0x2, 0xf4, 0x0,

    /* U+8F93 "输" */
    0x0, 0xa, 0x40, 0x0, 0x0, 0x0, 0x0, 0x0,
    0x1f, 0x40, 0x1, 0xff, 0xfc, 0x0, 0x0, 0x2f,
    0x0, 0x3, 0xff, 0xff, 0x0, 0x5, 0x7f, 0x54,
    0xf, 0xea, 0xbf, 0x40, 0xf, 0xff, 0xfd, 0x3f,
    0x80, 0xf, 0xc0, 0xb, 0xff, 0xfd, 0xbf, 0x0,
    0x7, 0xf0, 0x0, 0xf8, 0x1, 0xff, 0xff, 0xff,
    0xf4, 0x2, 0xf5, 0x43, 0xf3, 0xff, 0xfc, 0xfc,
    0x3, 0xfb, 0xcb, 0xd1, 0x55, 0x54, 0xbe, 0x7,
    0xdb, 0xc0, 0x0, 0x0, 0x0, 0x0, 0xb, 0xcf,
    0xc0, 0xbf, 0xf4, 0x0, 0xf0, 0xf, 0xcf, 0x81,
    0xff, 0xfc, 0xb4, 0xf0, 0x1f, 0xff, 0xf6, 0xf5,
    0xbc, 0xf5, 0xf0, 0x1f, 0xff, 0xf6, 0xe0, 0xb8,
    0xf1, 0xf0, 0x1, 0x5f, 0x93, 0xea, 0xf8, 0xf2,
    0xf0, 0x0, 0x1f, 0x3, 0xff, 0xf8, 0xf2, 0xe0,
    0x0, 0x1f, 0x3, 0xea, 0xf5, 0xf3, 0xe0, 0x0,
    0x2f, 0xf7, 0xc0, 0xf5, 0xe3, 0xe0, 0x2f, 0xff,
    0xf7, 0xd5, 0xf2, 0xe3, 0xd0, 0x3f, 0xff, 0x97,
    0xff, 0xf2, 0xe3, 0xd0, 0x39, 0x7e, 0x7, 0xff,
    0xf3, 0xd7, 0xc0, 0x0, 0x3e, 0xb, 0x81, 0xf0,
    0x7, 0xc0, 0x0, 0x3d, 0xb, 0x81, 0xf0, 0x7,
    0xc0, 0x0, 0x7d, 0xf, 0x46, 0xe1, 0xef, 0xc0,
    0x0, 0x7c, 0xf, 0x5f, 0xd2, 0xff, 0x80, 0x0,
    0x7c, 0xf, 0x1b, 0xc1, 0xbf, 0x0, 0x0, 0x0,
    0x0, 0x0, 0x0, 0x0, 0x0,

    /* U+8FA8 "辨" */
    0x0, 0x2e, 0x0, 0x1, 0xa0, 0x2a, 0x0, 0x0,
    0x3f, 0x0, 0x2, 0xf0, 0x2f, 0x0, 0x0, 0x2f,
    0x0, 0x3, 0xf0, 0x1f, 0x40, 0x7, 0xff, 0xfc,
    0x3, 0xeb, 0xff, 0xfe, 0xb, 0xff, 0xfc, 0x3,
    0xef, 0xff, 0xfd, 0x6, 0xaa, 0xa4, 0xa3, 0xda,
    0xaa, 0xa8, 0x2, 0x80, 0xa1, 0xf3, 0xd2, 0x80,
    0x64, 0x3, 0xd1, 0xf1, 0xe7, 0xc3, 0xd0, 0xf4,
    0x3, 0xd2, 0xe2, 0xe7, 0xc3, 0xd1, 0xf0, 0x2,
    0xe3, 0xd2, 0xdb, 0xc2, 0xe2, 0xe0, 0x2, 0xf7,
    0xd3, 0xdb, 0xc2, 0xf3, 0xd0, 0x2f, 0xff, 0xfb,
    0xcf, 0xef, 0xff, 0xfd, 0x2f, 0xff, 0xfb, 0xcf,
    0xaf, 0xff, 0xfd, 0x15, 0x7e, 0x57, 0xcf, 0x6a,
    0xff, 0xa8, 0x0, 0x7d, 0x7, 0xdf, 0x40, 0x7d,
    0x0, 0x0, 0x7c, 0x2, 0x5f, 0x0, 0xbc, 0x0,
    0x1f, 0xff, 0xf0, 0x2f, 0x1a, 0xfe, 0xa4, 0x1f,
    0xff, 0xf0, 0x3e, 0x3f, 0xff, 0xf8, 0x1a, 0xfe,
    0x90, 0x7d, 0x3f, 0xff, 0xf4, 0x0, 0xf8, 0x0,
    0xbc, 0x0, 0xfc, 0x0, 0x2, 0xf4, 0x0, 0xf8,
    0x0, 0xf8, 0x0, 0x3, 0xf0, 0x2, 0xf0, 0x0,
    0xf8, 0x0, 0xb, 0xd0, 0x3, 0xe0, 0x0, 0xf8,
    0x0, 0xf, 0xc0, 0xf, 0xc0, 0x1, 0xf4, 0x0,
    0x3f, 0x40, 0x2f, 0x80, 0x1, 0xf4, 0x0, 0x2e,
    0x0, 0x1b, 0x0, 0x2, 0xf0, 0x0, 0x0, 0x0,
    0x0, 0x0, 0x0, 0x0, 0x0,

    /* U+8FB9 "边" */
    0x0, 0x0, 0x0, 0x0, 0xa8, 0x0, 0x0, 0x3,
    0xd0, 0x0, 0x3, 0xf0, 0x0, 0x0, 0xf, 0xf4,
    0x0, 0xf, 0xc0, 0x0, 0x0, 0x3f, 0xf4, 0x0,
    0x7e, 0x0, 0x0, 0x0, 0x2f, 0xd1, 0x56, 0xf9,
    0x55, 0x0, 0x0, 0xb, 0x4f, 0xff, 0xff, 0xff,
    0x40, 0x0, 0x0, 0x3f, 0xff, 0xff, 0xff, 0x0,
    0x0, 0x0, 0x55, 0xfe, 0x55, 0xfc, 0xa, 0xa9,
    0x0, 0x3, 0xf0, 0x3, 0xf0, 0x3f, 0xfc, 0x0,
    0x1f, 0x80, 0xf, 0xc0, 0xff, 0xf0, 0x0, 0xbd,
    0x0, 0x7e, 0x0, 0xf, 0xc0, 0x3, 0xf0, 0x1,
    0xf8, 0x0, 0x3f, 0x0, 0x1f, 0xc0, 0xb, 0xd0,
    0x0, 0xfc, 0x0, 0xfd, 0x0, 0x2f, 0x40, 0x7,
    0xe0, 0x7, 0xf0, 0x0, 0xfc, 0x0, 0x1f, 0x80,
    0x3f, 0x40, 0x3, 0xf0, 0x0, 0xbd, 0x2, 0xfc,
    0x0, 0xf, 0xc0, 0x2, 0xf4, 0x1f, 0xc0, 0x40,
    0x7f, 0x0, 0xf, 0xc0, 0xfe, 0x3, 0xff, 0xf8,
    0x0, 0x3f, 0xf, 0xf0, 0xf, 0xff, 0xd0, 0x1,
    0xff, 0x6f, 0x0, 0x2f, 0xff, 0x0, 0xb, 0xff,
    0x40, 0x0, 0x0, 0x0, 0x0, 0x3f, 0xff, 0x90,
    0x0, 0x0, 0x0, 0x3, 0xf8, 0xff, 0xff, 0xff,
    0xff, 0xfd, 0x3f, 0xc0, 0xbf, 0xff, 0xff, 0xff,
    0xf5, 0xfc, 0x0, 0x2f, 0xff, 0xff, 0xff, 0xc0,
    0x0, 0x0, 0x0, 0x0, 0x0, 0x0, 0x0,

    /* U+8FBE "达" */
    0x0, 0x0, 0x0, 0x0, 0x5, 0x40, 0x0, 0x3,
    0x40, 0x0, 0x0, 0x7e, 0x0, 0x0, 0xf, 0xd0,
    0x0, 0x2, 0xf8, 0x0, 0x0, 0x3f, 0xf0, 0x0,
    0xb, 0xd0, 0x0, 0x0, 0x7f, 0xd0, 0x0, 0x3f,
    0x40, 0x0, 0x0, 0xb, 0x0, 0x0, 0xfd, 0x0,
    0x0, 0x0, 0x0, 0x7f, 0xff, 0xff, 0xff, 0x80,
    0x0, 0x1, 0xff, 0xff, 0xff, 0xfe, 0xf, 0xf9,
    0x6, 0xaa, 0xff, 0xaa, 0xa4, 0x3f, 0xfc, 0x0,
    0x2, 0xf8, 0x0, 0x1, 0xff, 0xf4, 0x0, 0xf,
    0xf0, 0x0, 0x0, 0xf, 0xc0, 0x0, 0x7f, 0xe0,
    0x0, 0x0, 0x3f, 0x0, 0x3, 0xff, 0xc0, 0x0,
    0x0, 0xfc, 0x0, 0x1f, 0xdf, 0xc0, 0x0, 0x3,
    0xf0, 0x0, 0xfd, 0x2f, 0x40, 0x0, 0x1f, 0x80,
    0xb, 0xf0, 0x3f, 0x0, 0x0, 0x7e, 0x0, 0x7f,
    0x0, 0xbe, 0x0, 0x1, 0xf4, 0x7, 0xf4, 0x0,
    0xfd, 0x0, 0xb, 0xc0, 0x7f, 0x80, 0x1, 0xfc,
    0x0, 0x3f, 0x47, 0xf8, 0x0, 0x3, 0xf8, 0x0,
    0xff, 0x1f, 0x80, 0x0, 0x3, 0xf0, 0x7, 0xff,
    0x0, 0x0, 0x0, 0x4, 0x0, 0x3f, 0xff, 0x80,
    0x0, 0x0, 0x0, 0x2, 0xfc, 0xff, 0xff, 0xff,
    0xff, 0xfd, 0x1f, 0xd0, 0xbf, 0xff, 0xff, 0xff,
    0xf4, 0x7e, 0x0, 0x2f, 0xff, 0xff, 0xff, 0xc0,
    0x0, 0x0, 0x0, 0x0, 0x0, 0x0, 0x0,

    /* U+8FC7 "过" */
    0x0, 0x40, 0x0, 0x0, 0x0, 0x1f, 0x40, 0x0,
    0xf4, 0x0, 0x0, 0x0, 0x2f, 0x40, 0x1, 0xff,
    0x80, 0x0, 0x0, 0x2f, 0x0, 0x0, 0xff, 0xe0,
    0x0, 0x0, 0x3f, 0x0, 0x0, 0x1f, 0xd2, 0xaa,
    0xaa, 0xbf, 0xa9, 0x0, 0x1, 0xd3, 0xff, 0xff,
    0xff, 0xfd, 0x0, 0x0, 0x7, 0xff, 0xff, 0xff,
    0xfc, 0x0, 0x0, 0x0, 0x0, 0x0, 0x7e, 0x0,
    0xf, 0xfe, 0x0, 0x0, 0x0, 0x7e, 0x0, 0xf,
    0xff, 0x40, 0xf8, 0x0, 0xbd, 0x0, 0xf, 0xff,
    0x40, 0xbc, 0x0, 0xbd, 0x0, 0x0, 0x2f, 0x0,
    0x7d, 0x0, 0xfc, 0x0, 0x0, 0x3f, 0x0, 0x3e,
    0x0, 0xfc, 0x0, 0x0, 0x3f, 0x0, 0x3f, 0x0,
    0xfc, 0x0, 0x0, 0x3f, 0x0, 0x2f, 0x40, 0xfc,
    0x0, 0x0, 0x3e, 0x0, 0x0, 0x1, 0xf8, 0x0,
    0x0, 0x7e, 0x0, 0x0, 0x1, 0xf8, 0x0, 0x0,
    0xbd, 0x0, 0x0, 0x2, 0xf4, 0x0, 0x0, 0xbd,
    0x0, 0xf, 0x92, 0xf4, 0x0, 0x0, 0xfc, 0x0,
    0xf, 0xff, 0xf0, 0x0, 0x0, 0xfd, 0x0, 0xf,
    0xff, 0xf0, 0x0, 0x1, 0xff, 0x40, 0x0, 0x6a,
    0x80, 0x0, 0x3, 0xff, 0xe4, 0x0, 0x0, 0x0,
    0x0, 0xb, 0xfb, 0xff, 0xff, 0xff, 0xff, 0xf8,
    0x1f, 0xc1, 0xff, 0xff, 0xff, 0xff, 0xf4, 0x2f,
    0x40, 0x1b, 0xff, 0xff, 0xff, 0xf0, 0x0, 0x0,
    0x0, 0x0, 0x0, 0x0, 0x0,

    /* U+8FD0 "运" */
    0x0, 0x0, 0x0, 0x0, 0x0, 0x0, 0x0, 0x0,
    0xd0, 0x0, 0x0, 0x0, 0x0, 0x0, 0x0, 0xfe,
    0x0, 0xff, 0xff, 0xff, 0xf0, 0x1, 0xff, 0xd0,
    0xff, 0xff, 0xff, 0xf0, 0x0, 0x7f, 0xe0, 0xaa,
    0xaa, 0xaa, 0x90, 0x0, 0x6, 0xd0, 0x0, 0x0,
    0x0, 0x0, 0x0, 0x0, 0x0, 0x0, 0x0, 0x0,
    0x0, 0x0, 0x0, 0x0, 0x0, 0x0, 0x0, 0x0,
    0xa, 0xa9, 0x6, 0xaa, 0xaa, 0xaa, 0xa4, 0xf,
    0xff, 0xf, 0xff, 0xff, 0xff, 0xf8, 0xf, 0xff,
    0xf, 0xff, 0xff, 0xff, 0xf4, 0x0, 0x3f, 0x0,
    0xb, 0xd0, 0x0, 0x0, 0x0, 0x3f, 0x0, 0xf,
    0xc0, 0x0, 0x0, 0x0, 0x3e, 0x0, 0x2f, 0x40,
    0xbc, 0x0, 0x0, 0x7e, 0x0, 0x3f, 0x0, 0x3e,
    0x0, 0x0, 0x7d, 0x0, 0xfd, 0x0, 0x3f, 0x0,
    0x0, 0xbd, 0x2, 0xf8, 0x0, 0x2f, 0x40, 0x0,
    0xbc, 0x3, 0xf0, 0x5a, 0xff, 0x80, 0x0, 0xfc,
    0xb, 0xff, 0xff, 0xff, 0xc0, 0x0, 0xfc, 0xb,
    0xff, 0xff, 0xff, 0xd0, 0x0, 0xfe, 0x2, 0xa9,
    0x50, 0x3, 0xf0, 0x2, 0xff, 0x80, 0x0, 0x0,
    0x0, 0x0, 0x3, 0xff, 0xf4, 0x0, 0x0, 0x0,
    0x0, 0xb, 0xe7, 0xff, 0xff, 0xff, 0xff, 0xfc,
    0x2f, 0xc0, 0xff, 0xff, 0xff, 0xff, 0xf8, 0x2f,
    0x40, 0x1b, 0xff, 0xff, 0xff, 0xf4, 0x0, 0x0,
    0x0, 0x0, 0x0, 0x0, 0x0,

    /* U+8FDE "连" */
    0x0, 0x0, 0x0, 0x0, 0xfc, 0x0, 0x0, 0x3,
    0x80, 0x0, 0xb, 0xd0, 0x0, 0x0, 0x1f, 0xe0,
    0x0, 0x3f, 0x0, 0x0, 0x0, 0x7f, 0xf1, 0xff,
    0xff, 0xff, 0xfe, 0x0, 0x2f, 0xcb, 0xff, 0xff,
    0xff, 0xf8, 0x0, 0xb, 0x1a, 0xfe, 0xaa, 0xaa,
    0x90, 0x0, 0x0, 0x7, 0xf0, 0x0, 0x0, 0x0,
    0x0, 0x0, 0x3f, 0x47, 0xd0, 0x0, 0xa, 0xa8,
    0x1, 0xf8, 0x1f, 0x40, 0x0, 0x7f, 0xf8, 0xf,
    0xc0, 0xbc, 0x0, 0x1, 0xff, 0xf0, 0xbf, 0xab,
    0xfa, 0xa9, 0x0, 0x1f, 0x83, 0xff, 0xff, 0xff,
    0xfc, 0x0, 0x7e, 0x7, 0xff, 0xff, 0xff, 0xe0,
    0x1, 0xf4, 0x0, 0x0, 0xfc, 0x0, 0x0, 0xb,
    0xd0, 0x0, 0x3, 0xe0, 0x0, 0x0, 0x2f, 0x0,
    0x0, 0x1f, 0x80, 0x0, 0x0, 0xfc, 0x3f, 0xff,
    0xff, 0xff, 0xf8, 0x3, 0xf0, 0xff, 0xff, 0xff,
    0xff, 0xe0, 0xf, 0xc1, 0x55, 0x5f, 0xe5, 0x55,
    0x0, 0x7e, 0x0, 0x0, 0x3f, 0x0, 0x0, 0x2,
    0xfd, 0x0, 0x0, 0xfc, 0x0, 0x0, 0xf, 0xfd,
    0x0, 0x3, 0xf0, 0x0, 0x0, 0x7f, 0xff, 0x40,
    0xa, 0x40, 0x0, 0x3, 0xf5, 0xff, 0xfe, 0xaa,
    0xaa, 0xa9, 0x3f, 0xc1, 0xff, 0xff, 0xff, 0xff,
    0xf4, 0xfc, 0x0, 0x6f, 0xff, 0xff, 0xff, 0xc0,
    0x0, 0x0, 0x0, 0x0, 0x0, 0x0, 0x0,

    /* U+8FF0 "述" */
    0x0, 0x0, 0x0, 0x0, 0xa, 0x40, 0x0, 0x7,
    0x40, 0x0, 0x0, 0x7e, 0x2f, 0x0, 0x1f, 0xe0,
    0x0, 0x1, 0xf8, 0x7d, 0x0, 0x7f, 0xf0, 0x0,
    0xb, 0xd0, 0xf8, 0x0, 0x7f, 0xc0, 0x0, 0x2f,
    0x40, 0x0, 0x0, 0x1f, 0x1f, 0xff, 0xff, 0xff,
    0xe0, 0x0, 0x0, 0x7f, 0xff, 0xff, 0xff, 0x80,
    0x0, 0x1, 0xff, 0xff, 0xff, 0xfd, 0xa, 0xa8,
    0x0, 0x1, 0xff, 0x0, 0x0, 0x3f, 0xfc, 0x0,
    0xf, 0xff, 0x0, 0x1, 0xff, 0xf0, 0x0, 0x7f,
    0xfe, 0x0, 0x0, 0xf, 0xc0, 0x3, 0xff, 0xfd,
    0x0, 0x0, 0x7e, 0x0, 0x3f, 0xbd, 0xfc, 0x0,
    0x1, 0xf8, 0x2, 0xf6, 0xf1, 0xf8, 0x0, 0x7,
    0xd0, 0x2f, 0x8f, 0xc3, 0xf4, 0x0, 0x2f, 0x41,
    0xfc, 0x3f, 0x3, 0xf0, 0x0, 0xbc, 0x1f, 0xc0,
    0xfc, 0xb, 0xe0, 0x3, 0xf2, 0xfd, 0x3, 0xe0,
    0xf, 0xd0, 0xf, 0xc7, 0xd0, 0x1f, 0x80, 0x1f,
    0x40, 0x3f, 0x1, 0x0, 0x7d, 0x0, 0x10, 0x1,
    0xfd, 0x0, 0x2, 0xf4, 0x0, 0x0, 0xb, 0xfd,
    0x0, 0xb, 0xc0, 0x0, 0x0, 0x3f, 0xfe, 0x40,
    0x0, 0x0, 0x0, 0x2, 0xf9, 0xff, 0xff, 0xff,
    0xff, 0xfe, 0x1f, 0xc1, 0xff, 0xff, 0xff, 0xff,
    0xf4, 0xfd, 0x0, 0x6f, 0xff, 0xff, 0xff, 0xc0,
    0x10, 0x0, 0x0, 0x0, 0x0, 0x0, 0x0,

    /* U+9001 "送" */
    0x0, 0x0, 0x0, 0x1a, 0x0, 0xa, 0x40, 0x7,
    0x80, 0x0, 0xbd, 0x0, 0xbd, 0x0, 0x1f, 0xf4,
    0x1, 0xf8, 0x3, 0xf0, 0x0, 0x7f, 0xf4, 0x3,
    0xf0, 0x1f, 0x80, 0x0, 0x2f, 0xd1, 0xaf, 0xea,
    0xfe, 0xa0, 0x0, 0xb, 0xf, 0xff, 0xff, 0xff,
    0xd0, 0x0, 0x0, 0x3f, 0xff, 0xff, 0xff, 0x0,
    0x0, 0x0, 0x0, 0x1f, 0x80, 0x0, 0xf, 0xfe,
    0x0, 0x0, 0x7e, 0x0, 0x0, 0x7f, 0xfc, 0x0,
    0x2, 0xf4, 0x0, 0x1, 0xff, 0xf0, 0x0, 0xb,
    0xd0, 0x0, 0x0, 0xf, 0xc3, 0xff, 0xff, 0xff,
    0xfe, 0x0, 0x3f, 0xf, 0xff, 0xff, 0xff, 0xf8,
    0x0, 0xfc, 0x2a, 0xaf, 0xfa, 0xaa, 0x90, 0x3,
    0xe0, 0x0, 0x3f, 0xe0, 0x0, 0x0, 0x1f, 0x80,
    0x2, 0xff, 0xe0, 0x0, 0x0, 0x7d, 0x0, 0x1f,
    0xdf, 0xe0, 0x0, 0x1, 0xf4, 0x1, 0xfd, 0xf,
    0xe0, 0x0, 0xb, 0xc0, 0x1f, 0xe0, 0xf, 0xe0,
    0x0, 0x3f, 0x2, 0xfe, 0x0, 0x1f, 0xe0, 0x0,
    0xfe, 0x2f, 0xe0, 0x0, 0x1f, 0xd0, 0x7, 0xfe,
    0x1d, 0x0, 0x0, 0x2d, 0x0, 0x3f, 0xff, 0x40,
    0x0, 0x0, 0x0, 0x2, 0xf9, 0xff, 0xfa, 0xaa,
    0xaa, 0xa9, 0x2f, 0xc0, 0xff, 0xff, 0xff, 0xff,
    0xf4, 0xfc, 0x0, 0x6f, 0xff, 0xff, 0xff, 0xc0,
    0x0, 0x0, 0x0, 0x0, 0x0, 0x0, 0x0,

    /* U+901A "通" */
    0x0, 0x0, 0x0, 0x0, 0x0, 0x0, 0x0, 0x7,
    0x80, 0x3, 0xff, 0xff, 0xff, 0xc0, 0x1f, 0xe4,
    0x1f, 0xff, 0xff, 0xff, 0x40, 0x7f, 0xf4, 0x15,
    0x55, 0x5b, 0xfc, 0x0, 0x2f, 0xc0, 0xa, 0x80,
    0x3f, 0xc0, 0x0, 0xb, 0x0, 0xf, 0xc3, 0xf8,
    0x0, 0x0, 0x0, 0x1, 0x6f, 0xff, 0xd4, 0x0,
    0x0, 0x0, 0xff, 0xff, 0xff, 0xfd, 0xa, 0xa8,
    0x7, 0xff, 0xff, 0xff, 0xf8, 0x7f, 0xfc, 0x2f,
    0x0, 0xf8, 0x3, 0xe1, 0xff, 0xf0, 0xbc, 0x3,
    0xe0, 0xf, 0x80, 0xf, 0xc3, 0xff, 0xff, 0xff,
    0xfe, 0x0, 0x7e, 0xf, 0xff, 0xff, 0xff, 0xf4,
    0x1, 0xf8, 0x3e, 0x56, 0xf5, 0x5b, 0xd0, 0x7,
    0xd0, 0xf8, 0x7, 0xc0, 0x2f, 0x0, 0x2f, 0x47,
    0xe5, 0x6f, 0x55, 0xfc, 0x0, 0xbc, 0x1f, 0xff,
    0xff, 0xff, 0xf0, 0x3, 0xf0, 0xbf, 0xff, 0xff,
    0xff, 0xc0, 0xf, 0xc2, 0xf0, 0xf, 0xc0, 0x3f,
    0x0, 0x3f, 0xf, 0xc0, 0x3e, 0x4, 0xf8, 0x1,
    0xfc, 0x3f, 0x0, 0xf8, 0x7f, 0xe0, 0xb, 0xfc,
    0xfc, 0x3, 0xd2, 0xff, 0x40, 0x3f, 0xfe, 0x40,
    0x0, 0x1, 0x64, 0x3, 0xfa, 0xff, 0xff, 0xff,
    0xff, 0xfe, 0x2f, 0xc1, 0xff, 0xff, 0xff, 0xff,
    0xf4, 0xbd, 0x0, 0x6f, 0xff, 0xff, 0xff, 0xc0,
    0x0, 0x0, 0x0, 0x0, 0x0, 0x0, 0x0,

    /* U+903B "逻" */
    0x0, 0x0, 0x0, 0x0, 0x0, 0x0, 0x0, 0x7,
    0x40, 0x2, 0xff, 0xff, 0xff, 0x80, 0x2f, 0xe0,
    0x3f, 0xff, 0xff, 0xff, 0x80, 0xbf, 0xf1, 0xf9,
    0xfd, 0xbd, 0x7e, 0x0, 0x2f, 0xc7, 0xc2, 0xe1,
    0xf0, 0xf8, 0x0, 0xb, 0x2f, 0xf, 0x4b, 0xc3,
    0xe0, 0x0, 0x0, 0xbc, 0x3d, 0x2e, 0x1f, 0x40,
    0x0, 0x2, 0xff, 0xff, 0xff, 0xfd, 0xa, 0xa4,
    0xf, 0xff, 0xff, 0xff, 0xf0, 0x7f, 0xf8, 0x15,
    0xbf, 0x55, 0x55, 0x41, 0xff, 0xf0, 0x3, 0xf4,
    0x0, 0x0, 0x0, 0x1f, 0xc0, 0x2f, 0xff, 0xff,
    0xf0, 0x0, 0x7e, 0x0, 0xff, 0xff, 0xff, 0xe0,
    0x1, 0xf8, 0xf, 0xea, 0xaa, 0xbf, 0x40, 0xb,
    0xd0, 0xbf, 0xc0, 0x2, 0xfc, 0x0, 0x2f, 0x7,
    0xff, 0xc0, 0x2f, 0xd0, 0x0, 0xfc, 0x3f, 0x1f,
    0xd7, 0xfd, 0x0, 0x3, 0xf0, 0x0, 0x1f, 0xff,
    0xc0, 0x0, 0xf, 0xc0, 0x0, 0x7f, 0xf8, 0x0,
    0x0, 0x3e, 0x0, 0x1f, 0xff, 0x40, 0x0, 0x1,
    0xf8, 0x1f, 0xff, 0xd0, 0x0, 0x0, 0xf, 0xf8,
    0x3f, 0xe4, 0x0, 0x0, 0x0, 0x7f, 0xfe, 0x64,
    0x0, 0x0, 0x0, 0x3, 0xfb, 0xff, 0xff, 0xff,
    0xff, 0xfd, 0x3f, 0x82, 0xff, 0xff, 0xff, 0xff,
    0xf4, 0xbc, 0x0, 0xbf, 0xff, 0xff, 0xff, 0xc0,
    0x0, 0x0, 0x0, 0x0, 0x0, 0x0, 0x0,

    /* U+90E8 "部" */
    0x0, 0x3, 0xd0, 0x0, 0x0, 0x0, 0x0, 0x0,
    0xf, 0xc0, 0x0, 0x1a, 0xa9, 0x0, 0x0, 0x3f,
    0x0, 0x3, 0xff, 0xff, 0x3, 0xff, 0xff, 0xff,
    0xf, 0xff, 0xfd, 0xf, 0xff, 0xff, 0xfc, 0x7d,
    0x3, 0xf0, 0x15, 0x55, 0x55, 0x51, 0xf4, 0xf,
    0xc0, 0x1a, 0x0, 0x68, 0xb, 0xc0, 0x7d, 0x0,
    0xbc, 0x2, 0xf0, 0x2f, 0x3, 0xf0, 0x1, 0xf4,
    0xf, 0x80, 0xfc, 0xf, 0x80, 0x3, 0xe0, 0xbc,
    0x3, 0xf0, 0xbc, 0x2, 0xaf, 0xeb, 0xfa, 0x4f,
    0x83, 0xf0, 0x1f, 0xff, 0xff, 0xff, 0x3e, 0xf,
    0x80, 0x7f, 0xff, 0xff, 0xf9, 0xf4, 0x2f, 0x0,
    0x0, 0x0, 0x0, 0x7, 0xd0, 0x3e, 0x0, 0x0,
    0x0, 0x0, 0x2f, 0x0, 0xbc, 0x2, 0xff, 0xff,
    0xd0, 0xbc, 0x1, 0xf4, 0xf, 0xff, 0xff, 0xc3,
    0xf0, 0x3, 0xe0, 0x7d, 0x0, 0x3f, 0xf, 0xc0,
    0xf, 0x82, 0xf0, 0x0, 0xfc, 0x3e, 0x0, 0x3e,
    0xb, 0xc0, 0x3, 0xf0, 0xf8, 0xff, 0xf8, 0x3f,
    0x0, 0xf, 0x87, 0xd3, 0xff, 0xd0, 0xfc, 0x0,
    0x3e, 0x1f, 0x4b, 0xfe, 0x3, 0xe0, 0x1, 0xf8,
    0xbc, 0x0, 0x0, 0xf, 0xff, 0xff, 0xd2, 0xf0,
    0x0, 0x0, 0x7f, 0xff, 0xff, 0x4f, 0xc0, 0x0,
    0x0, 0x55, 0x55, 0x54, 0x3f, 0x0, 0x0, 0x0,

    /* U+90FD "都" */
    0x0, 0x2, 0xa0, 0x0, 0x0, 0x0, 0x0, 0x0,
    0x3, 0xf0, 0x0, 0x1, 0x55, 0x40, 0x0, 0x3,
    0xe0, 0x5, 0xf, 0xff, 0xfc, 0x3, 0xff, 0xff,
    0x7f, 0x1f, 0xff, 0xfc, 0x3, 0xff, 0xff, 0xbd,
    0x2f, 0x55, 0xfc, 0x1, 0x5b, 0xe6, 0xfc, 0x2f,
    0x1, 0xf8, 0x0, 0x7, 0xd2, 0xf4, 0x2f, 0x2,
    0xf4, 0x0, 0xb, 0xc7, 0xf0, 0x3f, 0x3, 0xf0,
    0xa, 0xaf, 0xef, 0xe9, 0x3f, 0x7, 0xd0, 0x1f,
    0xff, 0xff, 0xff, 0x3e, 0xf, 0xc0, 0x1f, 0xff,
    0xff, 0xfe, 0x3e, 0xf, 0x80, 0x0, 0x3, 0xf8,
    0x0, 0x7d, 0x1f, 0x40, 0x0, 0x1f, 0xe0, 0x0,
    0x7d, 0xf, 0xc0, 0x1, 0xff, 0xff, 0xe0, 0xbc,
    0x7, 0xd0, 0xb, 0xff, 0xff, 0xf0, 0xbc, 0x3,
    0xe0, 0xbf, 0xf5, 0x56, 0xf0, 0xfc, 0x2, 0xf0,
    0x3f, 0xf0, 0x2, 0xf0, 0xfc, 0x2, 0xf0, 0x3,
    0xf0, 0x2, 0xf0, 0xfc, 0x1, 0xf0, 0x3, 0xff,
    0xff, 0xf0, 0xf8, 0x42, 0xf0, 0x3, 0xff, 0xff,
    0xe0, 0xf9, 0xfb, 0xf0, 0x3, 0xe0, 0x3, 0xe1,
    0xf6, 0xff, 0xf0, 0x3, 0xd0, 0x3, 0xe1, 0xf4,
    0xbf, 0xc0, 0x7, 0xc0, 0x3, 0xd2, 0xf0, 0x0,
    0x0, 0x7, 0xe5, 0x5b, 0xd2, 0xf0, 0x0, 0x0,
    0xb, 0xff, 0xff, 0xc3, 0xf0, 0x0, 0x0, 0xb,
    0xff, 0xff, 0xc3, 0xf0, 0x0, 0x0,

    /* U+914D "配" */
    0x2, 0xaa, 0xaa, 0xa9, 0x2a, 0xaa, 0x50, 0x1f,
    0xff, 0xff, 0xf9, 0xff, 0xff, 0xd0, 0xbf, 0xff,
    0xff, 0xe7, 0xff, 0xff, 0x80, 0x2, 0xe7, 0xc0,
    0x0, 0x0, 0x7e, 0x0, 0xf, 0x9f, 0x0, 0x0,
    0x1, 0xf8, 0x0, 0x3e, 0xbc, 0x0, 0x0, 0xb,
    0xd0, 0x3f, 0xff, 0xff, 0x80, 0x0, 0x2f, 0x41,
    0xff, 0xff, 0xff, 0x0, 0x0, 0xbc, 0x7, 0xdf,
    0x7d, 0xbc, 0x0, 0x3, 0xf0, 0x2f, 0x3c, 0xf2,
    0xf0, 0x15, 0x5f, 0xc0, 0xbd, 0xf3, 0xcf, 0x87,
    0xff, 0xfe, 0x3, 0xeb, 0x8f, 0x3e, 0x2f, 0xff,
    0xf8, 0xf, 0xbd, 0x7c, 0xf4, 0xfd, 0x55, 0x40,
    0x3f, 0xf1, 0xff, 0xd3, 0xe0, 0x0, 0x0, 0xff,
    0x83, 0xff, 0x4f, 0x80, 0x0, 0x3, 0xd4, 0x0,
    0x7c, 0x3e, 0x0, 0x0, 0x1f, 0x0, 0x2, 0xf1,
    0xf4, 0x0, 0x0, 0x7f, 0xff, 0xff, 0xc7, 0xd0,
    0x0, 0x2, 0xff, 0xff, 0xff, 0x2f, 0x0, 0x0,
    0xb, 0xd5, 0x55, 0xf8, 0xbc, 0x0, 0x0, 0x3e,
    0x0, 0x3, 0xe2, 0xf0, 0x0, 0x0, 0xf8, 0x0,
    0xf, 0x4f, 0xc0, 0x1, 0x93, 0xe5, 0x55, 0x7d,
    0x3f, 0xaa, 0xff, 0x4f, 0xff, 0xff, 0xf0, 0xff,
    0xff, 0xfd, 0x7f, 0xff, 0xff, 0xc1, 0xff, 0xff,
    0x90, 0x0, 0x0, 0x0, 0x0, 0x0, 0x0, 0x0,

    /* U+91C7 "采" */
    0x0, 0x0, 0x0, 0x0, 0x0, 0x0, 0x50, 0x0,
    0x0, 0x1, 0x5a, 0xaf, 0xff, 0xc0, 0xb, 0xff,
    0xff, 0xff, 0xff, 0xfe, 0x0, 0x3f, 0xff, 0xff,
    0xff, 0xfa, 0x50, 0x0, 0xaa, 0x55, 0x40, 0x0,
    0x0, 0x0, 0x0, 0x14, 0x1, 0xf4, 0x0, 0x7e,
    0x0, 0x1, 0xf4, 0x3, 0xf0, 0x3, 0xf0, 0x0,
    0x3, 0xe0, 0xf, 0xc0, 0x1f, 0x80, 0x0, 0xf,
    0xc0, 0x2f, 0x40, 0xfc, 0x0, 0x0, 0x1f, 0x40,
    0x29, 0x7, 0xe0, 0x0, 0x0, 0x29, 0x2, 0xa0,
    0x2a, 0x0, 0x0, 0x0, 0x0, 0xf, 0xc0, 0x0,
    0x0, 0x2, 0xaa, 0xaa, 0xbf, 0xaa, 0xaa, 0xa0,
    0x1f, 0xff, 0xff, 0xff, 0xff, 0xff, 0xc0, 0x7f,
    0xff, 0xff, 0xff, 0xff, 0xfe, 0x0, 0x0, 0x0,
    0xbf, 0xd0, 0x0, 0x0, 0x0, 0x0, 0xb, 0xff,
    0xd0, 0x0, 0x0, 0x0, 0x0, 0xff, 0xff, 0xd0,
    0x0, 0x0, 0x0, 0x1f, 0xff, 0xdf, 0xe0, 0x0,
    0x0, 0x2, 0xff, 0x3f, 0xf, 0xf0, 0x0, 0x0,
    0x7f, 0xe0, 0xfc, 0xf, 0xf4, 0x0, 0x1f, 0xfd,
    0x3, 0xf0, 0xf, 0xfd, 0x3, 0xff, 0x80, 0x1f,
    0x80, 0xb, 0xfe, 0xb, 0xf0, 0x0, 0x7e, 0x0,
    0x3, 0xfc, 0x5, 0x0, 0x1, 0xf4, 0x0, 0x1,
    0x80, 0x0, 0x0, 0xb, 0xd0, 0x0, 0x0, 0x0,

    /* U+91CF "量" */
    0x0, 0x0, 0x0, 0x0, 0x0, 0x0, 0x0, 0x0,
    0x3f, 0xff, 0xff, 0xff, 0xfd, 0x0, 0x1, 0xfe,
    0xaa, 0xaa, 0xaa, 0xf8, 0x0, 0xb, 0xe5, 0x55,
    0x55, 0x5b, 0xe0, 0x0, 0x2f, 0xff, 0xff, 0xff,
    0xff, 0x80, 0x0, 0xfc, 0x0, 0x0, 0x0, 0x7d,
    0x0, 0x3, 0xff, 0xff, 0xff, 0xff, 0xf4, 0x0,
    0xa, 0xaa, 0xaa, 0xaa, 0xaa, 0x80, 0x0, 0x0,
    0x0, 0x0, 0x0, 0x0, 0x0, 0x2f, 0xff, 0xff,
    0xff, 0xff, 0xff, 0xe0, 0xbf, 0xff, 0xff, 0xff,
    0xff, 0xff, 0x40, 0x0, 0x0, 0x0, 0x0, 0x0,
    0x0, 0x0, 0x3f, 0xff, 0xff, 0xff, 0xff, 0x0,
    0x1, 0xfa, 0xaa, 0xfe, 0xaa, 0xfc, 0x0, 0xb,
    0xd5, 0x57, 0xf5, 0x57, 0xf0, 0x0, 0x3f, 0xff,
    0xff, 0xff, 0xff, 0xc0, 0x0, 0xfc, 0x0, 0xbe,
    0x0, 0x3f, 0x0, 0x3, 0xff, 0xff, 0xff, 0xff,
    0xfc, 0x0, 0xf, 0xff, 0xff, 0xff, 0xff, 0xe0,
    0x0, 0x0, 0x0, 0x3f, 0x0, 0x0, 0x0, 0x2,
    0xff, 0xff, 0xff, 0xff, 0xff, 0x0, 0xf, 0xff,
    0xff, 0xff, 0xff, 0xfc, 0x0, 0x0, 0x0, 0x1f,
    0xc0, 0x0, 0x0, 0x0, 0x0, 0x0, 0x3e, 0x0,
    0x0, 0x0, 0x3f, 0xff, 0xff, 0xff, 0xff, 0xff,
    0xf0, 0xff, 0xff, 0xff, 0xff, 0xff, 0xff, 0xc0,

    /* U+952E "键" */
    0x0, 0xa0, 0x0, 0x0, 0x0, 0x78, 0x0, 0x2,
    0xf0, 0x0, 0x0, 0x0, 0xbc, 0x0, 0x3, 0xe0,
    0xb, 0xfd, 0x2a, 0xfe, 0x90, 0x7, 0xff, 0xdf,
    0xff, 0x3f, 0xff, 0xf4, 0xb, 0xff, 0xda, 0xbe,
    0x2a, 0xfe, 0xf8, 0x6, 0xaa, 0x80, 0xbc, 0x0,
    0xf4, 0xf8, 0x0, 0x0, 0x1, 0xf8, 0x56, 0xf9,
    0xf8, 0x0, 0x0, 0x3, 0xf1, 0xff, 0xff, 0xfd,
    0x5, 0x55, 0x47, 0xd1, 0xff, 0xff, 0xfd, 0xf,
    0xff, 0xcf, 0xc0, 0x2, 0xf1, 0xf0, 0xf, 0xff,
    0x6f, 0xfc, 0xff, 0xff, 0xf0, 0x0, 0xf4, 0x2f,
    0xfc, 0xff, 0xff, 0xe0, 0x1, 0xf4, 0x0, 0x7c,
    0x57, 0xe5, 0x40, 0x1, 0xf0, 0x0, 0x7c, 0x3,
    0xd0, 0x0, 0x2f, 0xff, 0x94, 0xb9, 0xff, 0xff,
    0xe0, 0x3f, 0xff, 0x7d, 0xf9, 0xff, 0xff, 0xe0,
    0x2b, 0xfa, 0x3e, 0xf4, 0x5b, 0xd5, 0x40, 0x3,
    0xe0, 0x2f, 0xf0, 0xb, 0xc0, 0x0, 0x3, 0xe0,
    0x1f, 0xe7, 0xff, 0xff, 0xf4, 0x3, 0xd0, 0xf,
    0xd7, 0xff, 0xff, 0xf0, 0x3, 0xd0, 0xb, 0xc0,
    0xf, 0x80, 0x0, 0x7, 0xdb, 0xf, 0xe0, 0xf,
    0x40, 0x0, 0x7, 0xff, 0x2f, 0xf8, 0xa, 0x0,
    0x0, 0xb, 0xfe, 0x7e, 0xff, 0xe9, 0x55, 0x54,
    0x3, 0xe0, 0xfc, 0x2f, 0xff, 0xff, 0xf4, 0x0,
    0x1, 0xf4, 0x2, 0xff, 0xff, 0xf0, 0x0, 0x0,
    0x10, 0x0, 0x0, 0x0, 0x0,

    /* U+95F4 "间" */
    0x1, 0x0, 0x0, 0x0, 0x0, 0x0, 0x0, 0x3e,
    0x40, 0x7f, 0xff, 0xff, 0xe8, 0x3, 0xff, 0x4b,
    0xff, 0xff, 0xff, 0xd0, 0x2f, 0xf8, 0xbf, 0xff,
    0xff, 0xfe, 0x0, 0x1b, 0x40, 0x0, 0x0, 0xb,
    0xe0, 0x0, 0x0, 0x0, 0x0, 0x0, 0xbd, 0x7,
    0xd0, 0x0, 0x0, 0x0, 0xb, 0xd0, 0xbd, 0x3,
    0xff, 0xff, 0x40, 0xfc, 0xb, 0xc0, 0xff, 0xff,
    0xfc, 0xf, 0xc0, 0xfc, 0xf, 0xea, 0xaf, 0xc0,
    0xfc, 0xf, 0xc0, 0xf8, 0x0, 0xbc, 0xf, 0xc0,
    0xfc, 0xf, 0x40, 0xf, 0xc1, 0xf8, 0xf, 0xc1,
    0xf9, 0x55, 0xfc, 0x1f, 0x81, 0xf8, 0x1f, 0xff,
    0xff, 0x82, 0xf4, 0x1f, 0x82, 0xff, 0xff, 0xf8,
    0x2f, 0x42, 0xf4, 0x2f, 0x0, 0xf, 0x43, 0xf0,
    0x2f, 0x43, 0xf0, 0x1, 0xf4, 0x3f, 0x2, 0xf0,
    0x3f, 0x0, 0x1f, 0x43, 0xf0, 0x3f, 0x3, 0xfa,
    0xab, 0xf0, 0x3f, 0x3, 0xf0, 0x3f, 0xff, 0xff,
    0x3, 0xf0, 0x3f, 0x7, 0xff, 0xff, 0xf0, 0x7e,
    0x3, 0xe0, 0x0, 0x0, 0x0, 0x7, 0xe0, 0x7e,
    0x0, 0x0, 0x0, 0x40, 0xbd, 0x7, 0xd0, 0x0,
    0x0, 0x1f, 0xff, 0xc0, 0xbd, 0x0, 0x0, 0x2,
    0xff, 0xfc, 0xb, 0xc0, 0x0, 0x0, 0x6, 0xff,
    0x40, 0x0, 0x0, 0x0, 0x0, 0x0, 0x0, 0x0,

    /* U+9608 "阈" */
    0x0, 0x0, 0x0, 0x0, 0x0, 0x0, 0x0, 0x2e,
    0x40, 0x6a, 0xaa, 0xaa, 0xa4, 0x3, 0xff, 0x4f,
    0xff, 0xff, 0xff, 0xc0, 0x1f, 0xf8, 0xff, 0xff,
    0xff, 0xfd, 0x0, 0x7, 0x40, 0x0, 0x0, 0x7,
    0xd0, 0x0, 0x0, 0x1, 0xf2, 0xd0, 0xbd, 0xb,
    0xc0, 0x0, 0x1f, 0x1f, 0xb, 0xc0, 0xbc, 0x15,
    0x56, 0xf5, 0xa4, 0xbc, 0xf, 0xcf, 0xff, 0xff,
    0xff, 0xcf, 0xc0, 0xf8, 0xff, 0xff, 0xff, 0xfc,
    0xfc, 0xf, 0x80, 0x0, 0xf, 0x0, 0xf, 0x80,
    0xf8, 0x7f, 0xf4, 0xf0, 0xf4, 0xf8, 0xf, 0x4f,
    0xff, 0xcf, 0x1f, 0x1f, 0x81, 0xf4, 0xf4, 0x7c,
    0xf6, 0xe1, 0xf4, 0x1f, 0xf, 0x7, 0x8f, 0x7d,
    0x1f, 0x42, 0xf0, 0xf0, 0xb8, 0xff, 0xc2, 0xf0,
    0x2f, 0x1f, 0xff, 0x4b, 0xf4, 0x2f, 0x2, 0xf1,
    0xff, 0xf4, 0xbf, 0x3, 0xf0, 0x3f, 0x0, 0x0,
    0xb, 0xc0, 0x3f, 0x3, 0xe0, 0x16, 0xf9, 0xfd,
    0x27, 0xe0, 0x3e, 0x7f, 0xff, 0xff, 0xff, 0x7e,
    0x3, 0xd7, 0xf9, 0x5f, 0xdf, 0xe7, 0xd0, 0x7d,
    0x0, 0x7, 0xf0, 0x10, 0x7d, 0x7, 0xc0, 0x0,
    0x18, 0xb, 0xaf, 0xc0, 0x7c, 0x0, 0x0, 0x0,
    0xff, 0xfc, 0xb, 0xc0, 0x0, 0x0, 0x7, 0xff,
    0x40, 0x0, 0x0, 0x0, 0x0, 0x0, 0x0, 0x0,

    /* U+961F "队" */
    0x0, 0x0, 0x0, 0x0, 0x1a, 0x0, 0x0, 0x6,
    0xff, 0xe4, 0x3, 0xf0, 0x0, 0x1, 0xff, 0xff,
    0xc0, 0x3f, 0x0, 0x0, 0x2f, 0xff, 0xfc, 0x3,
    0xf0, 0x0, 0x2, 0xf0, 0x1f, 0x80, 0x3e, 0x0,
    0x0, 0x3f, 0x3, 0xf0, 0x7, 0xe0, 0x0, 0x3,
    0xf0, 0x3e, 0x0, 0x7d, 0x0, 0x0, 0x3e, 0xb,
    0xc0, 0xb, 0xd0, 0x0, 0x3, 0xe0, 0xfc, 0x0,
    0xfe, 0x0, 0x0, 0x7d, 0x1f, 0x40, 0xf, 0xe0,
    0x0, 0x7, 0xd2, 0xf0, 0x0, 0xff, 0x0, 0x0,
    0xbc, 0xf, 0x40, 0x1f, 0xf0, 0x0, 0xb, 0xc0,
    0xbc, 0x3, 0xff, 0x40, 0x0, 0xfc, 0x7, 0xc0,
    0x3f, 0xf8, 0x0, 0xf, 0xc0, 0x3d, 0x7, 0xef,
    0xc0, 0x0, 0xf8, 0x3, 0xe0, 0xfc, 0xbc, 0x0,
    0xf, 0x80, 0x3e, 0x1f, 0xc7, 0xd0, 0x1, 0xf4,
    0x83, 0xe3, 0xf4, 0x3f, 0x0, 0x1f, 0x5f, 0xfd,
    0x7f, 0x2, 0xf0, 0x2, 0xf1, 0xff, 0xcf, 0xd0,
    0x1f, 0x80, 0x2f, 0x6, 0xa5, 0xfc, 0x0, 0xfc,
    0x3, 0xf0, 0x0, 0x3f, 0x40, 0xb, 0xe0, 0x3f,
    0x0, 0xf, 0xe0, 0x0, 0x3f, 0x43, 0xf0, 0x2,
    0xfc, 0x0, 0x1, 0xfc, 0x3e, 0x0, 0xbf, 0x0,
    0x0, 0xf, 0xe7, 0xe0, 0x2, 0xd0, 0x0, 0x0,
    0x24,

    /* U+96C6 "集" */
    0x0, 0x2, 0xa4, 0x7, 0xd0, 0x0, 0x0, 0x0,
    0x1f, 0xc0, 0xf, 0xc0, 0x0, 0x0, 0x0, 0xff,
    0xff, 0xff, 0xff, 0xfe, 0x0, 0xf, 0xff, 0xff,
    0xff, 0xff, 0xf8, 0x0, 0xbf, 0x40, 0x7, 0xe0,
    0x0, 0x0, 0x7, 0xfc, 0x0, 0x1f, 0x40, 0x0,
    0x0, 0x3f, 0xff, 0xff, 0xff, 0xff, 0xf8, 0x3,
    0xff, 0xff, 0xff, 0xff, 0xff, 0xe0, 0x2f, 0xbf,
    0x0, 0xb, 0xc0, 0x0, 0x0, 0x0, 0xfe, 0xaa,
    0xbf, 0xaa, 0xa8, 0x0, 0x3, 0xff, 0xff, 0xff,
    0xff, 0xf4, 0x0, 0x1f, 0x95, 0x57, 0xf5, 0x55,
    0x40, 0x0, 0x7d, 0x0, 0xf, 0x80, 0x0, 0x0,
    0x2, 0xff, 0xff, 0xff, 0xff, 0xff, 0x40, 0xb,
    0xff, 0xff, 0xff, 0xff, 0xfd, 0x0, 0x5, 0x55,
    0x5a, 0x55, 0x55, 0x50, 0x0, 0x0, 0x0, 0x7e,
    0x0, 0x0, 0x0, 0x3f, 0xff, 0xff, 0xff, 0xff,
    0xff, 0x80, 0xff, 0xff, 0xff, 0xff, 0xff, 0xfe,
    0x1, 0x55, 0x57, 0xff, 0xf9, 0x55, 0x50, 0x0,
    0x0, 0x7f, 0xff, 0xf8, 0x0, 0x0, 0x0, 0x1f,
    0xf7, 0xf3, 0xfe, 0x0, 0x0, 0x7, 0xff, 0xf,
    0xc2, 0xff, 0x80, 0x2, 0xff, 0xd0, 0x3e, 0x0,
    0xff, 0xf4, 0x3f, 0xf4, 0x1, 0xf8, 0x0, 0x7f,
    0xe0, 0x39, 0x0, 0x7, 0xd0, 0x0, 0xa, 0x0,
    0x0, 0x0, 0x0, 0x0, 0x0, 0x0, 0x0,

    /* U+9700 "需" */
    0x0, 0xbf, 0xff, 0xff, 0xff, 0xff, 0x40, 0xf,
    0xff, 0xff, 0xff, 0xff, 0xf4, 0x0, 0x0, 0x0,
    0x3e, 0x0, 0x0, 0x0, 0x1, 0x55, 0x57, 0xe5,
    0x55, 0x40, 0x3, 0xff, 0xff, 0xff, 0xff, 0xff,
    0xc0, 0xbf, 0xff, 0xff, 0xff, 0xff, 0xfe, 0xf,
    0x80, 0x0, 0x7c, 0x0, 0x3, 0xe0, 0xf9, 0xff,
    0xcb, 0xcb, 0xfe, 0x3e, 0xf, 0x45, 0x54, 0xbc,
    0x55, 0x43, 0xd0, 0xf5, 0xaa, 0x8f, 0xca, 0xa9,
    0x7d, 0x0, 0x2f, 0xfc, 0xf8, 0xff, 0xd0, 0x0,
    0x0, 0x0, 0xa, 0x40, 0x0, 0x0, 0x0, 0x0,
    0x0, 0x0, 0x0, 0x0, 0x3, 0xff, 0xff, 0xff,
    0xff, 0xff, 0xfd, 0x3f, 0xff, 0xff, 0xff, 0xff,
    0xff, 0xc0, 0x0, 0x0, 0x3f, 0x0, 0x0, 0x0,
    0x2, 0xff, 0xff, 0xff, 0xff, 0xf8, 0x0, 0x7f,
    0xff, 0xff, 0xff, 0xff, 0xe0, 0xf, 0xc0, 0xbc,
    0xb, 0xd0, 0x3e, 0x0, 0xfc, 0xb, 0xc0, 0xbc,
    0x3, 0xe0, 0xf, 0x80, 0xbc, 0xb, 0xc0, 0x3e,
    0x0, 0xf8, 0xf, 0x80, 0xbc, 0x3, 0xd0, 0x1f,
    0x40, 0xf8, 0xf, 0x85, 0xbd, 0x1, 0xf4, 0xf,
    0x80, 0xf8, 0xff, 0xc0, 0x2f, 0x0, 0xf4, 0xf,
    0x4f, 0xf4, 0x0,

    /* U+975E "非" */
    0x0, 0x0, 0xa, 0x40, 0xa8, 0x0, 0x0, 0x0,
    0x0, 0x7e, 0x3, 0xf0, 0x0, 0x0, 0x0, 0x1,
    0xf8, 0xf, 0xc0, 0x0, 0x0, 0x0, 0x7, 0xe0,
    0x7e, 0x0, 0x0, 0x6, 0xaa, 0xbf, 0x41, 0xff,
    0xff, 0xe0, 0x3f, 0xff, 0xfd, 0x7, 0xff, 0xff,
    0xc0, 0xff, 0xff, 0xf0, 0x2f, 0xff, 0xff, 0x0,
    0x0, 0xf, 0xc0, 0xbd, 0x0, 0x0, 0x0, 0x0,
    0x3f, 0x3, 0xf0, 0x0, 0x0, 0x0, 0x0, 0xfc,
    0xf, 0xc0, 0x0, 0x0, 0x0, 0x7, 0xf0, 0x3f,
    0x0, 0x0, 0x3, 0xff, 0xff, 0x80, 0xff, 0xff,
    0xf0, 0xf, 0xff, 0xfe, 0x7, 0xff, 0xff, 0x80,
    0x2a, 0xab, 0xf4, 0x1f, 0xea, 0xa9, 0x0, 0x0,
    0xb, 0xd0, 0x7e, 0x0, 0x0, 0x0, 0x0, 0x3f,
    0x2, 0xf4, 0x0, 0x0, 0x0, 0x0, 0xfc, 0xb,
    0xd0, 0x0, 0x1, 0xaa, 0xab, 0xf0, 0x3f, 0xea,
    0xaa, 0x4b, 0xff, 0xff, 0xc0, 0xff, 0xff, 0xfd,
    0x3f, 0xff, 0xff, 0x3, 0xff, 0xff, 0xf0, 0x0,
    0x1, 0xf8, 0xf, 0xc0, 0x0, 0x0, 0x0, 0x7,
    0xe0, 0x3f, 0x0, 0x0, 0x0, 0x0, 0x2f, 0x41,
    0xf8, 0x0, 0x0, 0x0, 0x0, 0xbd, 0x7, 0xe0,
    0x0, 0x0, 0x0, 0x3, 0xf0, 0x2f, 0x40, 0x0,
    0x0, 0x0, 0xf, 0xc0, 0xbd, 0x0, 0x0, 0x0,

    /* U+9762 "面" */
    0xa, 0xaa, 0xaa, 0xaa, 0xaa, 0xaa, 0xa0, 0x7f,
    0xff, 0xff, 0xff, 0xff, 0xff, 0xc1, 0xff, 0xff,
    0xff, 0xff, 0xff, 0xff, 0x0, 0x0, 0x0, 0x7f,
    0x0, 0x0, 0x0, 0x0, 0x0, 0x2, 0xf4, 0x0,
    0x0, 0x0, 0x0, 0x0, 0xf, 0xc0, 0x0, 0x0,
    0x0, 0x6, 0xaa, 0xff, 0xaa, 0xaa, 0x80, 0x0,
    0xff, 0xff, 0xff, 0xff, 0xff, 0xc0, 0x7, 0xff,
    0xff, 0xff, 0xff, 0xff, 0x40, 0x1f, 0x41, 0xf0,
    0xf, 0xc0, 0xbc, 0x0, 0xbd, 0xb, 0xc0, 0x3e,
    0x3, 0xf0, 0x2, 0xf0, 0x2f, 0x55, 0xf8, 0xf,
    0xc0, 0xf, 0xc0, 0xff, 0xff, 0xd0, 0x3f, 0x0,
    0x3f, 0x3, 0xff, 0xff, 0x40, 0xf8, 0x0, 0xfc,
    0xf, 0x80, 0xbc, 0x7, 0xe0, 0x3, 0xe0, 0x3e,
    0x2, 0xf0, 0x1f, 0x40, 0x1f, 0x80, 0xf9, 0x5f,
    0xc0, 0xbd, 0x0, 0x7d, 0x7, 0xff, 0xff, 0x2,
    0xf4, 0x2, 0xf4, 0x1f, 0xff, 0xf8, 0xf, 0xc0,
    0xb, 0xc0, 0xbc, 0x3, 0xe0, 0x3f, 0x0, 0x3f,
    0x2, 0xf0, 0xf, 0x40, 0xfc, 0x0, 0xfc, 0xf,
    0xc0, 0x7d, 0x3, 0xf0, 0x3, 0xfa, 0xbf, 0xab,
    0xfa, 0xaf, 0x80, 0xf, 0xff, 0xff, 0xff, 0xff,
    0xfe, 0x0, 0x7f, 0xff, 0xff, 0xff, 0xff, 0xf4,
    0x0,

    /* U+9A7C "驼" */
    0x0, 0x0, 0x0, 0x0, 0x6, 0x80, 0x0, 0x2,
    0xff, 0xf8, 0x0, 0xb, 0xd0, 0x0, 0x3, 0xff,
    0xff, 0x0, 0x7, 0xe0, 0x0, 0x2, 0xff, 0xff,
    0xb, 0xff, 0xff, 0xf4, 0x0, 0x0, 0x3f, 0x2f,
    0xff, 0xff, 0xfc, 0x0, 0x50, 0x3e, 0x3f, 0xaa,
    0xaa, 0xfc, 0x2, 0xf0, 0x7e, 0x3e, 0x0, 0x0,
    0xbc, 0x3, 0xf0, 0x7d, 0x3e, 0x0, 0x0, 0xfc,
    0x3, 0xe0, 0xbd, 0x3d, 0x0, 0x0, 0xfc, 0x3,
    0xe0, 0xbc, 0x0, 0x0, 0x0, 0x0, 0x7, 0xd0,
    0xfc, 0x2, 0xe0, 0x0, 0x0, 0x7, 0xea, 0xfc,
    0x3, 0xf0, 0x0, 0x0, 0x7, 0xff, 0xff, 0x3,
    0xe0, 0x2, 0xc0, 0x3, 0xff, 0xff, 0x3, 0xe0,
    0x7f, 0xc0, 0x0, 0x0, 0x3f, 0x7, 0xff, 0xff,
    0x80, 0x0, 0x0, 0x3f, 0x7, 0xff, 0xf8, 0x0,
    0x0, 0x16, 0x3f, 0xb, 0xfe, 0x40, 0x0, 0x1b,
    0xff, 0x3e, 0xb, 0xd0, 0x0, 0x0, 0x3f, 0xfe,
    0x7e, 0xf, 0xc0, 0x0, 0x0, 0x3e, 0x90, 0x7e,
    0xf, 0xc0, 0x0, 0x0, 0x0, 0x0, 0xbd, 0xf,
    0xc0, 0x0, 0x0, 0x0, 0x0, 0xfc, 0xf, 0x80,
    0x0, 0x0, 0x0, 0x0, 0xfc, 0x1f, 0x80, 0x0,
    0x60, 0x1, 0xff, 0xfc, 0x1f, 0xea, 0xaf, 0xe0,
    0x2, 0xff, 0xf8, 0x1f, 0xff, 0xff, 0xe0, 0x0,
    0xaf, 0xe0, 0xb, 0xff, 0xfe, 0x40,

    /* U+9AA8 "骨" */
    0x0, 0x2f, 0xff, 0xff, 0xff, 0xc0, 0x0, 0x1f,
    0xff, 0xff, 0xff, 0xfc, 0x0, 0xb, 0xe5, 0x55,
    0x55, 0x7f, 0x0, 0x2, 0xf4, 0x0, 0x0, 0xf,
    0xc0, 0x0, 0xff, 0xff, 0xf8, 0x3, 0xe0, 0x0,
    0x3f, 0xff, 0xff, 0x0, 0xf8, 0x0, 0xf, 0xc0,
    0xb, 0xc0, 0x7d, 0x0, 0x1b, 0xf5, 0x57, 0xf5,
    0x6f, 0x90, 0x3f, 0xff, 0xff, 0xff, 0xff, 0xff,
    0x5f, 0xff, 0xff, 0xff, 0xff, 0xff, 0xeb, 0xd0,
    0x0, 0x0, 0x0, 0x0, 0xfa, 0xf0, 0x55, 0x55,
    0x55, 0x54, 0x7d, 0x68, 0xbf, 0xff, 0xff, 0xff,
    0x4a, 0x0, 0x3f, 0xff, 0xff, 0xff, 0xe0, 0x0,
    0xf, 0x80, 0x0, 0x0, 0xf8, 0x0, 0x7, 0xff,
    0xff, 0xff, 0xfe, 0x0, 0x1, 0xff, 0xff, 0xff,
    0xff, 0x80, 0x0, 0xbd, 0x0, 0x0, 0xb, 0xd0,
    0x0, 0x2f, 0x40, 0x0, 0x2, 0xf4, 0x0, 0xf,
    0xff, 0xff, 0xff, 0xfc, 0x0, 0x3, 0xff, 0xff,
    0xff, 0xff, 0x0, 0x0, 0xf8, 0x0, 0x0, 0xf,
    0xc0, 0x0, 0x3e, 0x0, 0x2, 0x57, 0xf0, 0x0,
    0x1f, 0x40, 0x0, 0xff, 0xf8, 0x0, 0x7, 0xd0,
    0x0, 0x2b, 0xfc, 0x0, 0x0, 0x0, 0x0, 0x0,
    0x0, 0x0, 0x0,

    /* U+9ABC "骼" */
    0x0, 0x0, 0x0, 0x0, 0x2a, 0x0, 0x0, 0x1,
    0xff, 0xfe, 0x0, 0x7e, 0x0, 0x0, 0x3, 0xff,
    0xff, 0x40, 0xff, 0xaa, 0x40, 0x7, 0xc0, 0x1f,
    0x41, 0xff, 0xff, 0xe0, 0xb, 0xc0, 0xf, 0x43,
    0xff, 0xff, 0xe0, 0xb, 0xff, 0x1f, 0x7, 0xe0,
    0xb, 0xd0, 0xf, 0xff, 0x5f, 0xf, 0xd0, 0xf,
    0xc0, 0xf, 0x4f, 0x2f, 0x2f, 0xf0, 0x3f, 0x40,
    0xf, 0x9f, 0x6f, 0x3f, 0xfc, 0xbf, 0x0, 0x3f,
    0xff, 0xff, 0xc0, 0xbf, 0xfc, 0x0, 0x7f, 0xff,
    0xff, 0xc0, 0x2f, 0xf0, 0x0, 0xbc, 0x0, 0x7,
    0xc0, 0x7f, 0xf4, 0x0, 0xbf, 0xff, 0xff, 0xc6,
    0xfe, 0xff, 0x40, 0xf, 0xff, 0xfd, 0x7f, 0xf0,
    0x3f, 0xf4, 0xf, 0x40, 0x7d, 0x7f, 0x80, 0xb,
    0xf4, 0x1f, 0x0, 0x7c, 0x29, 0x55, 0x55, 0xd0,
    0x1f, 0xff, 0xfc, 0xf, 0xff, 0xff, 0x0, 0x2f,
    0xff, 0xfc, 0x1f, 0xff, 0xff, 0x80, 0x2f, 0x0,
    0xbc, 0x2f, 0x0, 0xf, 0x80, 0x3f, 0xff, 0xf8,
    0x3f, 0x0, 0xf, 0x40, 0x3f, 0xff, 0xf8, 0x3e,
    0x0, 0x1f, 0x40, 0x3d, 0x0, 0xf8, 0x3e, 0x0,
    0x1f, 0x0, 0x3d, 0x0, 0xf4, 0x3e, 0x0, 0x2f,
    0x0, 0x7c, 0x1a, 0xf4, 0x7f, 0xaa, 0xbf, 0x0,
    0x7c, 0x2f, 0xf0, 0x7f, 0xff, 0xff, 0x0, 0xbc,
    0x1f, 0xd0, 0x7f, 0xff, 0xfe, 0x0, 0x0, 0x0,
    0x0, 0x0, 0x0, 0x0, 0x0,

    /* U+9AD8 "高" */
    0x0, 0x0, 0x0, 0xa8, 0x0, 0x0, 0x0, 0x0,
    0x0, 0x2, 0xf4, 0x0, 0x0, 0x0, 0x55, 0x55,
    0x5b, 0xf5, 0x55, 0x55, 0x3, 0xff, 0xff, 0xff,
    0xff, 0xff, 0xfd, 0xf, 0xff, 0xff, 0xff, 0xff,
    0xff, 0xf0, 0x0, 0x0, 0x0, 0x0, 0x0, 0x0,
    0x0, 0x1, 0xff, 0xff, 0xff, 0xff, 0x0, 0x0,
    0xf, 0xff, 0xff, 0xff, 0xfe, 0x0, 0x0, 0x3e,
    0x0, 0x0, 0x1, 0xf8, 0x0, 0x0, 0xf8, 0x0,
    0x0, 0x7, 0xe0, 0x0, 0x7, 0xff, 0xff, 0xff,
    0xff, 0x40, 0x0, 0x1f, 0xff, 0xff, 0xff, 0xfd,
    0x0, 0x0, 0x0, 0x0, 0x0, 0x0, 0x0, 0x0,
    0x1, 0x55, 0x55, 0x55, 0x55, 0x50, 0x0, 0xbf,
    0xff, 0xff, 0xff, 0xff, 0xf0, 0x3, 0xff, 0xff,
    0xff, 0xff, 0xff, 0xd0, 0xf, 0x80, 0x0, 0x0,
    0x0, 0x1f, 0x40, 0x7e, 0x7, 0xff, 0xff, 0x80,
    0xbd, 0x1, 0xf4, 0x3f, 0xff, 0xff, 0x42, 0xf0,
    0xb, 0xd0, 0xf4, 0x0, 0x3d, 0xf, 0xc0, 0x2f,
    0x3, 0xd0, 0x0, 0xf4, 0x3f, 0x0, 0xfc, 0x1f,
    0xff, 0xff, 0xc0, 0xfc, 0x3, 0xf0, 0x7f, 0xff,
    0xff, 0x3, 0xe0, 0xf, 0xc0, 0x0, 0x0, 0x1a,
    0x6f, 0x80, 0x3e, 0x0, 0x0, 0x0, 0xbf, 0xfd,
    0x1, 0xf4, 0x0, 0x0, 0x1, 0xbf, 0xe0, 0x0,

    /* U+9ED1 "黑" */
    0x0, 0x1f, 0xff, 0xff, 0xff, 0xff, 0x80, 0x3,
    0xff, 0xff, 0xff, 0xff, 0xfe, 0x0, 0x3e, 0x55,
    0x6f, 0xd5, 0x5b, 0xe0, 0x7, 0xd3, 0xc1, 0xf8,
    0x28, 0x7e, 0x0, 0x7d, 0x3d, 0x1f, 0x4b, 0xc7,
    0xd0, 0xb, 0xd2, 0xe2, 0xf4, 0xf4, 0xbd, 0x0,
    0xbc, 0x1f, 0x2f, 0x1f, 0xb, 0xc0, 0xf, 0xc0,
    0x3, 0xf0, 0x0, 0xfc, 0x0, 0xff, 0xff, 0xff,
    0xff, 0xff, 0xc0, 0xf, 0xff, 0xff, 0xff, 0xff,
    0xfc, 0x0, 0x0, 0x0, 0x3e, 0x0, 0x0, 0x0,
    0x0, 0x0, 0x3, 0xe0, 0x0, 0x0, 0x0, 0xff,
    0xff, 0xff, 0xff, 0xff, 0x40, 0x1f, 0xff, 0xff,
    0xff, 0xff, 0xf4, 0x0, 0x0, 0x0, 0xbd, 0x0,
    0x0, 0x0, 0x0, 0x0, 0xb, 0xc0, 0x0, 0x0,
    0x1f, 0xff, 0xff, 0xff, 0xff, 0xff, 0xe1, 0xff,
    0xff, 0xff, 0xff, 0xff, 0xfe, 0x15, 0x55, 0x55,
    0x55, 0x55, 0x55, 0x40, 0x0, 0x0, 0x0, 0x0,
    0x0, 0x0, 0x2, 0xf4, 0x3f, 0x3, 0xe0, 0x3f,
    0x0, 0x3f, 0x3, 0xf0, 0x3f, 0x2, 0xf4, 0xf,
    0xd0, 0x3f, 0x2, 0xf4, 0xf, 0xc1, 0xfc, 0x2,
    0xf0, 0x1f, 0x80, 0xfd, 0x3f, 0x40, 0x1f, 0x40,
    0xfc, 0x7, 0xf0,

    /* U+FF08 "（" */
    0x0, 0x0, 0x0, 0x0, 0xbe, 0x0, 0x1f, 0xc0,
    0x3, 0xf4, 0x0, 0xbe, 0x0, 0xf, 0xc0, 0x3,
    0xf8, 0x0, 0x7f, 0x0, 0xb, 0xe0, 0x0, 0xfc,
    0x0, 0x1f, 0xc0, 0x3, 0xf4, 0x0, 0x3f, 0x0,
    0x7, 0xf0, 0x0, 0x7f, 0x0, 0xb, 0xe0, 0x0,
    0xbe, 0x0, 0xf, 0xd0, 0x0, 0xfd, 0x0, 0xb,
    0xe0, 0x0, 0xbe, 0x0, 0xb, 0xe0, 0x0, 0x7f,
    0x0, 0x3, 0xf0, 0x0, 0x3f, 0x40, 0x2, 0xf8,
    0x0, 0x1f, 0xc0, 0x0, 0xfd, 0x0, 0xb, 0xe0,
    0x0, 0x3f, 0x0, 0x0, 0x0, 0x0,

    /* U+FF09 "）" */
    0x0, 0x0, 0x0, 0x2, 0xfc, 0x0, 0x3, 0xf0,
    0x0, 0xb, 0xe0, 0x0, 0x1f, 0xc0, 0x0, 0x3f,
    0x40, 0x0, 0xbe, 0x0, 0x1, 0xfc, 0x0, 0x7,
    0xf0, 0x0, 0xf, 0xc0, 0x0, 0x3f, 0x40, 0x0,
    0xfd, 0x0, 0x3, 0xf4, 0x0, 0xf, 0xd0, 0x0,
    0x3f, 0x40, 0x0, 0xfd, 0x0, 0x3, 0xf0, 0x0,
    0x1f, 0xc0, 0x0, 0xbe, 0x0, 0x3, 0xf4, 0x0,
    0xf, 0xc0, 0x0, 0xbf, 0x0, 0x3, 0xf4, 0x0,
    0x1f, 0xc0, 0x0, 0xfd, 0x0, 0x7, 0xf0, 0x0,
    0x3f, 0x40, 0x2, 0xfc, 0x0, 0xf, 0xc0, 0x0,
    0xfd, 0x0, 0x0, 0x0, 0x0, 0x0,

    /* U+FF0C "，" */
    0x6, 0x90, 0xbe, 0xf, 0xd0, 0xfc, 0x1f, 0x83,
    0xf0, 0x3f, 0x7, 0xd0,

    /* U+FF1A "：" */
    0x2, 0xf4, 0x1f, 0xf0, 0x7f, 0x81, 0xfd, 0x1,
    0x50, 0x0, 0x0, 0x0, 0x0, 0x0, 0x0, 0x0,
    0x0, 0x0, 0x0, 0x0, 0x0, 0x0, 0x0, 0x7f,
    0x3, 0xfd, 0xf, 0xf0, 0x3f, 0x80, 0x0, 0x0
};


/*---------------------
 *  GLYPH DESCRIPTION
 *--------------------*/

static const lv_font_fmt_txt_glyph_dsc_t glyph_dsc[] = {
    {.bitmap_index = 0, .adv_w = 0, .box_w = 0, .box_h = 0, .ofs_x = 0, .ofs_y = 0} /* id = 0 reserved */,
    {.bitmap_index = 0, .adv_w = 106, .box_w = 0, .box_h = 0, .ofs_x = 0, .ofs_y = 0},
    {.bitmap_index = 0, .adv_w = 135, .box_w = 7, .box_h = 23, .ofs_x = 1, .ofs_y = -1},
    {.bitmap_index = 41, .adv_w = 179, .box_w = 10, .box_h = 8, .ofs_x = 2, .ofs_y = 16},
    {.bitmap_index = 61, .adv_w = 407, .box_w = 24, .box_h = 23, .ofs_x = 1, .ofs_y = -1},
    {.bitmap_index = 199, .adv_w = 439, .box_w = 24, .box_h = 23, .ofs_x = 2, .ofs_y = -1},
    {.bitmap_index = 337, .adv_w = 399, .box_w = 24, .box_h = 23, .ofs_x = 1, .ofs_y = -1},
    {.bitmap_index = 475, .adv_w = 97, .box_w = 5, .box_h = 8, .ofs_x = 2, .ofs_y = 16},
    {.bitmap_index = 485, .adv_w = 162, .box_w = 11, .box_h = 29, .ofs_x = 1, .ofs_y = -7},
    {.bitmap_index = 565, .adv_w = 161, .box_w = 11, .box_h = 29, .ofs_x = -2, .ofs_y = -7},
    {.bitmap_index = 645, .adv_w = 227, .box_w = 14, .box_h = 13, .ofs_x = 1, .ofs_y = 12},
    {.bitmap_index = 691, .adv_w = 324, .box_w = 17, .box_h = 17, .ofs_x = 2, .ofs_y = 2},
    {.bitmap_index = 764, .adv_w = 113, .box_w = 6, .box_h = 8, .ofs_x = -1, .ofs_y = -5},
    {.bitmap_index = 776, .adv_w = 268, .box_w = 14, .box_h = 4, .ofs_x = 1, .ofs_y = 6},
    {.bitmap_index = 790, .adv_w = 125, .box_w = 6, .box_h = 5, .ofs_x = 0, .ofs_y = -1},
    {.bitmap_index = 798, .adv_w = 194, .box_w = 15, .box_h = 23, .ofs_x = -1, .ofs_y = -1},
    {.bitmap_index = 885, .adv_w = 317, .box_w = 18, .box_h = 23, .ofs_x = 1, .ofs_y = -1},
    {.bitmap_index = 989, .adv_w = 204, .box_w = 10, .box_h = 23, .ofs_x = 2, .ofs_y = -1},
    {.bitmap_index = 1047, .adv_w = 262, .box_w = 16, .box_h = 23, .ofs_x = 0, .ofs_y = -1},
    {.bitmap_index = 1139, .adv_w = 262, .box_w = 16, .box_h = 23, .ofs_x = 0, .ofs_y = -1},
    {.bitmap_index = 1231, .adv_w = 320, .box_w = 17, .box_h = 23, .ofs_x = 1, .ofs_y = -1},
    {.bitmap_index = 1329, .adv_w = 262, .box_w = 16, .box_h = 23, .ofs_x = 0, .ofs_y = -1},
    {.bitmap_index = 1421, .adv_w = 288, .box_w = 16, .box_h = 23, .ofs_x = 1, .ofs_y = -1},
    {.bitmap_index = 1513, .adv_w = 272, .box_w = 16, .box_h = 23, .ofs_x = 2, .ofs_y = -1},
    {.bitmap_index = 1605, .adv_w = 316, .box_w = 18, .box_h = 23, .ofs_x = 1, .ofs_y = -1},
    {.bitmap_index = 1709, .adv_w = 288, .box_w = 17, .box_h = 23, .ofs_x = 1, .ofs_y = -1},
    {.bitmap_index = 1807, .adv_w = 125, .box_w = 7, .box_h = 17, .ofs_x = 0, .ofs_y = -1},
    {.bitmap_index = 1837, .adv_w = 113, .box_w = 8, .box_h = 21, .ofs_x = -1, .ofs_y = -5},
    {.bitmap_index = 1879, .adv_w = 334, .box_w = 18, .box_h = 18, .ofs_x = 2, .ofs_y = 1},
    {.bitmap_index = 1960, .adv_w = 334, .box_w = 18, .box_h = 11, .ofs_x = 2, .ofs_y = 4},
    {.bitmap_index = 2010, .adv_w = 334, .box_w = 18, .box_h = 18, .ofs_x = 1, .ofs_y = 1},
    {.bitmap_index = 2091, .adv_w = 288, .box_w = 13, .box_h = 23, .ofs_x = 3, .ofs_y = -1},
    {.bitmap_index = 2166, .adv_w = 349, .box_w = 22, .box_h = 23, .ofs_x = -1, .ofs_y = -1},
    {.bitmap_index = 2293, .adv_w = 328, .box_w = 19, .box_h = 23, .ofs_x = 1, .ofs_y = -1},
    {.bitmap_index = 2403, .adv_w = 306, .box_w = 18, .box_h = 23, .ofs_x = 1, .ofs_y = -1},
    {.bitmap_index = 2507, .adv_w = 350, .box_w = 20, .box_h = 23, .ofs_x = 1, .ofs_y = -1},
    {.bitmap_index = 2622, .adv_w = 291, .box_w = 18, .box_h = 23, .ofs_x = 1, .ofs_y = -1},
    {.bitmap_index = 2726, .adv_w = 288, .box_w = 18, .box_h = 23, .ofs_x = 1, .ofs_y = -1},
    {.bitmap_index = 2830, .adv_w = 339, .box_w = 20, .box_h = 23, .ofs_x = 1, .ofs_y = -1},
    {.bitmap_index = 2945, .adv_w = 358, .box_w = 21, .box_h = 23, .ofs_x = 1, .ofs_y = -1},
    {.bitmap_index = 3066, .adv_w = 128, .box_w = 7, .box_h = 23, .ofs_x = 1, .ofs_y = -1},
    {.bitmap_index = 3107, .adv_w = 327, .box_w = 21, .box_h = 23, .ofs_x = 1, .ofs_y = -1},
    {.bitmap_index = 3228, .adv_w = 295, .box_w = 16, .box_h = 23, .ofs_x = 1, .ofs_y = -1},
    {.bitmap_index = 3320, .adv_w = 429, .box_w = 26, .box_h = 23, .ofs_x = 1, .ofs_y = -1},
    {.bitmap_index = 3470, .adv_w = 360, .box_w = 21, .box_h = 23, .ofs_x = 1, .ofs_y = -1},
    {.bitmap_index = 3591, .adv_w = 369, .box_w = 22, .box_h = 23, .ofs_x = 1, .ofs_y = -1},
    {.bitmap_index = 3718, .adv_w = 325, .box_w = 20, .box_h = 23, .ofs_x = 1, .ofs_y = -1},
    {.bitmap_index = 3833, .adv_w = 373, .box_w = 22, .box_h = 28, .ofs_x = 1, .ofs_y = -6},
    {.bitmap_index = 3987, .adv_w = 343, .box_w = 19, .box_h = 23, .ofs_x = 1, .ofs_y = -1},
    {.bitmap_index = 4097, .adv_w = 280, .box_w = 18, .box_h = 23, .ofs_x = 0, .ofs_y = -1},
    {.bitmap_index = 4201, .adv_w = 304, .box_w = 20, .box_h = 23, .ofs_x = 1, .ofs_y = -1},
    {.bitmap_index = 4316, .adv_w = 363, .box_w = 22, .box_h = 23, .ofs_x = 1, .ofs_y = -1},
    {.bitmap_index = 4443, .adv_w = 349, .box_w = 22, .box_h = 23, .ofs_x = 2, .ofs_y = -1},
    {.bitmap_index = 4570, .adv_w = 512, .box_w = 32, .box_h = 23, .ofs_x = 2, .ofs_y = -1},
    {.bitmap_index = 4754, .adv_w = 345, .box_w = 24, .box_h = 23, .ofs_x = -1, .ofs_y = -1},
    {.bitmap_index = 4892, .adv_w = 336, .box_w = 21, .box_h = 23, .ofs_x = 2, .ofs_y = -1},
    {.bitmap_index = 5013, .adv_w = 296, .box_w = 20, .box_h = 23, .ofs_x = -1, .ofs_y = -1},
    {.bitmap_index = 5128, .adv_w = 172, .box_w = 12, .box_h = 29, .ofs_x = 0, .ofs_y = -7},
    {.bitmap_index = 5215, .adv_w = 282, .box_w = 14, .box_h = 23, .ofs_x = 2, .ofs_y = -1},
    {.bitmap_index = 5296, .adv_w = 172, .box_w = 13, .box_h = 29, .ofs_x = -2, .ofs_y = -7},
    {.bitmap_index = 5391, .adv_w = 240, .box_w = 16, .box_h = 4, .ofs_x = -2, .ofs_y = -7},
    {.bitmap_index = 5407, .adv_w = 274, .box_w = 16, .box_h = 17, .ofs_x = 0, .ofs_y = -1},
    {.bitmap_index = 5475, .adv_w = 287, .box_w = 17, .box_h = 23, .ofs_x = 0, .ofs_y = -1},
    {.bitmap_index = 5573, .adv_w = 241, .box_w = 14, .box_h = 17, .ofs_x = 1, .ofs_y = -1},
    {.bitmap_index = 5633, .adv_w = 280, .box_w = 17, .box_h = 23, .ofs_x = 1, .ofs_y = -1},
    {.bitmap_index = 5731, .adv_w = 272, .box_w = 16, .box_h = 17, .ofs_x = 1, .ofs_y = -1},
    {.bitmap_index = 5799, .adv_w = 210, .box_w = 15, .box_h = 23, .ofs_x = 0, .ofs_y = -1},
    {.bitmap_index = 5886, .adv_w = 278, .box_w = 16, .box_h = 23, .ofs_x = 1, .ofs_y = -7},
    {.bitmap_index = 5978, .adv_w = 292, .box_w = 17, .box_h = 23, .ofs_x = 0, .ofs_y = -1},
    {.bitmap_index = 6076, .adv_w = 120, .box_w = 8, .box_h = 23, .ofs_x = 0, .ofs_y = -1},
    {.bitmap_index = 6122, .adv_w = 123, .box_w = 13, .box_h = 29, .ofs_x = -5, .ofs_y = -7},
    {.bitmap_index = 6217, .adv_w = 273, .box_w = 18, .box_h = 25, .ofs_x = 0, .ofs_y = -1},
    {.bitmap_index = 6330, .adv_w = 118, .box_w = 8, .box_h = 23, .ofs_x = 0, .ofs_y = -1},
    {.bitmap_index = 6376, .adv_w = 440, .box_w = 26, .box_h = 17, .ofs_x = 0, .ofs_y = -1},
    {.bitmap_index = 6487, .adv_w = 292, .box_w = 17, .box_h = 17, .ofs_x = 0, .ofs_y = -1},
    {.bitmap_index = 6560, .adv_w = 291, .box_w = 17, .box_h = 17, .ofs_x = 1, .ofs_y = -1},
    {.bitmap_index = 6633, .adv_w = 286, .box_w = 17, .box_h = 23, .ofs_x = 0, .ofs_y = -7},
    {.bitmap_index = 6731, .adv_w = 280, .box_w = 16, .box_h = 23, .ofs_x = 1, .ofs_y = -7},
    {.bitmap_index = 6823, .adv_w = 185, .box_w = 13, .box_h = 17, .ofs_x = 0, .ofs_y = -1},
    {.bitmap_index = 6879, .adv_w = 238, .box_w = 15, .box_h = 17, .ofs_x = 0, .ofs_y = -1},
    {.bitmap_index = 6943, .adv_w = 212, .box_w = 14, .box_h = 22, .ofs_x = 0, .ofs_y = -1},
    {.bitmap_index = 7020, .adv_w = 292, .box_w = 17, .box_h = 17, .ofs_x = 1, .ofs_y = -1},
    {.bitmap_index = 7093, .adv_w = 272, .box_w = 17, .box_h = 17, .ofs_x = 1, .ofs_y = -1},
    {.bitmap_index = 7166, .adv_w = 422, .box_w = 26, .box_h = 17, .ofs_x = 1, .ofs_y = -1},
    {.bitmap_index = 7277, .adv_w = 278, .box_w = 19, .box_h = 17, .ofs_x = -1, .ofs_y = -1},
    {.bitmap_index = 7358, .adv_w = 289, .box_w = 18, .box_h = 23, .ofs_x = 1, .ofs_y = -7},
    {.bitmap_index = 7462, .adv_w = 239, .box_w = 15, .box_h = 17, .ofs_x = 0, .ofs_y = -1},
    {.bitmap_index = 7526, .adv_w = 201, .box_w = 14, .box_h = 29, .ofs_x = 0, .ofs_y = -7},
    {.bitmap_index = 7628, .adv_w = 129, .box_w = 8, .box_h = 29, .ofs_x = 0, .ofs_y = -7},
    {.bitmap_index = 7686, .adv_w = 202, .box_w = 13, .box_h = 29, .ofs_x = -1, .ofs_y = -7},
    {.bitmap_index = 7781, .adv_w = 338, .box_w = 18, .box_h = 7, .ofs_x = 2, .ofs_y = 6},
    {.bitmap_index = 7813, .adv_w = 134, .box_w = 8, .box_h = 8, .ofs_x = 2, .ofs_y = 18},
    {.bitmap_index = 7829, .adv_w = 480, .box_w = 26, .box_h = 4, .ofs_x = 2, .ofs_y = 10},
    {.bitmap_index = 7855, .adv_w = 480, .box_w = 26, .box_h = 26, .ofs_x = 2, .ofs_y = -2},
    {.bitmap_index = 8024, .adv_w = 480, .box_w = 26, .box_h = 24, .ofs_x = 3, .ofs_y = -2},
    {.bitmap_index = 8180, .adv_w = 480, .box_w = 26, .box_h = 25, .ofs_x = 3, .ofs_y = -2},
    {.bitmap_index = 8343, .adv_w = 480, .box_w = 28, .box_h = 26, .ofs_x = 1, .ofs_y = -2},
    {.bitmap_index = 8525, .adv_w = 480, .box_w = 25, .box_h = 26, .ofs_x = 3, .ofs_y = -2},
    {.bitmap_index = 8688, .adv_w = 480, .box_w = 25, .box_h = 27, .ofs_x = 2, .ofs_y = -3},
    {.bitmap_index = 8857, .adv_w = 480, .box_w = 26, .box_h = 26, .ofs_x = 2, .ofs_y = -2},
    {.bitmap_index = 9026, .adv_w = 480, .box_w = 27, .box_h = 27, .ofs_x = 1, .ofs_y = -3},
    {.bitmap_index = 9209, .adv_w = 480, .box_w = 27, .box_h = 26, .ofs_x = 1, .ofs_y = -2},
    {.bitmap_index = 9385, .adv_w = 480, .box_w = 26, .box_h = 24, .ofs_x = 2, .ofs_y = -2},
    {.bitmap_index = 9541, .adv_w = 480, .box_w = 27, .box_h = 27, .ofs_x = 1, .ofs_y = -3},
    {.bitmap_index = 9724, .adv_w = 480, .box_w = 27, .box_h = 26, .ofs_x = 1, .ofs_y = -2},
    {.bitmap_index = 9900, .adv_w = 480, .box_w = 28, .box_h = 27, .ofs_x = 1, .ofs_y = -3},
    {.bitmap_index = 10089, .adv_w = 480, .box_w = 27, .box_h = 26, .ofs_x = 1, .ofs_y = -2},
    {.bitmap_index = 10265, .adv_w = 480, .box_w = 28, .box_h = 27, .ofs_x = 1, .ofs_y = -3},
    {.bitmap_index = 10454, .adv_w = 480, .box_w = 28, .box_h = 27, .ofs_x = 1, .ofs_y = -3},
    {.bitmap_index = 10643, .adv_w = 480, .box_w = 27, .box_h = 26, .ofs_x = 1, .ofs_y = -2},
    {.bitmap_index = 10819, .adv_w = 480, .box_w = 28, .box_h = 26, .ofs_x = 1, .ofs_y = -2},
    {.bitmap_index = 11001, .adv_w = 480, .box_w = 28, .box_h = 26, .ofs_x = 1, .ofs_y = -2},
    {.bitmap_index = 11183, .adv_w = 480, .box_w = 28, .box_h = 27, .ofs_x = 1, .ofs_y = -3},
    {.bitmap_index = 11372, .adv_w = 480, .box_w = 28, .box_h = 26, .ofs_x = 1, .ofs_y = -2},
    {.bitmap_index = 11554, .adv_w = 480, .box_w = 28, .box_h = 27, .ofs_x = 1, .ofs_y = -3},
    {.bitmap_index = 11743, .adv_w = 480, .box_w = 27, .box_h = 26, .ofs_x = 2, .ofs_y = -2},
    {.bitmap_index = 11919, .adv_w = 480, .box_w = 27, .box_h = 27, .ofs_x = 1, .ofs_y = -3},
    {.bitmap_index = 12102, .adv_w = 480, .box_w = 27, .box_h = 26, .ofs_x = 1, .ofs_y = -2},
    {.bitmap_index = 12278, .adv_w = 480, .box_w = 28, .box_h = 27, .ofs_x = 1, .ofs_y = -3},
    {.bitmap_index = 12467, .adv_w = 480, .box_w = 28, .box_h = 26, .ofs_x = 1, .ofs_y = -2},
    {.bitmap_index = 12649, .adv_w = 480, .box_w = 24, .box_h = 26, .ofs_x = 3, .ofs_y = -2},
    {.bitmap_index = 12805, .adv_w = 480, .box_w = 28, .box_h = 27, .ofs_x = 1, .ofs_y = -3},
    {.bitmap_index = 12994, .adv_w = 480, .box_w = 28, .box_h = 27, .ofs_x = 1, .ofs_y = -3},
    {.bitmap_index = 13183, .adv_w = 480, .box_w = 27, .box_h = 26, .ofs_x = 2, .ofs_y = -2},
    {.bitmap_index = 13359, .adv_w = 480, .box_w = 27, .box_h = 27, .ofs_x = 1, .ofs_y = -3},
    {.bitmap_index = 13542, .adv_w = 480, .box_w = 27, .box_h = 27, .ofs_x = 2, .ofs_y = -3},
    {.bitmap_index = 13725, .adv_w = 480, .box_w = 28, .box_h = 26, .ofs_x = 1, .ofs_y = -2},
    {.bitmap_index = 13907, .adv_w = 480, .box_w = 26, .box_h = 27, .ofs_x = 2, .ofs_y = -3},
    {.bitmap_index = 14083, .adv_w = 480, .box_w = 29, .box_h = 26, .ofs_x = 0, .ofs_y = -2},
    {.bitmap_index = 14272, .adv_w = 480, .box_w = 27, .box_h = 26, .ofs_x = 2, .ofs_y = -2},
    {.bitmap_index = 14448, .adv_w = 480, .box_w = 28, .box_h = 27, .ofs_x = 1, .ofs_y = -3},
    {.bitmap_index = 14637, .adv_w = 480, .box_w = 26, .box_h = 27, .ofs_x = 2, .ofs_y = -3},
    {.bitmap_index = 14813, .adv_w = 480, .box_w = 27, .box_h = 27, .ofs_x = 1, .ofs_y = -3},
    {.bitmap_index = 14996, .adv_w = 480, .box_w = 27, .box_h = 26, .ofs_x = 1, .ofs_y = -2},
    {.bitmap_index = 15172, .adv_w = 480, .box_w = 26, .box_h = 25, .ofs_x = 2, .ofs_y = -2},
    {.bitmap_index = 15335, .adv_w = 480, .box_w = 26, .box_h = 26, .ofs_x = 2, .ofs_y = -2},
    {.bitmap_index = 15504, .adv_w = 480, .box_w = 28, .box_h = 27, .ofs_x = 1, .ofs_y = -3},
    {.bitmap_index = 15693, .adv_w = 480, .box_w = 28, .box_h = 26, .ofs_x = 1, .ofs_y = -3},
    {.bitmap_index = 15875, .adv_w = 480, .box_w = 27, .box_h = 27, .ofs_x = 1, .ofs_y = -3},
    {.bitmap_index = 16058, .adv_w = 480, .box_w = 25, .box_h = 25, .ofs_x = 2, .ofs_y = -2},
    {.bitmap_index = 16215, .adv_w = 480, .box_w = 27, .box_h = 26, .ofs_x = 1, .ofs_y = -2},
    {.bitmap_index = 16391, .adv_w = 480, .box_w = 28, .box_h = 26, .ofs_x = 1, .ofs_y = -2},
    {.bitmap_index = 16573, .adv_w = 480, .box_w = 25, .box_h = 26, .ofs_x = 1, .ofs_y = -2},
    {.bitmap_index = 16736, .adv_w = 480, .box_w = 27, .box_h = 27, .ofs_x = 1, .ofs_y = -3},
    {.bitmap_index = 16919, .adv_w = 480, .box_w = 26, .box_h = 26, .ofs_x = 2, .ofs_y = -2},
    {.bitmap_index = 17088, .adv_w = 480, .box_w = 27, .box_h = 25, .ofs_x = 2, .ofs_y = -2},
    {.bitmap_index = 17257, .adv_w = 480, .box_w = 27, .box_h = 28, .ofs_x = 1, .ofs_y = -3},
    {.bitmap_index = 17446, .adv_w = 480, .box_w = 27, .box_h = 26, .ofs_x = 1, .ofs_y = -2},
    {.bitmap_index = 17622, .adv_w = 480, .box_w = 28, .box_h = 26, .ofs_x = 1, .ofs_y = -2},
    {.bitmap_index = 17804, .adv_w = 480, .box_w = 26, .box_h = 26, .ofs_x = 2, .ofs_y = -2},
    {.bitmap_index = 17973, .adv_w = 480, .box_w = 26, .box_h = 26, .ofs_x = 2, .ofs_y = -2},
    {.bitmap_index = 18142, .adv_w = 480, .box_w = 28, .box_h = 26, .ofs_x = 1, .ofs_y = -2},
    {.bitmap_index = 18324, .adv_w = 480, .box_w = 27, .box_h = 26, .ofs_x = 1, .ofs_y = -2},
    {.bitmap_index = 18500, .adv_w = 480, .box_w = 26, .box_h = 26, .ofs_x = 2, .ofs_y = -2},
    {.bitmap_index = 18669, .adv_w = 480, .box_w = 28, .box_h = 26, .ofs_x = 1, .ofs_y = -2},
    {.bitmap_index = 18851, .adv_w = 480, .box_w = 28, .box_h = 26, .ofs_x = 1, .ofs_y = -2},
    {.bitmap_index = 19033, .adv_w = 480, .box_w = 28, .box_h = 26, .ofs_x = 1, .ofs_y = -2},
    {.bitmap_index = 19215, .adv_w = 480, .box_w = 27, .box_h = 26, .ofs_x = 1, .ofs_y = -2},
    {.bitmap_index = 19391, .adv_w = 480, .box_w = 27, .box_h = 27, .ofs_x = 1, .ofs_y = -3},
    {.bitmap_index = 19574, .adv_w = 480, .box_w = 27, .box_h = 27, .ofs_x = 1, .ofs_y = -3},
    {.bitmap_index = 19757, .adv_w = 480, .box_w = 28, .box_h = 27, .ofs_x = 1, .ofs_y = -3},
    {.bitmap_index = 19946, .adv_w = 480, .box_w = 26, .box_h = 27, .ofs_x = 2, .ofs_y = -3},
    {.bitmap_index = 20122, .adv_w = 480, .box_w = 25, .box_h = 26, .ofs_x = 3, .ofs_y = -2},
    {.bitmap_index = 20285, .adv_w = 480, .box_w = 28, .box_h = 26, .ofs_x = 1, .ofs_y = -2},
    {.bitmap_index = 20467, .adv_w = 480, .box_w = 26, .box_h = 26, .ofs_x = 2, .ofs_y = -2},
    {.bitmap_index = 20636, .adv_w = 480, .box_w = 26, .box_h = 28, .ofs_x = 2, .ofs_y = -3},
    {.bitmap_index = 20818, .adv_w = 480, .box_w = 27, .box_h = 27, .ofs_x = 1, .ofs_y = -3},
    {.bitmap_index = 21001, .adv_w = 480, .box_w = 27, .box_h = 27, .ofs_x = 1, .ofs_y = -3},
    {.bitmap_index = 21184, .adv_w = 480, .box_w = 27, .box_h = 27, .ofs_x = 1, .ofs_y = -3},
    {.bitmap_index = 21367, .adv_w = 480, .box_w = 28, .box_h = 26, .ofs_x = 1, .ofs_y = -2},
    {.bitmap_index = 21549, .adv_w = 480, .box_w = 28, .box_h = 26, .ofs_x = 1, .ofs_y = -2},
    {.bitmap_index = 21731, .adv_w = 480, .box_w = 26, .box_h = 27, .ofs_x = 2, .ofs_y = -3},
    {.bitmap_index = 21907, .adv_w = 480, .box_w = 26, .box_h = 25, .ofs_x = 1, .ofs_y = -2},
    {.bitmap_index = 22070, .adv_w = 480, .box_w = 27, .box_h = 26, .ofs_x = 1, .ofs_y = -3},
    {.bitmap_index = 22246, .adv_w = 480, .box_w = 27, .box_h = 26, .ofs_x = 1, .ofs_y = -3},
    {.bitmap_index = 22422, .adv_w = 480, .box_w = 27, .box_h = 26, .ofs_x = 1, .ofs_y = -3},
    {.bitmap_index = 22598, .adv_w = 480, .box_w = 27, .box_h = 26, .ofs_x = 1, .ofs_y = -2},
    {.bitmap_index = 22774, .adv_w = 480, .box_w = 23, .box_h = 25, .ofs_x = 4, .ofs_y = -2},
    {.bitmap_index = 22918, .adv_w = 480, .box_w = 26, .box_h = 26, .ofs_x = 3, .ofs_y = -2},
    {.bitmap_index = 23087, .adv_w = 480, .box_w = 27, .box_h = 27, .ofs_x = 2, .ofs_y = -3},
    {.bitmap_index = 23270, .adv_w = 480, .box_w = 25, .box_h = 26, .ofs_x = 3, .ofs_y = -2},
    {.bitmap_index = 23433, .adv_w = 480, .box_w = 28, .box_h = 26, .ofs_x = 1, .ofs_y = -2},
    {.bitmap_index = 23615, .adv_w = 480, .box_w = 26, .box_h = 25, .ofs_x = 2, .ofs_y = -2},
    {.bitmap_index = 23778, .adv_w = 480, .box_w = 26, .box_h = 25, .ofs_x = 2, .ofs_y = -2},
    {.bitmap_index = 23941, .adv_w = 480, .box_w = 28, .box_h = 28, .ofs_x = 1, .ofs_y = -3},
    {.bitmap_index = 24137, .adv_w = 480, .box_w = 28, .box_h = 27, .ofs_x = 1, .ofs_y = -3},
    {.bitmap_index = 24326, .adv_w = 480, .box_w = 26, .box_h = 26, .ofs_x = 2, .ofs_y = -3},
    {.bitmap_index = 24495, .adv_w = 480, .box_w = 27, .box_h = 27, .ofs_x = 1, .ofs_y = -2},
    {.bitmap_index = 24678, .adv_w = 480, .box_w = 24, .box_h = 27, .ofs_x = 3, .ofs_y = -3},
    {.bitmap_index = 24840, .adv_w = 480, .box_w = 24, .box_h = 26, .ofs_x = 3, .ofs_y = -2},
    {.bitmap_index = 24996, .adv_w = 480, .box_w = 28, .box_h = 27, .ofs_x = 1, .ofs_y = -3},
    {.bitmap_index = 25185, .adv_w = 480, .box_w = 28, .box_h = 26, .ofs_x = 1, .ofs_y = -2},
    {.bitmap_index = 25367, .adv_w = 480, .box_w = 28, .box_h = 27, .ofs_x = 1, .ofs_y = -3},
    {.bitmap_index = 25556, .adv_w = 480, .box_w = 27, .box_h = 26, .ofs_x = 1, .ofs_y = -2},
    {.bitmap_index = 25732, .adv_w = 480, .box_w = 28, .box_h = 26, .ofs_x = 1, .ofs_y = -2},
    {.bitmap_index = 25914, .adv_w = 480, .box_w = 27, .box_h = 26, .ofs_x = 1, .ofs_y = -2},
    {.bitmap_index = 26090, .adv_w = 480, .box_w = 27, .box_h = 26, .ofs_x = 1, .ofs_y = -2},
    {.bitmap_index = 26266, .adv_w = 480, .box_w = 26, .box_h = 26, .ofs_x = 2, .ofs_y = -2},
    {.bitmap_index = 26435, .adv_w = 480, .box_w = 27, .box_h = 27, .ofs_x = 1, .ofs_y = -3},
    {.bitmap_index = 26618, .adv_w = 480, .box_w = 28, .box_h = 27, .ofs_x = 1, .ofs_y = -3},
    {.bitmap_index = 26807, .adv_w = 480, .box_w = 28, .box_h = 26, .ofs_x = 1, .ofs_y = -2},
    {.bitmap_index = 26989, .adv_w = 480, .box_w = 28, .box_h = 27, .ofs_x = 1, .ofs_y = -3},
    {.bitmap_index = 27178, .adv_w = 480, .box_w = 28, .box_h = 27, .ofs_x = 1, .ofs_y = -3},
    {.bitmap_index = 27367, .adv_w = 480, .box_w = 28, .box_h = 27, .ofs_x = 1, .ofs_y = -3},
    {.bitmap_index = 27556, .adv_w = 480, .box_w = 28, .box_h = 27, .ofs_x = 1, .ofs_y = -3},
    {.bitmap_index = 27745, .adv_w = 480, .box_w = 28, .box_h = 27, .ofs_x = 1, .ofs_y = -3},
    {.bitmap_index = 27934, .adv_w = 480, .box_w = 26, .box_h = 27, .ofs_x = 2, .ofs_y = -3},
    {.bitmap_index = 28110, .adv_w = 480, .box_w = 28, .box_h = 27, .ofs_x = 1, .ofs_y = -3},
    {.bitmap_index = 28299, .adv_w = 480, .box_w = 28, .box_h = 27, .ofs_x = 1, .ofs_y = -3},
    {.bitmap_index = 28488, .adv_w = 480, .box_w = 28, .box_h = 27, .ofs_x = 1, .ofs_y = -3},
    {.bitmap_index = 28677, .adv_w = 480, .box_w = 27, .box_h = 27, .ofs_x = 1, .ofs_y = -3},
    {.bitmap_index = 28860, .adv_w = 480, .box_w = 28, .box_h = 27, .ofs_x = 1, .ofs_y = -3},
    {.bitmap_index = 29049, .adv_w = 480, .box_w = 28, .box_h = 27, .ofs_x = 1, .ofs_y = -3},
    {.bitmap_index = 29238, .adv_w = 480, .box_w = 28, .box_h = 27, .ofs_x = 1, .ofs_y = -3},
    {.bitmap_index = 29427, .adv_w = 480, .box_w = 28, .box_h = 27, .ofs_x = 1, .ofs_y = -3},
    {.bitmap_index = 29616, .adv_w = 480, .box_w = 28, .box_h = 26, .ofs_x = 1, .ofs_y = -2},
    {.bitmap_index = 29798, .adv_w = 480, .box_w = 27, .box_h = 27, .ofs_x = 2, .ofs_y = -3},
    {.bitmap_index = 29981, .adv_w = 480, .box_w = 28, .box_h = 27, .ofs_x = 1, .ofs_y = -3},
    {.bitmap_index = 30170, .adv_w = 480, .box_w = 27, .box_h = 26, .ofs_x = 2, .ofs_y = -2},
    {.bitmap_index = 30346, .adv_w = 480, .box_w = 27, .box_h = 26, .ofs_x = 2, .ofs_y = -2},
    {.bitmap_index = 30522, .adv_w = 480, .box_w = 27, .box_h = 26, .ofs_x = 1, .ofs_y = -3},
    {.bitmap_index = 30698, .adv_w = 480, .box_w = 27, .box_h = 25, .ofs_x = 1, .ofs_y = -2},
    {.bitmap_index = 30867, .adv_w = 480, .box_w = 27, .box_h = 26, .ofs_x = 2, .ofs_y = -2},
    {.bitmap_index = 31043, .adv_w = 480, .box_w = 27, .box_h = 26, .ofs_x = 1, .ofs_y = -3},
    {.bitmap_index = 31219, .adv_w = 480, .box_w = 27, .box_h = 27, .ofs_x = 1, .ofs_y = -3},
    {.bitmap_index = 31402, .adv_w = 480, .box_w = 28, .box_h = 26, .ofs_x = 1, .ofs_y = -2},
    {.bitmap_index = 31584, .adv_w = 480, .box_w = 27, .box_h = 26, .ofs_x = 1, .ofs_y = -2},
    {.bitmap_index = 31760, .adv_w = 480, .box_w = 28, .box_h = 26, .ofs_x = 1, .ofs_y = -2},
    {.bitmap_index = 31942, .adv_w = 480, .box_w = 27, .box_h = 27, .ofs_x = 1, .ofs_y = -3},
    {.bitmap_index = 32125, .adv_w = 480, .box_w = 27, .box_h = 26, .ofs_x = 1, .ofs_y = -2},
    {.bitmap_index = 32301, .adv_w = 480, .box_w = 28, .box_h = 27, .ofs_x = 1, .ofs_y = -3},
    {.bitmap_index = 32490, .adv_w = 480, .box_w = 27, .box_h = 25, .ofs_x = 1, .ofs_y = -2},
    {.bitmap_index = 32659, .adv_w = 480, .box_w = 28, .box_h = 26, .ofs_x = 1, .ofs_y = -2},
    {.bitmap_index = 32841, .adv_w = 480, .box_w = 28, .box_h = 27, .ofs_x = 1, .ofs_y = -3},
    {.bitmap_index = 33030, .adv_w = 480, .box_w = 27, .box_h = 26, .ofs_x = 1, .ofs_y = -2},
    {.bitmap_index = 33206, .adv_w = 480, .box_w = 29, .box_h = 26, .ofs_x = 0, .ofs_y = -2},
    {.bitmap_index = 33395, .adv_w = 480, .box_w = 27, .box_h = 26, .ofs_x = 1, .ofs_y = -2},
    {.bitmap_index = 33571, .adv_w = 480, .box_w = 29, .box_h = 26, .ofs_x = 0, .ofs_y = -2},
    {.bitmap_index = 33760, .adv_w = 480, .box_w = 28, .box_h = 27, .ofs_x = 1, .ofs_y = -3},
    {.bitmap_index = 33949, .adv_w = 480, .box_w = 27, .box_h = 27, .ofs_x = 1, .ofs_y = -3},
    {.bitmap_index = 34132, .adv_w = 480, .box_w = 27, .box_h = 24, .ofs_x = 1, .ofs_y = -2},
    {.bitmap_index = 34294, .adv_w = 480, .box_w = 28, .box_h = 27, .ofs_x = 1, .ofs_y = -3},
    {.bitmap_index = 34483, .adv_w = 480, .box_w = 26, .box_h = 26, .ofs_x = 2, .ofs_y = -2},
    {.bitmap_index = 34652, .adv_w = 480, .box_w = 26, .box_h = 26, .ofs_x = 2, .ofs_y = -2},
    {.bitmap_index = 34821, .adv_w = 480, .box_w = 28, .box_h = 26, .ofs_x = 1, .ofs_y = -2},
    {.bitmap_index = 35003, .adv_w = 480, .box_w = 27, .box_h = 27, .ofs_x = 1, .ofs_y = -3},
    {.bitmap_index = 35186, .adv_w = 480, .box_w = 28, .box_h = 26, .ofs_x = 1, .ofs_y = -2},
    {.bitmap_index = 35368, .adv_w = 480, .box_w = 27, .box_h = 26, .ofs_x = 1, .ofs_y = -2},
    {.bitmap_index = 35544, .adv_w = 480, .box_w = 29, .box_h = 27, .ofs_x = 0, .ofs_y = -3},
    {.bitmap_index = 35740, .adv_w = 480, .box_w = 27, .box_h = 26, .ofs_x = 1, .ofs_y = -2},
    {.bitmap_index = 35916, .adv_w = 480, .box_w = 28, .box_h = 27, .ofs_x = 1, .ofs_y = -3},
    {.bitmap_index = 36105, .adv_w = 480, .box_w = 26, .box_h = 26, .ofs_x = 2, .ofs_y = -2},
    {.bitmap_index = 36274, .adv_w = 480, .box_w = 25, .box_h = 26, .ofs_x = 2, .ofs_y = -2},
    {.bitmap_index = 36437, .adv_w = 480, .box_w = 27, .box_h = 26, .ofs_x = 1, .ofs_y = -3},
    {.bitmap_index = 36613, .adv_w = 480, .box_w = 27, .box_h = 25, .ofs_x = 2, .ofs_y = -2},
    {.bitmap_index = 36782, .adv_w = 480, .box_w = 28, .box_h = 26, .ofs_x = 1, .ofs_y = -3},
    {.bitmap_index = 36964, .adv_w = 480, .box_w = 25, .box_h = 26, .ofs_x = 3, .ofs_y = -2},
    {.bitmap_index = 37127, .adv_w = 480, .box_w = 26, .box_h = 26, .ofs_x = 2, .ofs_y = -2},
    {.bitmap_index = 37296, .adv_w = 480, .box_w = 27, .box_h = 26, .ofs_x = 1, .ofs_y = -2},
    {.bitmap_index = 37472, .adv_w = 480, .box_w = 24, .box_h = 25, .ofs_x = 3, .ofs_y = -2},
    {.bitmap_index = 37622, .adv_w = 480, .box_w = 27, .box_h = 26, .ofs_x = 1, .ofs_y = -2},
    {.bitmap_index = 37798, .adv_w = 480, .box_w = 28, .box_h = 26, .ofs_x = 1, .ofs_y = -2},
    {.bitmap_index = 37980, .adv_w = 480, .box_w = 28, .box_h = 26, .ofs_x = 1, .ofs_y = -2},
    {.bitmap_index = 38162, .adv_w = 480, .box_w = 29, .box_h = 27, .ofs_x = 0, .ofs_y = -3},
    {.bitmap_index = 38358, .adv_w = 480, .box_w = 26, .box_h = 25, .ofs_x = 2, .ofs_y = -2},
    {.bitmap_index = 38521, .adv_w = 480, .box_w = 29, .box_h = 27, .ofs_x = 0, .ofs_y = -3},
    {.bitmap_index = 38717, .adv_w = 480, .box_w = 28, .box_h = 27, .ofs_x = 1, .ofs_y = -3},
    {.bitmap_index = 38906, .adv_w = 480, .box_w = 27, .box_h = 27, .ofs_x = 1, .ofs_y = -3},
    {.bitmap_index = 39089, .adv_w = 480, .box_w = 26, .box_h = 26, .ofs_x = 2, .ofs_y = -2},
    {.bitmap_index = 39258, .adv_w = 480, .box_w = 28, .box_h = 27, .ofs_x = 1, .ofs_y = -3},
    {.bitmap_index = 39447, .adv_w = 480, .box_w = 28, .box_h = 26, .ofs_x = 1, .ofs_y = -2},
    {.bitmap_index = 39629, .adv_w = 480, .box_w = 27, .box_h = 26, .ofs_x = 2, .ofs_y = -2},
    {.bitmap_index = 39805, .adv_w = 480, .box_w = 27, .box_h = 26, .ofs_x = 2, .ofs_y = -2},
    {.bitmap_index = 39981, .adv_w = 480, .box_w = 27, .box_h = 27, .ofs_x = 2, .ofs_y = -3},
    {.bitmap_index = 40164, .adv_w = 480, .box_w = 27, .box_h = 26, .ofs_x = 1, .ofs_y = -2},
    {.bitmap_index = 40340, .adv_w = 480, .box_w = 27, .box_h = 26, .ofs_x = 1, .ofs_y = -2},
    {.bitmap_index = 40516, .adv_w = 480, .box_w = 27, .box_h = 26, .ofs_x = 1, .ofs_y = -2},
    {.bitmap_index = 40692, .adv_w = 480, .box_w = 27, .box_h = 27, .ofs_x = 1, .ofs_y = -3},
    {.bitmap_index = 40875, .adv_w = 480, .box_w = 28, .box_h = 26, .ofs_x = 1, .ofs_y = -2},
    {.bitmap_index = 41057, .adv_w = 480, .box_w = 27, .box_h = 26, .ofs_x = 1, .ofs_y = -2},
    {.bitmap_index = 41233, .adv_w = 480, .box_w = 28, .box_h = 26, .ofs_x = 1, .ofs_y = -2},
    {.bitmap_index = 41415, .adv_w = 480, .box_w = 28, .box_h = 27, .ofs_x = 1, .ofs_y = -3},
    {.bitmap_index = 41604, .adv_w = 480, .box_w = 27, .box_h = 26, .ofs_x = 1, .ofs_y = -2},
    {.bitmap_index = 41780, .adv_w = 480, .box_w = 28, .box_h = 26, .ofs_x = 1, .ofs_y = -2},
    {.bitmap_index = 41962, .adv_w = 480, .box_w = 28, .box_h = 26, .ofs_x = 1, .ofs_y = -2},
    {.bitmap_index = 42144, .adv_w = 480, .box_w = 28, .box_h = 27, .ofs_x = 1, .ofs_y = -3},
    {.bitmap_index = 42333, .adv_w = 480, .box_w = 28, .box_h = 27, .ofs_x = 1, .ofs_y = -3},
    {.bitmap_index = 42522, .adv_w = 480, .box_w = 27, .box_h = 26, .ofs_x = 2, .ofs_y = -2},
    {.bitmap_index = 42698, .adv_w = 480, .box_w = 27, .box_h = 27, .ofs_x = 1, .ofs_y = -3},
    {.bitmap_index = 42881, .adv_w = 480, .box_w = 28, .box_h = 26, .ofs_x = 1, .ofs_y = -2},
    {.bitmap_index = 43063, .adv_w = 480, .box_w = 27, .box_h = 26, .ofs_x = 1, .ofs_y = -2},
    {.bitmap_index = 43239, .adv_w = 480, .box_w = 27, .box_h = 27, .ofs_x = 1, .ofs_y = -3},
    {.bitmap_index = 43422, .adv_w = 480, .box_w = 28, .box_h = 27, .ofs_x = 1, .ofs_y = -3},
    {.bitmap_index = 43611, .adv_w = 480, .box_w = 27, .box_h = 27, .ofs_x = 1, .ofs_y = -3},
    {.bitmap_index = 43794, .adv_w = 480, .box_w = 25, .box_h = 26, .ofs_x = 3, .ofs_y = -2},
    {.bitmap_index = 43957, .adv_w = 480, .box_w = 26, .box_h = 27, .ofs_x = 2, .ofs_y = -3},
    {.bitmap_index = 44133, .adv_w = 480, .box_w = 29, .box_h = 27, .ofs_x = 0, .ofs_y = -3},
    {.bitmap_index = 44329, .adv_w = 480, .box_w = 29, .box_h = 26, .ofs_x = 0, .ofs_y = -3},
    {.bitmap_index = 44518, .adv_w = 480, .box_w = 29, .box_h = 27, .ofs_x = 0, .ofs_y = -3},
    {.bitmap_index = 44714, .adv_w = 480, .box_w = 28, .box_h = 26, .ofs_x = 1, .ofs_y = -2},
    {.bitmap_index = 44896, .adv_w = 480, .box_w = 28, .box_h = 26, .ofs_x = 1, .ofs_y = -2},
    {.bitmap_index = 45078, .adv_w = 480, .box_w = 25, .box_h = 26, .ofs_x = 2, .ofs_y = -2},
    {.bitmap_index = 45241, .adv_w = 480, .box_w = 28, .box_h = 26, .ofs_x = 1, .ofs_y = -2},
    {.bitmap_index = 45423, .adv_w = 480, .box_w = 28, .box_h = 26, .ofs_x = 1, .ofs_y = -2},
    {.bitmap_index = 45605, .adv_w = 480, .box_w = 27, .box_h = 27, .ofs_x = 1, .ofs_y = -3},
    {.bitmap_index = 45788, .adv_w = 480, .box_w = 28, .box_h = 26, .ofs_x = 1, .ofs_y = -2},
    {.bitmap_index = 45970, .adv_w = 480, .box_w = 27, .box_h = 27, .ofs_x = 1, .ofs_y = -3},
    {.bitmap_index = 46153, .adv_w = 480, .box_w = 28, .box_h = 27, .ofs_x = 1, .ofs_y = -3},
    {.bitmap_index = 46342, .adv_w = 480, .box_w = 26, .box_h = 26, .ofs_x = 2, .ofs_y = -3},
    {.bitmap_index = 46511, .adv_w = 480, .box_w = 27, .box_h = 26, .ofs_x = 1, .ofs_y = -3},
    {.bitmap_index = 46687, .adv_w = 480, .box_w = 25, .box_h = 27, .ofs_x = 2, .ofs_y = -3},
    {.bitmap_index = 46856, .adv_w = 480, .box_w = 27, .box_h = 26, .ofs_x = 2, .ofs_y = -2},
    {.bitmap_index = 47032, .adv_w = 480, .box_w = 27, .box_h = 26, .ofs_x = 2, .ofs_y = -2},
    {.bitmap_index = 47208, .adv_w = 480, .box_w = 27, .box_h = 26, .ofs_x = 2, .ofs_y = -2},
    {.bitmap_index = 47384, .adv_w = 480, .box_w = 27, .box_h = 26, .ofs_x = 2, .ofs_y = -2},
    {.bitmap_index = 47560, .adv_w = 480, .box_w = 27, .box_h = 26, .ofs_x = 1, .ofs_y = -2},
    {.bitmap_index = 47736, .adv_w = 480, .box_w = 28, .box_h = 27, .ofs_x = 0, .ofs_y = -3},
    {.bitmap_index = 47925, .adv_w = 480, .box_w = 27, .box_h = 26, .ofs_x = 1, .ofs_y = -3},
    {.bitmap_index = 48101, .adv_w = 480, .box_w = 28, .box_h = 27, .ofs_x = 1, .ofs_y = -3},
    {.bitmap_index = 48290, .adv_w = 480, .box_w = 28, .box_h = 26, .ofs_x = 1, .ofs_y = -2},
    {.bitmap_index = 48472, .adv_w = 480, .box_w = 27, .box_h = 27, .ofs_x = 2, .ofs_y = -3},
    {.bitmap_index = 48655, .adv_w = 480, .box_w = 27, .box_h = 26, .ofs_x = 1, .ofs_y = -2},
    {.bitmap_index = 48831, .adv_w = 480, .box_w = 28, .box_h = 27, .ofs_x = 1, .ofs_y = -3},
    {.bitmap_index = 49020, .adv_w = 480, .box_w = 28, .box_h = 27, .ofs_x = 1, .ofs_y = -3},
    {.bitmap_index = 49209, .adv_w = 480, .box_w = 27, .box_h = 27, .ofs_x = 1, .ofs_y = -3},
    {.bitmap_index = 49392, .adv_w = 480, .box_w = 27, .box_h = 27, .ofs_x = 1, .ofs_y = -3},
    {.bitmap_index = 49575, .adv_w = 480, .box_w = 28, .box_h = 27, .ofs_x = 1, .ofs_y = -3},
    {.bitmap_index = 49764, .adv_w = 480, .box_w = 28, .box_h = 27, .ofs_x = 1, .ofs_y = -3},
    {.bitmap_index = 49953, .adv_w = 480, .box_w = 27, .box_h = 27, .ofs_x = 1, .ofs_y = -3},
    {.bitmap_index = 50136, .adv_w = 480, .box_w = 27, .box_h = 27, .ofs_x = 1, .ofs_y = -3},
    {.bitmap_index = 50319, .adv_w = 480, .box_w = 27, .box_h = 27, .ofs_x = 1, .ofs_y = -3},
    {.bitmap_index = 50502, .adv_w = 480, .box_w = 27, .box_h = 27, .ofs_x = 1, .ofs_y = -3},
    {.bitmap_index = 50685, .adv_w = 480, .box_w = 27, .box_h = 27, .ofs_x = 1, .ofs_y = -3},
    {.bitmap_index = 50868, .adv_w = 480, .box_w = 27, .box_h = 26, .ofs_x = 2, .ofs_y = -2},
    {.bitmap_index = 51044, .adv_w = 480, .box_w = 28, .box_h = 26, .ofs_x = 1, .ofs_y = -2},
    {.bitmap_index = 51226, .adv_w = 480, .box_w = 27, .box_h = 26, .ofs_x = 1, .ofs_y = -3},
    {.bitmap_index = 51402, .adv_w = 480, .box_w = 27, .box_h = 26, .ofs_x = 1, .ofs_y = -2},
    {.bitmap_index = 51578, .adv_w = 480, .box_w = 27, .box_h = 26, .ofs_x = 1, .ofs_y = -2},
    {.bitmap_index = 51754, .adv_w = 480, .box_w = 28, .box_h = 27, .ofs_x = 1, .ofs_y = -3},
    {.bitmap_index = 51943, .adv_w = 480, .box_w = 26, .box_h = 27, .ofs_x = 2, .ofs_y = -3},
    {.bitmap_index = 52119, .adv_w = 480, .box_w = 26, .box_h = 27, .ofs_x = 2, .ofs_y = -3},
    {.bitmap_index = 52295, .adv_w = 480, .box_w = 26, .box_h = 26, .ofs_x = 2, .ofs_y = -2},
    {.bitmap_index = 52464, .adv_w = 480, .box_w = 27, .box_h = 27, .ofs_x = 1, .ofs_y = -3},
    {.bitmap_index = 52647, .adv_w = 480, .box_w = 26, .box_h = 25, .ofs_x = 2, .ofs_y = -2},
    {.bitmap_index = 52810, .adv_w = 480, .box_w = 27, .box_h = 26, .ofs_x = 2, .ofs_y = -2},
    {.bitmap_index = 52986, .adv_w = 480, .box_w = 27, .box_h = 25, .ofs_x = 2, .ofs_y = -2},
    {.bitmap_index = 53155, .adv_w = 480, .box_w = 28, .box_h = 26, .ofs_x = 1, .ofs_y = -2},
    {.bitmap_index = 53337, .adv_w = 480, .box_w = 25, .box_h = 26, .ofs_x = 3, .ofs_y = -3},
    {.bitmap_index = 53500, .adv_w = 480, .box_w = 28, .box_h = 27, .ofs_x = 2, .ofs_y = -3},
    {.bitmap_index = 53689, .adv_w = 480, .box_w = 27, .box_h = 26, .ofs_x = 2, .ofs_y = -2},
    {.bitmap_index = 53865, .adv_w = 480, .box_w = 26, .box_h = 25, .ofs_x = 1, .ofs_y = -2},
    {.bitmap_index = 54028, .adv_w = 480, .box_w = 10, .box_h = 31, .ofs_x = 21, .ofs_y = -5},
    {.bitmap_index = 54106, .adv_w = 480, .box_w = 11, .box_h = 31, .ofs_x = -1, .ofs_y = -5},
    {.bitmap_index = 54192, .adv_w = 480, .box_w = 6, .box_h = 8, .ofs_x = 1, .ofs_y = -5},
    {.bitmap_index = 54204, .adv_w = 480, .box_w = 7, .box_h = 18, .ofs_x = 2, .ofs_y = -2}
};

/*---------------------
 *  CHARACTER MAPPING
 *--------------------*/

static const uint8_t glyph_id_ofs_list_2[] = {
    0, 1, 2, 3, 4, 5, 6, 7,
    8, 0, 9, 10, 11, 12, 13, 14,
    15, 16, 17, 18, 19, 20, 21, 22,
    23, 24, 25, 26, 27, 0, 28
};

static const uint16_t unicode_list_4[] = {
    0x0, 0x4d50, 0x4d5a, 0x4d5b, 0x4d74, 0x4d7a, 0x4d7d, 0x4d8a,
    0x4d8b, 0x4d99, 0x4d9b, 0x4dde, 0x4e0a, 0x4e4b, 0x4e6a, 0x4e9d,
    0x4ea3, 0x4ecf, 0x4f2d, 0x4f31, 0x4f8c, 0x4f8e, 0x4fac, 0x501f,
    0x50b8, 0x50c3, 0x5102, 0x510b, 0x5116, 0x514a, 0x5156, 0x5167,
    0x516b, 0x516d, 0x5174, 0x5180, 0x5186, 0x5187, 0x519d, 0x51f1,
    0x51f8, 0x520f, 0x5266, 0x528a, 0x529a, 0x5321, 0x5326, 0x5328,
    0x533a, 0x5343, 0x5354, 0x535d, 0x535e, 0x5361, 0x5376, 0x537f,
    0x53dc, 0x55b8, 0x564e, 0x5656, 0x5678, 0x56a0, 0x56d2, 0x572f,
    0x574a, 0x5857, 0x5866, 0x5884, 0x58d2, 0x591b, 0x594f, 0x5aa7,
    0x5aa8, 0x5ab6, 0x5adc, 0x5adf, 0x5aea, 0x5aee, 0x5b09, 0x5b49,
    0x5b6d, 0x5b90, 0x5b95, 0x5b9f, 0x5ba5, 0x5d36, 0x5d42, 0x5d76,
    0x5d77, 0x5d88, 0x5da5, 0x5dc2, 0x5dc3, 0x5df6, 0x5e4a, 0x5e50,
    0x5e5f, 0x5e65, 0x5ea3, 0x5eb2, 0x5ed4, 0x5ed5, 0x5f27, 0x5f51,
    0x5f8b, 0x5fbf, 0x619b, 0x61b7, 0x61b9, 0x6251, 0x62b2, 0x62be,
    0x62f5, 0x62f7, 0x631f, 0x6320, 0x636c, 0x6394, 0x63e1, 0x647f,
    0x648e, 0x6498, 0x64c0, 0x64d7, 0x64ec, 0x64fd, 0x6500, 0x6509,
    0x6546, 0x657f, 0x658e, 0x65d2, 0x6644, 0x6650, 0x6659, 0x667a,
    0x667c, 0x66b1, 0x66d4, 0x66e0, 0x66ec, 0x6735, 0x6757, 0x6789,
    0x6796, 0x679c, 0x6810, 0x6971, 0x6a71, 0x6ab3, 0x6b05, 0x6b1f,
    0x6b3b, 0x6b84, 0x6c25, 0x6c9b, 0x6d41, 0x6fc0, 0x7009, 0x7206,
    0x72d7, 0x746f, 0x7478, 0x748b, 0x749c, 0x74a9, 0x75d4, 0x7626,
    0x763e, 0x7644, 0x7648, 0x7735, 0x7739, 0x788a, 0x7922, 0x7940,
    0x794b, 0x79ca, 0x7a76, 0x7a7c, 0x7a99, 0x7ace, 0x7ae7, 0x7be7,
    0x7c4b, 0x7c70, 0x7c72, 0x7df2, 0x7e0f, 0x7e16, 0x7e18, 0x7e1f,
    0x7e23, 0x7e28, 0x7e2f, 0x7e3d, 0x7e4f, 0x7e63, 0x7e79, 0x7ebe,
    0x7f53, 0x7fe8, 0x7ff9, 0x801c, 0x804d, 0x80a5, 0x80cf, 0x80d0,
    0x8110, 0x8112, 0x81c2, 0x8307, 0x842d, 0x85a1, 0x879c, 0x87b8,
    0x87fb, 0x88d1, 0x88d6, 0x8922, 0x8af1, 0x8b25, 0x8b36, 0x8b47,
    0x8bb1, 0x8cd5, 0x8d04, 0x8d43, 0x8dff, 0x8ebc, 0x8ee1, 0x8ee3,
    0x8ef8, 0x8f09, 0x8f0e, 0x8f17, 0x8f20, 0x8f2e, 0x8f40, 0x8f51,
    0x8f6a, 0x8f8b, 0x9038, 0x904d, 0x909d, 0x9117, 0x911f, 0x947e,
    0x9544, 0x9558, 0x956f, 0x9616, 0x9650, 0x96ae, 0x96b2, 0x99cc,
    0x99f8, 0x9a0c, 0x9a28, 0x9e21, 0xfe58, 0xfe59, 0xfe5c, 0xfe6a
};

/*Collect the unicode lists and glyph_id offsets*/
static const lv_font_fmt_txt_cmap_t cmaps[] =
{
    {
        .range_start = 32, .range_length = 4, .glyph_id_start = 1,
        .unicode_list = NULL, .glyph_id_ofs_list = NULL, .list_length = 0, .type = LV_FONT_FMT_TXT_CMAP_FORMAT0_TINY
    },
    {
        .range_start = 37, .range_length = 27, .glyph_id_start = 5,
        .unicode_list = NULL, .glyph_id_ofs_list = NULL, .list_length = 0, .type = LV_FONT_FMT_TXT_CMAP_FORMAT0_TINY
    },
    {
        .range_start = 65, .range_length = 31, .glyph_id_start = 32,
        .unicode_list = NULL, .glyph_id_ofs_list = glyph_id_ofs_list_2, .list_length = 31, .type = LV_FONT_FMT_TXT_CMAP_FORMAT0_FULL
    },
    {
        .range_start = 97, .range_length = 30, .glyph_id_start = 61,
        .unicode_list = NULL, .glyph_id_ofs_list = NULL, .list_length = 0, .type = LV_FONT_FMT_TXT_CMAP_FORMAT0_TINY
    },
    {
        .range_start = 176, .range_length = 65131, .glyph_id_start = 91,
        .unicode_list = unicode_list_4, .glyph_id_ofs_list = NULL, .list_length = 264, .type = LV_FONT_FMT_TXT_CMAP_SPARSE_TINY
    }
};

/*-----------------
 *    KERNING
 *----------------*/


/*Pair left and right glyphs for kerning*/
static const uint16_t kern_pair_glyph_ids[] =
{
    52, 34,
    52, 38,
    52, 45,
    52, 47,
    52, 49,
    52, 50,
    52, 52,
    52, 53,
    52, 55,
    52, 66,
    52, 80,
    52, 81,
    52, 82,
    53, 34,
    53, 38,
    53, 45,
    53, 47,
    53, 50,
    53, 52,
    53, 53,
    53, 66,
    53, 80,
    53, 81,
    53, 82,
    65, 49,
    65, 50,
    65, 52,
    65, 53,
    65, 55,
    65, 66,
    65, 80,
    65, 82,
    66, 49,
    66, 50,
    66, 52,
    66, 53,
    66, 55,
    66, 61,
    66, 65,
    66, 67,
    66, 75,
    66, 81,
    66, 82,
    71, 34,
    71, 38,
    71, 45,
    71, 47,
    71, 50,
    71, 52,
    71, 53,
    71, 55,
    71, 61,
    71, 65,
    71, 66,
    71, 67,
    71, 75,
    71, 81,
    74, 80,
    78, 49,
    78, 50,
    78, 52,
    78, 53,
    78, 55,
    78, 61,
    78, 65,
    78, 66,
    78, 67,
    78, 75,
    78, 80,
    80, 49,
    80, 50,
    80, 52,
    80, 53,
    80, 55,
    80, 61,
    80, 65,
    80, 67,
    80, 75,
    80, 82
};

/* Kerning between the respective left and right glyphs
 * 4.4 format which needs to scaled with `kern_scale`*/
static const int8_t kern_pair_values[] =
{
    -11, -11, -11, -11, 2, 11, 9, 5,
    6, -15, -14, -25, -13, -8, -8, -8,
    -8, 11, 5, 8, -4, -6, -11, -8,
    2, -49, -31, -15, -52, 10, 6, -1,
    9, 10, 5, 7, 8, -8, -8, -8,
    -8, -6, 9, -7, -7, -7, -7, -47,
    -26, -14, -41, -15, -15, -2, -15, -15,
    -5, -3, 8, -51, -16, -5, -28, -5,
    -5, 12, -5, -5, 10, 4, -44, -22,
    -11, -34, -4, -4, -4, -4, 5
};

/*Collect the kern pair's data in one place*/
static const lv_font_fmt_txt_kern_pair_t kern_pairs =
{
    .glyph_ids = kern_pair_glyph_ids,
    .values = kern_pair_values,
    .pair_cnt = 79,
    .glyph_ids_size = 1
};

/*--------------------
 *  ALL CUSTOM DATA
 *--------------------*/

#if LVGL_VERSION_MAJOR == 8
/*Store all the custom data of the font*/
static  lv_font_fmt_txt_glyph_cache_t cache;
#endif

#if LVGL_VERSION_MAJOR >= 8
static const lv_font_fmt_txt_dsc_t font_dsc = {
#else
static lv_font_fmt_txt_dsc_t font_dsc = {
#endif
    .glyph_bitmap = glyph_bitmap,
    .glyph_dsc = glyph_dsc,
    .cmaps = cmaps,
    .kern_dsc = &kern_pairs,
    .kern_scale = 16,
    .cmap_num = 5,
    .bpp = 2,
    .kern_classes = 0,
    .bitmap_format = 0,
#if LVGL_VERSION_MAJOR == 8
    .cache = &cache
#endif
};



/*-----------------
 *  PUBLIC FONT
 *----------------*/

/*Initialize a public general font descriptor*/
#if LVGL_VERSION_MAJOR >= 8
const lv_font_t font_dingding = {
#else
lv_font_t font_dingding = {
#endif
    .get_glyph_dsc = lv_font_get_glyph_dsc_fmt_txt,    /*Function pointer to get glyph's data*/
    .get_glyph_bitmap = lv_font_get_bitmap_fmt_txt,    /*Function pointer to get glyph's bitmap*/
    .line_height = 33,          /*The maximum line height required by the font*/
    .base_line = 7,             /*Baseline measured from the bottom of the line*/
#if !(LVGL_VERSION_MAJOR == 6 && LVGL_VERSION_MINOR == 0)
    .subpx = LV_FONT_SUBPX_NONE,
#endif
#if LV_VERSION_CHECK(7, 4, 0) || LVGL_VERSION_MAJOR >= 8
    .underline_position = -2,
    .underline_thickness = 2,
#endif
    .dsc = &font_dsc,          /*The custom font data. Will be accessed by `get_glyph_bitmap/dsc` */
#if LV_VERSION_CHECK(8, 2, 0) || LVGL_VERSION_MAJOR >= 9
    .fallback = NULL,
#endif
    .user_data = NULL,
};



#endif /*#if FONT_DINGDING*/

